NumHAcceptors,NumHDonors,anchor_end_PA,anchor_end_SA,anchor_end_CA,anchor_end_BA,anchor_end_O,anchor_end_SiO,anchor_end_N,anchor_end_S,alkyl_num,frag_sym,HOMO_calc,LUMO_calc,dipole,MPI,surface_min,surface_max,TPSA,MolLogP,PSA,control_PCE,MetalOxide_ITO,MetalOxide_NiOx,MetalOxide_SnO2,MetalOxide_TiO2,MetalOxide_ZnO
-0.045653849840164185,-0.006758721545338631,-0.05906422436237335,0.0,0.04612406715750694,0.0,-0.0009590102126821876,0.0,-0.014130482450127602,0.0,-0.01969802752137184,-0.017000436782836914,0.08417059481143951,-0.16966572403907776,0.024033671244978905,0.20047737658023834,0.08683055639266968,0.33999699354171753,-0.025013983249664307,0.029688822105526924,-0.08682165294885635,0.07654750347137451,0.0,-0.05907275155186653,0.002511716680601239,0.05179489031434059,0.0
0.08107898384332657,-0.006009044591337442,-0.05252985283732414,0.0,0.037887267768383026,0.0,-0.000385460676625371,0.0,-0.015705494210124016,0.0,-0.041993699967861176,-0.021150100976228714,0.305565744638443,-0.24503231048583984,-0.2048666626214981,-0.09973324090242386,-0.15716785192489624,0.1500047743320465,0.012192055583000183,-0.0075812977738678455,0.07443974912166595,-0.01980901136994362,0.0,-0.08866094797849655,-0.008272375911474228,0.04580782353878021,0.0
0.07920358330011368,-0.004441032651811838,-0.06742479652166367,0.0,0.04295794665813446,0.0,-0.0005706616793759167,0.0,-0.012915072031319141,0.0,-0.24552999436855316,-0.0065360041335225105,0.39137759804725647,0.2047092318534851,0.1636892706155777,-0.004863378591835499,0.11513704806566238,0.23225897550582886,0.059603165835142136,0.1914188712835312,0.10360395163297653,0.0823964923620224,0.0,-0.044333141297101974,-0.0005894116475246847,0.051809992641210556,0.0
0.06880929321050644,-0.012261005118489265,0.013582032173871994,0.0,0.11072313040494919,0.0,-0.00427926005795598,0.0,-0.013627574779093266,0.0,0.041187629103660583,0.012996061705052853,-0.08901751786470413,0.08599653840065002,-0.02970143035054207,0.01598643884062767,0.02399074286222458,-0.1746758222579956,0.061659812927246094,0.08142653107643127,-0.10314511507749557,0.21502964198589325,0.0,0.021737001836299896,-0.041568174958229065,-0.15722700953483582,0.0
0.040866415947675705,-9.327696170657873e-05,0.011414785869419575,0.0,0.07531745731830597,0.0,-0.0009590102126821876,0.0,-0.014242356643080711,0.0,0.04993784800171852,0.013164595700800419,-0.26268476247787476,0.1063661277294159,0.07356884330511093,-0.0007725561154074967,0.029641302302479744,0.2006540149450302,0.05429308861494064,0.08983642607927322,-0.0940166637301445,0.3199489414691925,0.0,0.016321251168847084,-0.0008854428306221962,-0.15859796106815338,0.0
-0.04393439367413521,-0.004469003062695265,0.012626457028090954,0.0,-0.05865459889173508,0.0,-0.0009590102126821876,0.0,-0.01896420493721962,0.0,0.036917075514793396,-0.029464760795235634,-0.09884751588106155,0.002831635531038046,-0.018064213916659355,0.049932874739170074,-0.09283207356929779,-0.11053508520126343,-0.05973457917571068,-0.12372782081365585,0.2391739785671234,-0.6364912986755371,0.0,0.0002329009585082531,0.02780735306441784,0.05812996253371239,0.0
-0.020131777971982956,0.00029806792736053467,0.008488357067108154,0.0,-0.029985371977090836,0.0,-0.0009590102126821876,0.0,-0.01282346062362194,0.0,0.03535783290863037,-0.02808954194188118,0.024485329166054726,0.0916738510131836,-0.009618811309337616,0.17549653351306915,-0.0952911525964737,0.28485891222953796,0.0018947192002087831,0.0573706217110157,0.18019525706768036,-0.6745501160621643,0.0,0.013590749353170395,-0.00858350284397602,0.03987635299563408,0.0
-0.033710919320583344,-0.00496398052200675,0.009237980470061302,0.0,-0.06936510652303696,0.0,-0.0009590102126821876,0.0,-0.014738738536834717,0.0,0.0347568616271019,-0.026872307062149048,-0.11543277651071548,0.057821232825517654,0.07739779353141785,-0.05470681190490723,0.016919845715165138,0.18212030827999115,0.023175250738859177,-0.10131245106458664,-0.07014250755310059,-0.7992501258850098,0.0,0.03489939868450165,0.02495727129280567,0.05762214958667755,0.0
-0.07882986217737198,0.000155705027282238,0.009804846718907356,0.0,-0.14701437950134277,0.0,-0.00427926005795598,0.0,-0.01845702901482582,0.0,0.029837435111403465,-0.0663805902004242,-0.1929686963558197,-0.3013104796409607,-0.09225296974182129,-0.248505637049675,0.04133160412311554,-0.39183950424194336,0.0007925939280539751,-0.19474801421165466,-0.1464272439479828,-0.8217872381210327,0.0,0.05397721379995346,0.0329621359705925,0.04981124401092529,0.0
-0.05258750915527344,0.0041148606687784195,0.008965551853179932,0.0,-0.08196166902780533,0.0,-0.0020801019854843616,0.0,-0.01987004466354847,0.0,-0.025518033653497696,-0.05925869941711426,-0.15736046433448792,-0.03280891478061676,0.008446259424090385,-0.19296161830425262,-0.08355632424354553,-0.19235071539878845,-0.006657078396528959,0.0028925836086273193,0.1187376007437706,-0.619458794593811,0.0,0.002295298036187887,-0.015269991010427475,0.0468454584479332,0.0
-0.0484987236559391,0.0006464040488936007,0.014873025007545948,0.0,-0.11708224564790726,0.0,-0.0020801019854843616,0.0,-0.01987900212407112,0.0,-0.018190089613199234,-0.0371708907186985,-0.12469765543937683,0.010801875032484531,0.07663731276988983,-0.1210792288184166,-0.03940587490797043,-0.18697844445705414,0.006015707738697529,0.11101286858320236,0.16163098812103271,0.9812950491905212,0.0,0.002601542277261615,0.01747872121632099,-0.17464056611061096,0.0
-0.03736025094985962,-0.011937803588807583,0.012626457028090954,0.0,-0.0693601593375206,0.0,-0.0009590102126821876,0.0,-0.01972760260105133,0.0,0.036529555916786194,-0.03306770324707031,-0.13032713532447815,-0.05611445754766464,-0.000827498733997345,0.0950821191072464,-0.056570086628198624,-0.1595834642648697,-0.08030422776937485,-0.13234788179397583,0.2724509537220001,-0.20712991058826447,0.0,-0.010579019784927368,-0.023578938096761703,0.06973765045404434,0.0
-0.08467299491167068,0.005713009741157293,0.009804846718907356,0.0,-0.15182137489318848,0.0,-0.00427926005795598,0.0,-0.02067413181066513,0.0,0.025970613583922386,-0.07092290371656418,-0.18027448654174805,-0.32119277119636536,-0.15077205002307892,-0.26927512884140015,-0.002671984024345875,-0.46159887313842773,0.012450400739908218,-0.18718872964382172,-0.17383228242397308,-0.4068235456943512,0.0,-0.12330439686775208,-0.03537505865097046,0.05924004688858986,0.0
-0.09249943494796753,-0.008852874860167503,0.01047789677977562,0.0,-0.1552029848098755,0.0,-0.00427926005795598,0.0,-0.020502785220742226,0.0,0.031172435730695724,-0.06532373279333115,-0.24390006065368652,-0.2028951346874237,-0.036055296659469604,-0.16903945803642273,-0.025169190019369125,-0.39349016547203064,-0.0253739133477211,-0.2331661731004715,-0.22152653336524963,-0.4242788553237915,0.0,-0.07102642208337784,-0.03251104801893234,0.06677204370498657,0.0
-0.03495028614997864,-0.003471040865406394,0.011941397562623024,0.0,-0.04519934952259064,0.0,-0.0009590102126821876,0.0,-0.018332714214920998,0.0,0.037560541182756424,-0.028944218531250954,0.05885232612490654,0.005400819703936577,0.017237141728401184,0.07129095494747162,0.12532630562782288,-0.08575882017612457,-0.06912768632173538,-0.17345936596393585,0.27454301714897156,-0.1296224445104599,0.0,0.00698834890499711,-0.040093086659908295,0.06923684477806091,0.0
-0.0290265753865242,-0.003471040865406394,0.014457087963819504,0.0,-0.04866524785757065,0.0,-0.0006248077261261642,0.0,-0.017979077994823456,0.0,0.04423892870545387,-0.025526585057377815,0.06852153688669205,0.12035469710826874,0.03663787618279457,0.10346490889787674,0.1668243408203125,-0.032144248485565186,-0.03808656707406044,-0.15271273255348206,0.29532214999198914,-0.061078112572431564,0.0,0.030514046549797058,-0.007198084611445665,0.07088828086853027,0.0
-0.039378803223371506,-0.002423577243462205,0.009608041495084763,0.0,0.054066162556409836,0.0,-0.0006248077261261642,0.0,-0.013609652407467365,0.0,0.05659182369709015,-0.0247426126152277,-0.014569449238479137,0.040476638823747635,-0.09809575229883194,-0.1293496936559677,-0.02291220612823963,0.19911688566207886,-0.02454494871199131,0.028614003211259842,-0.1324692815542221,0.5565750002861023,0.0,-0.0003334837965667248,0.03503142669796944,0.03258185088634491,0.0
-0.03408108279109001,0.0007213822100311518,0.010787530802190304,0.0,0.04697534814476967,0.0,-0.0009590102126821876,0.0,-0.013609652407467365,0.0,0.05228252708911896,-0.021587353199720383,-0.027263866737484932,-0.1847139447927475,-0.020371265709400177,-0.08926177024841309,0.012948490679264069,0.2132418304681778,-0.01147710531949997,0.043257441371679306,0.10588164627552032,0.5532085299491882,0.0,0.015208566561341286,0.022917626425623894,0.035516396164894104,0.0
-0.033321231603622437,-0.004299652297049761,0.01011953316628933,0.0,0.0514463447034359,0.0,-0.0009590102126821876,0.0,-0.013528112322092056,0.0,0.05648898705840111,-0.022024350240826607,-0.09106307476758957,-0.21325768530368805,-0.03677407652139664,-0.1451021283864975,-0.0063950130715966225,0.23331642150878906,-0.024895798414945602,0.014916359446942806,-0.12258582562208176,0.49336013197898865,0.0,0.010243810713291168,0.02136111631989479,0.028960194438695908,0.0
-0.06773682683706284,-0.0036498296540230513,-0.09816831350326538,0.0,0.05035211890935898,0.0,-0.000545923481695354,0.0,-0.018449561670422554,0.0,-0.3187501132488251,-0.028167398646473885,-0.09402229636907578,-0.26464349031448364,-0.018602536991238594,-0.09697222709655762,-0.07910271733999252,-0.09978827834129333,0.02839895710349083,-0.23600347340106964,-0.20955871045589447,0.5094538331031799,0.0,0.0484321266412735,-0.07406222820281982,-0.20485268533229828,0.0
-0.04891856387257576,-0.0015867019537836313,-0.0756601095199585,0.0,0.057493969798088074,0.0,-0.0004001583147328347,0.0,-0.021033823490142822,0.0,-0.3030587434768677,-0.018524596467614174,-0.26469671726226807,0.03146461397409439,-0.09733518958091736,-0.16238419711589813,-0.1419975757598877,-0.1832093894481659,0.03473881632089615,-0.08540868014097214,0.22118733823299408,0.5667940974235535,0.0,0.029290802776813507,-0.030586661770939827,-0.20550796389579773,0.0
-0.04062063619494438,-0.000585338391829282,-0.10524658113718033,0.0,0.05341499298810959,0.0,-0.0009590102126821876,0.0,-0.018449561670422554,0.0,-0.3273191452026367,-0.020700933411717415,-0.06695054471492767,-0.249899223446846,0.05910145491361618,-0.041256651282310486,0.037100650370121,0.33494168519973755,0.022494398057460785,-0.14463254809379578,-0.13953831791877747,0.5962409973144531,0.0,0.05368883162736893,-0.014770940877497196,-0.18820486962795258,0.0
-0.0787278339266777,0.0016493282746523619,-0.09701555967330933,0.0,0.07929287105798721,0.0,-0.0004001583147328347,0.0,-0.016576707363128662,0.0,-0.041963059455156326,-0.05044649541378021,-0.13800373673439026,0.0479479655623436,0.04754822701215744,0.05924408882856369,-0.05224526301026344,-0.07674692571163177,-0.011494744569063187,0.13743090629577637,-0.12129762023687363,0.8303467631340027,0.0,0.04643259197473526,-0.019684189930558205,-0.1556452512741089,0.0
-0.0335785374045372,6.71677989885211e-05,-0.05742008984088898,0.0,0.062396008521318436,0.0,-0.0009590102126821876,0.0,-0.016594694927334785,0.0,0.04167477786540985,-0.026436086744070053,0.040403760969638824,0.04778344929218292,-0.10105613619089127,0.05790981650352478,0.0878090187907219,0.32714608311653137,0.038101036101579666,0.062153786420822144,-0.09426727145910263,0.727741539478302,0.0,0.035005953162908554,0.008950530551373959,-0.12477369606494904,0.0
-0.03718845918774605,1.780100865289569e-05,-0.09918799251317978,0.0,0.07803581655025482,0.0,-0.0006248077261261642,0.0,-0.01826327294111252,0.0,-0.029634492471814156,-0.0290360227227211,-0.051185790449380875,0.02723970077931881,0.1309916228055954,0.090321384370327,0.14822152256965637,0.4554082155227661,0.028475908562541008,-0.059012677520513535,-0.07749710977077484,0.7937009930610657,0.0,0.04029282182455063,0.0013303498271852732,-0.18329139053821564,0.0
0.07830607146024704,0.004863327369093895,0.01114535704255104,0.0,-0.07902701199054718,0.0,-0.000545923481695354,0.0,-0.01369480974972248,0.0,0.03703312203288078,0.05259043350815773,-0.010668563656508923,0.16480852663516998,0.008904673159122467,-0.10949765890836716,-0.14676116406917572,0.1126399114727974,0.0030297718476504087,-0.05244123190641403,0.05867336690425873,0.030639441683888435,0.0,0.04023515805602074,-0.013710652478039265,-0.25988268852233887,0.0
0.11626362055540085,-0.0060088662430644035,0.013570884242653847,0.0,-0.08459019660949707,0.0,-0.000545923481695354,0.0,-0.01673002541065216,0.0,0.04041527211666107,0.05911732465028763,0.09386498481035233,-0.04498390853404999,-0.0373096726834774,-0.03814535588026047,-0.013955408707261086,0.00466281920671463,0.007983596995472908,-0.07302729785442352,-0.12913696467876434,-0.04409731552004814,0.0,0.04628759250044823,-0.05902741104364395,0.06379245221614838,0.0
0.12268848717212677,-0.005039242561906576,0.011673619970679283,0.0,-0.09583617746829987,0.0,-0.0007614208734594285,0.0,-0.014941895380616188,0.0,0.04399776831269264,0.04059094563126564,0.4296938180923462,0.17609943449497223,-0.009660677053034306,-0.04673204571008682,-0.13674652576446533,-0.10220476239919662,0.04695037007331848,0.24097205698490143,0.1251828372478485,-0.011651859618723392,0.0,0.037926238030195236,-0.034983471035957336,0.0656876415014267,0.0
-0.03135635703802109,0.0067531643435359,0.008918571285903454,0.0,-0.027820801362395287,0.0,-0.0009590102126821876,0.0,-0.01735221967101097,0.0,0.033548448234796524,-0.018687114119529724,-0.18521219491958618,0.15242548286914825,-0.00665214704349637,0.03732658177614212,0.05679001286625862,0.15785184502601624,-0.051143087446689606,0.03721737116575241,0.18082372844219208,-0.34279656410217285,0.0,-0.00619549909606576,0.01758367009460926,0.05340690165758133,0.0
-0.049465879797935486,-0.003712480189278722,0.012626457028090954,0.0,-0.09160769730806351,0.0,-0.00427926005795598,0.0,-0.01896420493721962,0.0,0.031007440760731697,-0.024527406319975853,0.007286905776709318,0.0037957814056426287,-0.023910025134682655,0.019683057442307472,-0.0536804124712944,-0.22650820016860962,-0.06554567813873291,-0.11562687903642654,0.20233798027038574,-0.3383721113204956,0.0,-0.004670610651373863,0.035749759525060654,0.06186557561159134,0.0
-0.029111074283719063,-0.004111891612410545,0.0069096889346838,0.0,-0.05252213031053543,0.0,-0.0009590102126821876,0.0,-0.018426503986120224,0.0,0.029476596042513847,0.033942416310310364,-0.218415305018425,0.1476699858903885,-0.007167089730501175,-0.10612063854932785,-0.08396688848733902,0.30510881543159485,-0.021782172843813896,-0.11746056377887726,-0.15368196368217468,-0.41376110911369324,0.0,0.013382421806454659,0.025584988296031952,0.05905796214938164,0.0
-0.0191146619617939,0.010860211215913296,0.011004888452589512,0.0,0.038121290504932404,0.0,-0.0009590102126821876,0.0,-0.016740398481488228,0.0,0.05594969168305397,-0.008798264898359776,-0.17466473579406738,0.10415160655975342,0.11547772586345673,-0.012847715057432652,0.14547444880008698,0.1875489205121994,0.021539125591516495,-0.02402747981250286,-0.05458752065896988,0.09234067052602768,0.0,-0.046460770070552826,-0.015292845666408539,0.05116204544901848,0.0
0.05684228986501694,-0.0015743423718959093,0.010520954616367817,0.0,0.07231114059686661,0.0,-0.0006248077261261642,0.0,-0.013962049037218094,0.0,0.05937323719263077,-0.033473480492830276,0.06792682409286499,0.11396204680204391,0.06908148527145386,-0.021378053352236748,0.00824787374585867,0.20863644778728485,0.022372659295797348,0.12966464459896088,-0.12106131762266159,0.8926770687103271,0.0,0.003533455077558756,0.03623079136013985,-0.1122729629278183,0.0
0.0724845826625824,0.0020916960202157497,0.009705694392323494,0.0,0.0830477625131607,0.0,-0.0006248077261261642,0.0,-0.011964969336986542,0.0,0.05725957080721855,-0.017335155978798866,0.12789231538772583,0.09669734537601471,-0.04176127538084984,-0.01752554066479206,-0.014138306491076946,0.2086741030216217,0.05221013352274895,0.12469885498285294,-0.11159859597682953,0.7790572643280029,0.0,0.008328133262693882,0.02845260128378868,-0.12848220765590668,0.0
0.08268525451421738,0.0036095052491873503,0.011447570286691189,0.0,0.07718687504529953,0.0,-0.0004001583147328347,0.0,-0.012513591907918453,0.0,0.04870859533548355,-0.023641087114810944,0.10046522319316864,0.07296822965145111,-0.03247896209359169,-0.012120256200432777,-0.12881796061992645,0.20265722274780273,-0.007861722260713577,0.13066400587558746,-0.12413905560970306,0.792046844959259,0.0,0.037582963705062866,0.0006823434378020465,-0.1330619752407074,0.0
-0.035967517644166946,0.0022682053968310356,0.013475783169269562,0.0,-0.08027476817369461,0.0,-0.0006248077261261642,0.0,-0.016847968101501465,0.0,0.04771816357970238,-0.024939721450209618,-0.03804270550608635,0.01362227275967598,-0.0191457811743021,0.022771796211600304,-0.02849762514233589,-0.07492247968912125,0.009178427048027515,0.10709474980831146,0.11463750898838043,0.8740465641021729,0.0,0.00781426951289177,-0.006795294117182493,-0.16543161869049072,0.0
-0.03247152268886566,-0.00016026111552491784,0.013796430081129074,0.0,-0.07445182651281357,0.0,-0.0006248077261261642,0.0,-0.014314388856291771,0.0,0.040573205798864365,0.018952129408717155,0.009002899751067162,0.14609965682029724,0.11149027198553085,-0.11069000512361526,0.15670350193977356,-0.00041747349314391613,0.01083336677402258,0.08537706732749939,0.25875020027160645,0.8357186913490295,0.0,0.004711836576461792,0.00885411910712719,-0.1938449591398239,0.0
-0.08274086564779282,-0.003742869943380356,0.01405396033078432,0.0,-0.1367371380329132,0.0,-0.0006248077261261642,0.0,-0.020815890282392502,0.0,-0.3107364773750305,-0.04360967129468918,-0.18227793276309967,-0.0170432236045599,0.02594490721821785,-0.12834955751895905,0.0015869691269472241,-0.24863356351852417,0.005411786027252674,0.16167989373207092,-0.18709547817707062,0.5824265480041504,0.0,0.022311383858323097,-0.035852301865816116,-0.20837335288524628,0.0
-0.018758922815322876,0.010720396414399147,0.013277615420520306,0.0,-0.06532023102045059,0.0,-0.0009590102126821876,0.0,-0.01834133453667164,0.0,0.04504973441362381,0.029270218685269356,-0.030778367072343826,0.037404704838991165,0.016615644097328186,0.045958176255226135,-0.04630472883582115,-0.05932411551475525,-0.03979711979627609,-0.13983269035816193,0.1537138670682907,-0.020943688228726387,0.0,0.011401762254536152,-0.023794803768396378,-0.2896016538143158,0.0
0.060831181704998016,-0.004002404864877462,-0.05489913374185562,0.0,0.050987761467695236,0.0,-0.0009590102126821876,0.0,-0.014645721763372421,0.0,-0.2364218831062317,-0.01659611612558365,0.3817901313304901,-0.1528031975030899,0.08223285526037216,0.18556730449199677,0.15157023072242737,0.3073548376560211,0.023027651011943817,0.1713908463716507,-0.04844624549150467,0.08020056039094925,0.0,0.0005783441010862589,0.0029657611157745123,0.05307402461767197,0.0
0.10511502623558044,0.006356510799378157,0.011405806988477707,0.0,-0.04748283699154854,0.0,-0.0006248077261261642,0.0,-0.011421347968280315,0.0,0.006113343872129917,0.03854847326874733,0.08875879645347595,0.06670711934566498,0.03438664972782135,-0.020088989287614822,0.07556478679180145,0.09942988306283951,0.028134038671851158,0.05849192291498184,-0.08195352554321289,-0.011476662009954453,0.0,0.00878361240029335,0.02472016029059887,0.045786432921886444,0.0
0.10511502623558044,0.0013550613075494766,0.011405806988477707,0.0,-0.05409260094165802,0.0,-0.0006248077261261642,0.0,-0.015088081359863281,0.0,0.010473199188709259,0.03854847326874733,0.11560208350419998,0.07471499592065811,0.02896849438548088,-0.03552871569991112,0.07126491516828537,0.06296229362487793,0.02332255057990551,0.059985481202602386,-0.10418695956468582,-0.08031759411096573,0.0,0.009172767400741577,-0.033021580427885056,0.044647183269262314,0.0
-0.06001715734601021,0.008458646014332771,0.012995440512895584,0.0,0.061915505677461624,0.0,0.00353815290145576,0.0,-0.00848306156694889,0.0,0.040504090487957,-0.01586226001381874,-0.04883714020252228,-0.20988066494464874,0.07212182134389877,0.021600930020213127,-0.16666026413440704,-0.1461927741765976,-0.006336655467748642,0.07849720120429993,-0.12918859720230103,0.10164964944124222,0.0,0.034741658717393875,0.039166927337646484,0.046879373490810394,0.0
0.04941514506936073,0.0003071629907935858,0.014271031133830547,0.0,0.0896666944026947,0.0,-0.0020801019854843616,0.0,-0.014560166746377945,0.0,-0.05830324813723564,-0.04536775127053261,0.04737047478556633,0.10393764823675156,0.0136055713519454,0.0957307294011116,0.09626539051532745,-0.08426504582166672,-0.001363789546303451,-0.13093037903308868,0.25423189997673035,0.36621740460395813,0.0,0.010580847039818764,-0.02775607444345951,0.06726779043674469,0.0
0.05441546440124512,0.003741648979485035,0.010420350357890129,0.0,0.07253492623567581,0.0,0.0015967306680977345,0.0,0.05324990302324295,0.0,-0.029537033289670944,0.056064873933792114,0.0787649005651474,0.05069531872868538,0.08148236572742462,-0.13397274911403656,0.08003129810094833,0.16473475098609924,0.007973290048539639,0.009068263694643974,-0.06559476256370544,0.3274889290332794,0.0,0.009555226191878319,-0.027221307158470154,0.04610489308834076,0.0
0.03810860216617584,0.0037715714424848557,0.013734680600464344,0.0,0.07551386207342148,0.0,0.005315816029906273,0.0,0.08536607027053833,0.0,-0.019338032230734825,-0.019755808636546135,0.11989214271306992,0.20712386071681976,0.09986628592014313,0.19424237310886383,0.18450969457626343,-0.1294030249118805,0.022436292842030525,0.09283052384853363,0.26836615800857544,0.846664309501648,0.0,-0.0019113910384476185,0.04546615481376648,0.04674692451953888,0.0
0.07933864742517471,0.0011903084814548492,0.010956044308841228,0.0,0.06960012018680573,0.0,-0.0013844945933669806,0.0,-0.008672020398080349,0.0,-0.031963858753442764,-0.0251157283782959,0.07109498232603073,0.1161775067448616,0.03297699615359306,-0.09621913731098175,-0.14507688581943512,-0.21696199476718903,0.010583918541669846,-0.047892309725284576,-0.07779985666275024,0.025825418531894684,0.0,0.05766586586833,0.020019125193357468,0.030537482351064682,0.0
-0.021974612027406693,-0.00043644034303724766,0.013076094910502434,0.0,0.11283736675977707,0.0,0.005315816029906273,0.0,0.08781705051660538,0.0,-0.019364940002560616,-0.028135942295193672,0.1343529373407364,0.13246409595012665,-0.035112276673316956,-0.011790703982114792,0.038414038717746735,-0.11894644796848297,0.021465735509991646,0.11932495981454849,0.315446138381958,0.6433866620063782,0.0,0.024631815031170845,0.020869793370366096,-0.2128870040178299,0.0
0.028600502759218216,-0.007617221213877201,0.01121530681848526,0.0,-0.06756583601236343,0.0,-0.0009590102126821876,0.0,-0.0180924441665411,0.0,0.04390797019004822,0.016718951985239983,-0.1848749965429306,0.1875939816236496,0.086275115609169,-0.05580045282840729,0.006833004765212536,0.2981063723564148,0.048921044915914536,0.05805100128054619,-0.08663944154977798,-0.05898056551814079,0.0,0.016692206263542175,-0.022210324183106422,-0.18956413865089417,0.0
0.025071056559681892,-0.004920609295368195,0.012986065819859505,0.0,-0.054049357771873474,0.0,-0.0009590102126821876,0.0,-0.013423527590930462,0.0,0.04003801569342613,0.02168554998934269,-0.010270862840116024,0.03388258442282677,-0.017222171649336815,-0.078341044485569,0.12042580544948578,0.11251567304134369,0.012789602391421795,-0.07771005481481552,-0.08788788318634033,-0.03572782874107361,0.0,0.023670388385653496,0.00899241492152214,0.05622006207704544,0.0
0.06784270703792572,0.0009948957012966275,0.012288729660212994,0.0,-0.05366013944149017,0.0,-0.0006248077261261642,0.0,-0.010808002203702927,0.0,0.05406607314944267,0.04005545377731323,0.12480344623327255,0.04432806000113487,0.021851807832717896,-0.03738836944103241,-0.03522716462612152,-0.02477307617664337,-0.002593781566247344,-0.015621938742697239,-0.05588681995868683,-0.07754313200712204,0.0,0.0010793532710522413,0.0029250853694975376,0.04029727354645729,0.0
0.09742410480976105,0.0006224543321877718,0.013333562761545181,0.0,-0.06119031459093094,0.0,-0.0009590102126821876,0.0,-0.014042259193956852,0.0,0.04088011384010315,0.031093301251530647,0.1794901341199875,-0.03332585468888283,0.019165469333529472,0.038021452724933624,0.0010283286683261395,-0.091458760201931,0.03932832181453705,0.13649004697799683,-0.08086345344781876,0.03358423709869385,0.0,-0.027490325272083282,-0.03526298329234123,0.0584719255566597,0.0
-0.04849787428975105,-0.007238775957375765,0.010298464447259903,0.0,0.05643090605735779,0.0,-0.0009590102126821876,0.0,-0.015261365100741386,0.0,0.06237300485372543,0.05150013417005539,0.015793105587363243,-0.1354743093252182,0.05911901220679283,0.08177109807729721,0.09700393676757812,0.28077131509780884,0.002509794197976589,0.05070846527814865,-0.05131196975708008,0.06606673449277878,0.0,-0.010457079857587814,0.03290044516324997,0.03475097566843033,0.0
-0.023783093318343163,0.00326677318662405,0.010403557680547237,0.0,0.0761481374502182,0.0,-0.00427926005795598,0.0,-0.017357608303427696,0.0,0.040936972945928574,0.02400078810751438,-0.05335857719182968,-0.0498494952917099,-0.06666123867034912,0.13424590229988098,0.08426471054553986,-0.2222125381231308,-0.010210367850959301,0.01812753453850746,0.22285616397857666,-0.07601529359817505,0.0,-0.0018545470666140318,-0.00323911989107728,0.035032615065574646,0.0
-0.04325534775853157,0.002473701722919941,0.014866922982037067,0.0,0.07433641701936722,0.0,-0.00427926005795598,0.0,-0.015626581385731697,0.0,0.04682811349630356,0.014446122571825981,0.014578699134290218,0.03749722242355347,0.03089209273457527,-0.16278086602687836,0.031086720526218414,-0.2422129064798355,-0.012465789914131165,-0.03852582722902298,-0.13201095163822174,0.05510099604725838,0.0,-0.07632938772439957,-0.05286237597465515,0.043112803250551224,0.0
-0.0657835304737091,-0.0008869161829352379,0.014328546822071075,0.0,-0.08600779622793198,0.0,-0.0013844945933669806,0.0,-0.018804218620061874,0.0,0.03891699016094208,0.019755948334932327,0.03698417544364929,0.10122374445199966,0.06258481740951538,-0.06827874481678009,-0.09094380587339401,-0.3735678493976593,-0.05902859568595886,-0.093032106757164,-0.07672876864671707,0.05123094096779823,0.0,-0.12388122081756592,-0.07469021528959274,0.05939062684774399,0.0
0.1023738905787468,0.0019488957477733493,0.012588058598339558,0.0,0.04075203090906143,0.0,0.0010226268786936998,0.0,-0.009777091443538666,0.0,0.046122413128614426,0.059750035405159,0.1491106003522873,0.05378005653619766,0.04456223547458649,-0.05095052346587181,-0.02451956830918789,0.09683874249458313,0.028615877032279968,0.008633087389171124,-0.07597613334655762,-0.06149069964885712,0.0,0.03994160518050194,0.03813542425632477,0.03719460964202881,0.0
-0.031204592436552048,-0.009745321236550808,0.006129465065896511,0.0,-0.03066938742995262,0.0,-0.0005661839386448264,0.0,-0.014818676747381687,0.0,0.04825017973780632,-0.019666310399770737,-0.10691739618778229,0.15339398384094238,-0.11751149594783783,-0.07569558918476105,-0.030031397938728333,0.03773380443453789,0.04823438823223114,-0.07201121002435684,0.055729929357767105,-0.09986278414726257,0.0,0.007663884200155735,0.023827429860830307,0.043639108538627625,0.0
-0.029295464977622032,-0.00879441574215889,0.008551754988729954,0.0,-0.041617006063461304,0.0,-0.0006248077261261642,0.0,-0.013427548110485077,0.0,-0.0161830373108387,-0.011462695896625519,-0.15164385735988617,-0.035159822553396225,0.023477032780647278,-0.06401701271533966,0.04053638130426407,0.2064153403043747,-0.008092106319963932,-0.0806761160492897,-0.11345919966697693,-0.1749545931816101,0.0,-0.00031995330937206745,0.00013800140004605055,0.040253568440675735,0.0
-0.03677535429596901,-0.012169141322374344,0.007972761988639832,0.0,-0.04191054031252861,0.0,-0.0004126507556065917,0.0,-0.014930698089301586,0.0,-0.05608750507235527,-0.023384898900985718,-0.2477274388074875,-0.04600591957569122,-0.1966293454170227,-0.12019019573926926,0.003195810364559293,0.04934976249933243,0.0032929670996963978,-0.052160508930683136,-0.11761403828859329,-0.13787487149238586,0.0,0.0016292495420202613,0.028545571491122246,0.045732416212558746,0.0
-0.060133833438158035,0.00556210009381175,0.011453835293650627,0.0,-0.05285013094544411,0.0,-0.0004001583147328347,0.0,-0.010084036737680435,0.0,-0.018341336399316788,0.0638384222984314,0.02065442129969597,-0.014056535437703133,0.05606190115213394,-0.08658096939325333,-0.17008085548877716,0.31498464941978455,-0.002063293708488345,0.02159970812499523,-0.05182182043790817,-0.05827690660953522,0.0,0.04628780856728554,0.006195211783051491,0.04018925875425339,0.0
0.04991011321544647,0.005473164841532707,0.010479104705154896,0.0,-0.04316648468375206,0.0,-0.0004001583147328347,0.0,-0.010099167004227638,0.0,0.040618449449539185,0.05362214520573616,-0.13266247510910034,-0.06294658035039902,0.010280722752213478,-0.08189238607883453,-0.21708200871944427,0.12767478823661804,-0.023905696347355843,-0.02284766361117363,-0.0941661149263382,-0.1055157333612442,0.0,0.038131460547447205,0.006732843816280365,0.04287641495466232,0.0
-0.03360709175467491,0.0030116932466626167,0.010404814966022968,0.0,-0.04308239370584488,0.0,-0.0006248077261261642,0.0,-0.015528429299592972,0.0,0.007361987605690956,-0.03212466090917587,-0.04080798849463463,-0.04243284463882446,-0.07260499894618988,-0.07497970014810562,-0.04062749072909355,0.08547697216272354,-0.02352556586265564,-0.038609299808740616,0.06304369121789932,-0.06941573321819305,0.0,0.006935318000614643,0.013579342514276505,0.041818782687187195,0.0
0.045095037668943405,0.01100226305425167,0.010966992937028408,0.0,0.08322160691022873,0.0,-0.0020801019854843616,0.0,-0.012929265387356281,0.0,-0.0633658841252327,-0.02118835225701332,-0.04666128009557724,-0.08004353940486908,0.052491843700408936,0.05908568948507309,-0.0473039448261261,-0.20792630314826965,-0.03627270460128784,-0.09984581172466278,-0.13635432720184326,0.007236147299408913,0.0,-0.004639822524040937,-0.013423650525510311,0.04861012101173401,0.0
0.02178320661187172,0.005321753676980734,0.012442139908671379,0.0,0.06181721016764641,0.0,-0.0020801019854843616,0.0,-0.01606113649904728,0.0,-0.06448706239461899,-0.022903280332684517,-0.2782634496688843,0.010655532591044903,-0.05770361050963402,0.06374930590391159,-0.041930582374334335,-0.19735613465309143,-0.0020847213454544544,-0.12144675105810165,0.15957953035831451,-0.15428470075130463,0.0,-0.012779870070517063,-0.013438868336379528,0.0514494813978672,0.0
-0.0434427410364151,0.00045428291196003556,0.012398098595440388,0.0,-0.11741222441196442,0.0,-0.0009590102126821876,0.0,-0.023199085146188736,0.0,0.05081404373049736,-0.05494111776351929,-0.15420499444007874,0.004482494201511145,-0.038389697670936584,0.052654579281806946,-0.07431162148714066,-0.173569917678833,-0.06798035651445389,-0.2275940477848053,0.17784173786640167,0.14819684624671936,0.0,-0.0006720314268022776,-0.008561146445572376,-0.29914677143096924,0.0
-0.06868846714496613,-0.00944244209676981,0.008538848720490932,0.0,-0.11002949625253677,0.0,-0.0004126507556065917,0.0,-0.017361491918563843,0.0,-0.052694231271743774,-0.06791186332702637,-0.14237335324287415,0.08075620234012604,-0.1775999367237091,-0.19630476832389832,0.04542525112628937,-0.04221854358911514,-0.02607439085841179,0.04616023600101471,-0.15222807228565216,0.15003368258476257,0.0,-8.922233246266842e-05,0.0065277134999632835,-0.28060129284858704,0.0
-0.07156626135110855,-0.005178800318390131,0.00833328440785408,0.0,-0.14384566247463226,0.0,-0.0004126507556065917,0.0,-0.026250822469592094,0.0,-0.28463035821914673,-0.07136505842208862,-0.17719286680221558,-0.03390276059508324,-0.1420883685350418,0.015328670851886272,-0.0629073828458786,-0.2374027967453003,-0.03392529487609863,-0.3590177297592163,-0.24422237277030945,0.0727270096540451,0.0,-0.01218330953270197,-0.007523067761212587,-0.3488790690898895,0.0
-0.06376077979803085,-0.00443637790158391,0.013837807811796665,0.0,-0.15882767736911774,0.0,-0.0006248077261261642,0.0,-0.02454652078449726,0.0,-0.30209988355636597,-0.061848923563957214,-0.03338766098022461,-0.03003774583339691,0.031222259625792503,-0.05799666792154312,-0.15173880755901337,-0.3276747167110443,-0.03294117748737335,-0.2626194655895233,-0.20791874825954437,0.060394126921892166,0.0,-0.02395222708582878,-0.02506541647017002,-0.3215182423591614,0.0
-0.019694697111845016,0.0014553802320733666,0.01126236841082573,0.0,-0.06260308623313904,0.0,-0.0009590102126821876,0.0,-0.013145308941602707,0.0,0.04854002222418785,-0.02453175000846386,0.050092846155166626,0.06708317995071411,0.020275287330150604,0.11687514930963516,-0.05990692600607872,0.3717263638973236,0.013618272729218006,0.12991678714752197,0.21652013063430786,0.3246566951274872,0.0,0.017882972955703735,0.022188249975442886,-0.20786872506141663,0.0
-0.041524942964315414,0.016716910526156425,0.012963486835360527,0.0,-0.054639920592308044,0.0,-0.0009590102126821876,0.0,-0.021257316693663597,0.0,0.04686747118830681,-0.028026610612869263,0.03684796765446663,0.06256023794412613,-0.031085319817066193,-0.017619770020246506,0.07159951329231262,-0.06919558346271515,-0.03900929540395737,-0.23004359006881714,0.15781554579734802,-0.07830338180065155,0.0,-0.014391311444342136,-0.05307907611131668,-0.2737058699131012,0.0
-0.07114651799201965,0.013094431720674038,0.011992206797003746,0.0,-0.1599830985069275,0.0,-0.00427926005795598,0.0,-0.02212090976536274,0.0,0.04171574488282204,-0.05256325751543045,-0.22866731882095337,-0.10172371566295624,-0.02289191074669361,-0.06575784087181091,-0.022290633991360664,-0.35439789295196533,-0.023188570514321327,-0.20411324501037598,-0.13887126743793488,0.08147386461496353,0.0,0.02785612642765045,-0.028571950271725655,-0.27511054277420044,0.0
-0.04090210795402527,-0.006569433957338333,0.011633933521807194,0.0,-0.1114206537604332,0.0,-0.0020801019854843616,0.0,-0.021335840225219727,0.0,-0.03326283022761345,-0.05824995040893555,-0.17231318354606628,-0.1035449281334877,-0.025403086096048355,-0.1401313692331314,-0.06342701613903046,-0.2031412124633789,-0.011425786651670933,0.012595104984939098,0.09967932850122452,-0.16735321283340454,0.0,-0.0012701492523774505,0.012360688298940659,-0.21059830486774445,0.0
0.05238540098071098,0.001712602679617703,0.016181115061044693,0.0,0.11252263933420181,0.0,-0.0020801019854843616,0.0,-0.01378023810684681,0.0,-0.04592343792319298,-0.025815637782216072,0.08464563637971878,0.1397736668586731,0.03055054508149624,0.03225274384021759,0.046227335929870605,-0.04657502844929695,0.0035334951244294643,0.12155325710773468,0.20249176025390625,0.8706027865409851,0.0,0.01050421129912138,0.018801791593432426,-0.17618818581104279,0.0
0.10451919585466385,0.0008338878396898508,0.012733826413750648,0.0,0.07859461009502411,0.0,-0.00427926005795598,0.0,0.07684143632650375,0.0,0.05058758333325386,0.040237534791231155,0.4395294189453125,0.08404116332530975,-0.02200053073465824,0.09678913652896881,0.052575621753931046,-0.007318961434066296,-0.03996403142809868,0.18464748561382294,0.10140493512153625,0.41554495692253113,0.0,-0.03919302299618721,0.000855555001180619,0.052230607718229294,0.0
0.08660296350717545,0.003280425211414695,0.014472518116235733,0.0,0.07316383719444275,0.0,-0.001480552600696683,0.0,0.07378169894218445,0.0,0.05272635817527771,0.04377208277583122,0.44197553396224976,0.09150407463312149,0.051779765635728836,0.08109456300735474,0.116805799305439,0.010368728078901768,0.04963782802224159,0.21977631747722626,0.12433027476072311,0.535732626914978,0.0,0.011279439553618431,0.015179023146629333,0.05104012042284012,0.0
-0.05173708125948906,-0.0035685994662344456,0.013288216665387154,0.0,0.07150613516569138,0.0,-0.0013844945933669806,0.0,0.0755111426115036,0.0,0.028291068971157074,-0.03410420939326286,-0.03654203936457634,0.04197126254439354,0.0798608660697937,0.07610460370779037,-0.300298810005188,-0.13160987198352814,-0.05497036501765251,-0.14472290873527527,-0.1704961061477661,-0.45329833030700684,0.0,-0.10889148712158203,-0.027847640216350555,0.058760516345500946,0.0
0.03944167122244835,0.0047269538044929504,0.012746972031891346,0.0,0.07703986018896103,0.0,-0.0020801019854843616,0.0,-0.017908886075019836,0.0,-0.034683696925640106,-0.02068774215877056,-0.23345239460468292,0.061448242515325546,0.003907510079443455,0.11070158332586288,0.06466563791036606,-0.14051884412765503,-0.016590693965554237,-0.15733906626701355,-0.11477252095937729,-0.017910335212945938,0.0,0.029446452856063843,-0.011328790336847305,0.054909415543079376,0.0
0.04042345657944679,-0.0012588694225996733,0.01318241935223341,0.0,0.08880917727947235,0.0,-0.0020801019854843616,0.0,-0.01635582000017166,0.0,-0.05745672807097435,-0.04012608528137207,0.08085663616657257,0.09600622206926346,-0.024326909333467484,0.12749166786670685,0.06256537139415741,-0.07971233874559402,-0.004734743386507034,-0.1278836578130722,0.18498949706554413,-0.061207350343465805,0.0,-0.030058249831199646,0.02665122039616108,0.06142129749059677,0.0
-0.022305406630039215,-0.0010010087862610817,0.010473775677382946,0.0,0.08419322222471237,0.0,-0.0008969297632575035,0.0,-0.017290519550442696,0.0,-0.014135037548840046,-0.041826847940683365,-0.045468203723430634,0.11489365994930267,-0.019155122339725494,0.17760513722896576,0.13345348834991455,-0.0496356301009655,0.022343790158629417,0.09590613842010498,0.3496483862400055,-0.07652082294225693,0.0,-0.008177073672413826,0.05870324745774269,0.06203889101743698,0.0
-0.04865996167063713,0.0008548340993002057,0.013751047663390636,0.0,-0.09517009556293488,0.0,-0.0020801019854843616,0.0,-0.019640875980257988,0.0,-0.017808271571993828,-0.0371708907186985,-0.12112811207771301,0.028736809268593788,0.07935485243797302,-0.14516375958919525,-0.0463734045624733,-0.17537248134613037,0.003208183217793703,0.07471681386232376,0.16008682548999786,0.9165621995925903,0.0,0.0026768683455884457,0.025970475748181343,0.049408942461013794,0.0
-0.04865996167063713,0.0008548340993002057,0.013751047663390636,0.0,-0.09517009556293488,0.0,-0.0020801019854843616,0.0,-0.019640875980257988,0.0,-0.017808271571993828,-0.0371708907186985,-0.12112811207771301,0.028736809268593788,0.07935485243797302,-0.13401047885417938,-0.0463734045624733,-0.17537248134613037,0.003208183217793703,0.07471681386232376,0.16008682548999786,0.9537398219108582,0.0,0.0026768683455884457,0.025970475748181343,0.049408942461013794,0.0
-0.06936939060688019,0.003130106022581458,0.014508672058582306,0.0,-0.17373351752758026,0.0,-0.00427926005795598,0.0,-0.020319607108831406,0.0,0.0477173812687397,-0.04820876568555832,-0.11722724139690399,-0.290518581867218,-0.14418308436870575,-0.15176813304424286,0.017132997512817383,-0.407223641872406,0.00914430245757103,-0.160135418176651,-0.17825332283973694,0.5915904641151428,0.0,0.05387731269001961,-0.03755464032292366,-0.20408868789672852,0.0
0.04534853994846344,0.005185449495911598,0.009970919229090214,0.0,0.04646213352680206,0.0,-0.0007937125046737492,0.0,0.10459429770708084,0.0,0.03486371412873268,0.028298811987042427,-0.21115131676197052,0.037714455276727676,-0.08651313930749893,-0.09299122542142868,0.011765341274440289,-0.27911803126335144,0.055521607398986816,-0.09718547761440277,0.10269108414649963,-0.03564831614494324,0.0,-0.010146995075047016,-0.04133525490760803,0.04329655319452286,0.0
0.04693412035703659,0.00298025319352746,0.012994471937417984,0.0,0.10913415998220444,0.0,-0.0020801019854843616,0.0,-0.018498366698622704,0.0,-0.05779201537370682,-0.039738722145557404,0.08296296000480652,0.057754870504140854,-0.01839357428252697,0.05549407750368118,0.08920582383871078,-0.08244375139474869,-0.00028196274070069194,-0.16422568261623383,0.17249411344528198,-0.04878360033035278,0.0,0.010569577105343342,0.01729084551334381,-0.28068703413009644,0.0
-0.04720376059412956,0.0060255518183112144,0.011417079716920853,0.0,-0.0536288358271122,0.0,-0.0009590102126821876,0.0,-0.02214297465980053,0.0,0.03727469965815544,-0.027459759265184402,0.05294802412390709,0.06882957369089127,-0.0030385171994566917,0.011427889578044415,0.087179996073246,-0.07224009931087494,-0.04835272952914238,-0.225385844707489,0.24517972767353058,-0.5683109164237976,0.0,-0.013606077991425991,-0.05075068771839142,-0.27192017436027527,0.0
-0.04368800297379494,-0.004146884195506573,0.012102140113711357,0.0,-0.08151686936616898,0.0,-0.0009590102126821876,0.0,-0.02353139966726303,0.0,0.03598177433013916,-0.029464760795235634,-0.13985542953014374,0.007316097151488066,-0.007736729457974434,0.039904288947582245,-0.09027988463640213,-0.1352331042289734,-0.05719771236181259,-0.17561545968055725,0.24588994681835175,-0.6346616148948669,0.0,0.0019215259235352278,-0.034440554678440094,-0.2784724831581116,0.0
-0.07854419946670532,7.717193511780351e-05,0.009772748686373234,0.0,-0.17283335328102112,0.0,-0.00427926005795598,0.0,-0.023024223744869232,0.0,0.029624421149492264,-0.0663805902004242,-0.15504015982151031,-0.29881447553634644,-0.1210864931344986,-0.2064017504453659,0.016773702576756477,-0.40561071038246155,0.0023031688760966063,-0.20072054862976074,-0.16016113758087158,-0.8206664323806763,0.0,0.05317654460668564,-0.0382520891726017,-0.22027601301670074,0.0
0.03380860015749931,0.007370260078459978,0.009505640715360641,0.0,-0.0868554413318634,0.0,-0.0009590102126821876,0.0,-0.021306293085217476,0.0,0.03852004185318947,-0.022485822439193726,-0.1419408619403839,-0.04095826670527458,-0.04496080428361893,-0.18544302880764008,-0.005546029657125473,0.12426422536373138,0.03002319112420082,-0.17861706018447876,-0.13689517974853516,-0.7933510541915894,0.0,0.0005528826732188463,-0.012874513864517212,-0.26674512028694153,0.0
-0.0541747584939003,0.0003058244474232197,-0.08207909762859344,0.0,0.05043454095721245,0.0,-0.0004126507556065917,0.0,-0.015443505719304085,0.0,0.043840598315000534,-0.04126284644007683,-0.016892436891794205,-0.1709502637386322,-0.14366388320922852,-0.061486415565013885,-0.018275562673807144,0.2465047389268875,0.007627398241311312,-0.15527191758155823,-0.18453872203826904,0.5907202363014221,0.0,-0.10184414684772491,-0.0009319347445853055,0.04391249641776085,0.0
-0.0833687111735344,0.004090273752808571,-0.05668970197439194,0.0,0.05406836420297623,0.0,-0.0004001583147328347,0.0,-0.01275087334215641,0.0,0.03268634155392647,-0.068686343729496,-0.23877429962158203,-0.17278850078582764,-0.08891114592552185,-0.2733592987060547,-0.37260809540748596,-0.12570784986019135,0.02991008758544922,-0.03850540146231651,-0.21415123343467712,-0.8807244896888733,0.0,-0.13360264897346497,-0.0645606592297554,0.035364288836717606,0.0
-0.0743837058544159,0.003638800233602524,-0.0621095672249794,0.0,0.027010058984160423,0.0,-0.000545923481695354,0.0,-0.01936342753469944,0.0,0.03727561607956886,-0.03560546040534973,-0.1822875440120697,-0.26927581429481506,-0.02970956079661846,-0.10944674164056778,-0.25699567794799805,-0.020132726058363914,-0.002561936154961586,-0.056755632162094116,-0.17992381751537323,-0.851354718208313,0.0,-0.16224391758441925,-0.055288489907979965,0.034888483583927155,0.0
-0.04925735667347908,0.005877334624528885,-0.047992415726184845,0.0,0.046681586652994156,0.0,-0.0009590102126821876,0.0,-0.018665574491024017,0.0,0.030478715896606445,-0.0075193182565271854,-0.18239346146583557,0.13290080428123474,-0.06714211404323578,-0.06858979165554047,0.08146921545267105,0.20675207674503326,0.038339126855134964,0.007918843068182468,-0.09802890568971634,-0.7360708713531494,0.0,-0.06940637528896332,-0.023499438539147377,0.032972030341625214,0.0
-0.03566790372133255,-0.004398944787681103,-0.06885842978954315,0.0,0.028378650546073914,0.0,-0.0004001583147328347,0.0,-0.012707015499472618,0.0,-0.0073723383247852325,-0.03224244713783264,-0.0010641315020620823,-0.08605081588029861,-0.0472724623978138,-0.07046692818403244,-0.008979677222669125,0.23554539680480957,-0.027178291231393814,-0.028022900223731995,-0.03378727287054062,-0.1751934140920639,0.0,0.037434834986925125,-0.0048007722944021225,0.03692830726504326,0.0
-0.029982393607497215,-0.0036355317570269108,0.010404814966022968,0.0,-0.042134370654821396,0.0,-0.0006248077261261642,0.0,-0.01562836952507496,0.0,0.0021834271028637886,-0.03341127932071686,-0.05070802941918373,-0.06890462338924408,-0.07545063644647598,-0.0819585770368576,-0.05025167018175125,0.06696759164333344,-0.01933608017861843,-0.04208243638277054,0.05667474865913391,-0.16800545156002045,0.0,0.008696445263922215,0.012011025100946426,0.043150581419467926,0.0
0.07235287129878998,0.008577574044466019,0.015352918766438961,0.0,0.13148434460163116,0.0,-0.0020801019854843616,0.0,-0.016645582392811775,0.0,-0.0740143284201622,-0.07048267126083374,0.10443557798862457,0.0927496999502182,0.05526645854115486,0.05654560774564743,0.07642419636249542,-0.1612609177827835,-0.0038161547854542732,-0.05074208229780197,-0.15956030786037445,0.2279396951198578,0.0,-0.0031100623309612274,0.024359213188290596,-0.2727799713611603,0.0
0.04940763860940933,0.008254713378846645,0.011608278378844261,0.0,0.08068110793828964,0.0,0.005315816029906273,0.0,-0.012957456521689892,0.0,0.05256439000368118,0.023250965401530266,-0.10275272279977798,0.0009227941045537591,0.10383276641368866,0.12287671118974686,0.030974671244621277,-0.08815617114305496,0.031490132212638855,0.04918747767806053,-0.04360494762659073,-0.003936345223337412,0.0,-0.014550590887665749,0.006863192655146122,0.05133571848273277,0.0
-0.02759992517530918,0.012888613156974316,0.01013756264001131,0.0,0.03540979325771332,0.0,0.0015967306680977345,0.0,-0.016987120732665062,0.0,-0.017473559826612473,-0.029422663152217865,-0.1207384392619133,-0.03146917000412941,0.03307092934846878,-0.0989488884806633,-0.08968020975589752,0.1743876338005066,0.014975548721849918,0.0694657564163208,-0.09518171846866608,-0.1434088945388794,0.0,-0.002238603075966239,-0.02207431010901928,0.03597521036863327,0.0
-0.014189180918037891,0.004036262631416321,0.01265717763453722,0.0,0.0591905415058136,0.0,0.005315816029906273,0.0,-0.014330859296023846,0.0,0.040015220642089844,0.035586223006248474,-0.2573239207267761,-0.03513089567422867,-0.023885169997811317,0.08872304111719131,0.0028860794845968485,-0.2097453773021698,0.01487062219530344,0.03648046776652336,0.1425757110118866,-0.11515167355537415,0.0,0.007066552527248859,-0.01196462195366621,0.04275023564696312,0.0
-0.03939157351851463,0.0034544351510703564,-0.06491970270872116,0.0,0.027535568922758102,0.0,-0.0004001583147328347,0.0,-0.012427528388798237,0.0,0.04155847430229187,-0.03125486522912979,-0.1287461519241333,-0.09494840353727341,0.0573403500020504,-0.0871574804186821,-0.11800342798233032,0.09425456076860428,-0.016320884227752686,-0.056147653609514236,-0.014247434213757515,-0.1803022027015686,0.0,0.026098158210515976,-0.0013812844408676028,0.03823813796043396,0.0
0.07733502238988876,0.007289941422641277,0.010532492771744728,0.0,0.06093166396021843,0.0,0.002028376329690218,0.0,-0.017672326415777206,0.0,0.04355096444487572,0.02757064439356327,0.39188021421432495,-0.0030163710471242666,-0.1221664622426033,0.060857973992824554,0.05588003620505333,-0.10587618499994278,-0.030918259173631668,0.19650515913963318,0.13044899702072144,-0.069861501455307,0.0,0.004834401421248913,0.009754149243235588,0.04743301123380661,0.0
-0.02293471433222294,0.0016051800921559334,0.013319688849151134,0.0,0.08286344259977341,0.0,-0.0020801019854843616,0.0,0.09485753625631332,0.0,-0.02044440619647503,0.04545668140053749,0.17142727971076965,0.13729412853717804,-0.006774583365768194,0.19592395424842834,0.1818489283323288,-0.09689919650554657,0.03956061601638794,0.0017699496820569038,0.24251236021518707,-0.0606924332678318,0.0,0.006911557633429766,0.06256794929504395,0.05450094863772392,0.0
-0.07603958994150162,-0.007267362903803587,-0.07125430554151535,0.0,0.03847130388021469,0.0,-0.000545923481695354,0.0,-0.01664106920361519,0.0,-0.26051804423332214,-0.02820533514022827,0.08718398213386536,-0.2525133788585663,-0.07724366337060928,0.046858906745910645,-0.12403622269630432,-0.0900283008813858,-0.029922490939497948,-0.03229006007313728,-0.18786360323429108,0.011685160920023918,0.0,-0.08293118327856064,-0.022655228152871132,0.04627464339137077,0.0
-0.023749560117721558,0.005250904243439436,0.01523313857614994,0.0,0.08690452575683594,0.0,0.005315816029906273,0.0,0.09397449344396591,0.0,0.038328733295202255,0.04199120029807091,-0.041799966245889664,0.1234205961227417,-0.007870490662753582,0.18211878836154938,0.036606982350349426,-0.24042865633964539,0.02101043052971363,-0.03856241703033447,0.19564160704612732,-0.004509527236223221,0.0,0.01792990043759346,0.024734055623412132,0.05390431359410286,0.0
0.08286164700984955,0.0033607520163059235,0.009973601438105106,0.0,0.05002208799123764,0.0,-0.0006248077261261642,0.0,-0.01245108898729086,0.0,-0.019008327275514603,-0.06289264559745789,-0.1030355766415596,-0.09496929496526718,0.0412154495716095,-0.0767848938703537,0.06794659793376923,0.2884505093097687,0.0445098914206028,0.0449671670794487,-0.05349070578813553,-0.08371224254369736,0.0,0.012493306770920753,-0.010695850476622581,0.040830012410879135,0.0
0.08095381408929825,0.011891257017850876,0.014856869354844093,0.0,0.09385312348604202,0.0,0.010935886763036251,0.0,-0.012382441200315952,0.0,0.04797523468732834,0.0641600638628006,0.09294060617685318,0.11774536222219467,-0.01887371391057968,0.14682763814926147,-0.057368215173482895,-0.12488256394863129,0.045773833990097046,-0.06484328955411911,-0.0846436396241188,0.0096689872443676,0.0,0.0033719076309353113,-0.01828330010175705,0.05310168117284775,0.0
0.05411053076386452,0.009391809813678265,0.014347976073622704,0.0,0.06884942203760147,0.0,0.010935886763036251,0.0,-0.011864165775477886,0.0,0.04865579679608345,0.013666661456227303,-0.09187979251146317,0.10084962844848633,0.10509121417999268,-0.04367143660783768,0.041184891015291214,-0.09763386845588684,0.06033338978886604,-0.0769965872168541,-0.05113660916686058,0.05972423031926155,0.0,-0.0004385510692372918,0.02414565347135067,0.054400790482759476,0.0
0.06951849162578583,0.0017706580692902207,0.010927940718829632,0.0,0.06708613783121109,0.0,-0.0006248077261261642,0.0,-0.010729800909757614,0.0,0.051024261862039566,-0.04960823059082031,-0.09430744498968124,-0.11716178059577942,0.027335185557603836,-0.08581633120775223,0.08164259791374207,0.018119361251592636,0.0134985176846385,0.003089900128543377,-0.11404437571763992,0.015416604466736317,0.0,0.01826307736337185,0.03463776782155037,0.038867928087711334,0.0
-0.024684127420186996,0.005102597177028656,0.013801933266222477,0.0,-0.04225678741931915,0.0,-0.0009590102126821876,0.0,-0.012629315257072449,0.0,0.04495541378855705,0.033134471625089645,0.005942539777606726,-0.002715005073696375,-0.0012738569639623165,0.05766470730304718,-0.08017735183238983,-0.006611054763197899,-0.04218955710530281,-0.07503372430801392,0.2100071758031845,-0.2110723853111267,0.0,0.01148746907711029,0.01472090370953083,0.05973254144191742,0.0
-0.029265733435750008,0.024954404681921005,0.013563697226345539,0.0,-0.07027582824230194,0.0,-0.0006248077261261642,0.0,-0.016523100435733795,0.0,0.02056693099439144,0.034344859421253204,0.04939122498035431,0.10717648267745972,-0.07461237907409668,0.2021719068288803,0.1494590938091278,0.1125277727842331,0.0007824334315955639,-0.022742804139852524,0.05581274256110191,-0.13647343218326569,0.0,-0.00991479866206646,0.0023877709172666073,0.0650821253657341,0.0
-0.03333113342523575,0.012935440987348557,0.01137554831802845,0.0,-0.07885092496871948,0.0,-0.0006248077261261642,0.0,-0.015619538724422455,0.0,-0.02877296507358551,0.034410297870635986,-0.006931672338396311,0.018362492322921753,-0.07170600444078445,0.031663522124290466,-0.09740309417247772,0.0023127186577767134,-0.019629936665296555,-0.19840574264526367,-0.044786229729652405,-0.16348370909690857,0.0,-0.017403988167643547,-0.00343823479488492,0.061781834810972214,0.0
-0.03293057158589363,0.010571365244686604,0.012196572497487068,0.0,-0.0524882972240448,0.0,-0.0009590102126821876,0.0,-0.018719691783189774,0.0,0.04970482364296913,-0.022840401157736778,-0.011538121849298477,0.044988300651311874,-0.032247431576251984,0.04696173965930939,0.13218730688095093,-0.04880323261022568,-0.056715961545705795,-0.19784072041511536,0.14233234524726868,0.026302380487322807,0.0,0.006679164711385965,-0.044671885669231415,0.0574842169880867,0.0
-0.026031380519270897,0.015317770652472973,0.00925364438444376,0.0,-0.03601403906941414,0.0,-0.0009590102126821876,0.0,-0.016217151656746864,0.0,0.05168325826525688,-0.023395411670207977,-0.1433679163455963,0.16575859487056732,-0.0566188208758831,0.07967276126146317,0.15227779746055603,0.24465152621269226,-0.019799642264842987,0.013293398544192314,-0.04510984569787979,0.08753494918346405,0.0,0.010213486850261688,-0.007251739967614412,0.05341975390911102,0.0
-0.04402004927396774,0.0003326056175865233,0.012963098473846912,0.0,0.06193073093891144,0.0,0.0021880650892853737,0.0,0.04764225706458092,0.0,0.03256663307547569,0.02847135253250599,-0.09946989268064499,-0.02721155621111393,-0.01477766316384077,-0.13659465312957764,-0.2259494811296463,-0.24415278434753418,-0.015486902557313442,-0.08419571071863174,0.06017999351024628,-0.14502568542957306,0.0,0.03330061212182045,0.01805207133293152,0.03323051333427429,0.0
-0.03433294966816902,0.010694249533116817,0.012064779177308083,0.0,0.05634318292140961,0.0,0.005315816029906273,0.0,-0.013230309821665287,0.0,0.05390594154596329,-0.022210408002138138,-0.003000567201524973,0.0725584402680397,-0.022225648164749146,-0.08046163618564606,0.0992421880364418,-0.2897527515888214,0.0022030004765838385,-0.09753772616386414,-0.12653495371341705,-0.09992845356464386,0.0,0.00867740623652935,0.014568565413355827,0.028645887970924377,0.0
0.05264084041118622,0.005015265196561813,0.007948968559503555,0.0,0.03962277993559837,0.0,-0.0014628666685894132,0.0,0.08908288925886154,0.0,0.04260433092713356,0.024252263829112053,-0.3143940269947052,-0.02726699411869049,-0.09962678700685501,-0.12482913583517075,-0.016274061053991318,-0.3339174687862396,0.05214643478393555,-0.055235978215932846,-0.14504921436309814,-0.10231796652078629,0.0,-0.027299601584672928,-0.03990631178021431,0.02937276102602482,0.0
0.05264084041118622,0.004317532759159803,0.007948968559503555,0.0,0.059469569474458694,0.0,-0.0014628666685894132,0.0,0.08908288925886154,0.0,0.04222281649708748,0.01880456507205963,-0.2611863315105438,-0.016568012535572052,-0.10062049329280853,-0.10960383713245392,0.0387074276804924,-0.3026210367679596,0.0547519251704216,-0.01567530818283558,-0.1813269704580307,-0.08139012008905411,0.0,-0.027629293501377106,-0.034130603075027466,0.03243605047464371,0.0
0.058248914778232574,0.016068613156676292,0.007652346510440111,0.0,0.05650569498538971,0.0,-0.0014628666685894132,0.0,0.10264864563941956,0.0,0.046235114336013794,0.021356817334890366,-0.1268654316663742,-0.033186014741659164,-0.08928723633289337,-0.10715486109256744,0.034528948366642,-0.13327530026435852,0.04897056892514229,-0.013199936598539352,-0.16777722537517548,-0.06921542435884476,0.0,-0.02181311696767807,-0.02509736828505993,0.034705180674791336,0.0
0.061983734369277954,0.01598045788705349,0.010410623624920845,0.0,0.024265984073281288,0.0,-0.0005661839386448264,0.0,0.09492183476686478,0.0,0.05214415863156319,0.024252263829112053,-0.12378586828708649,-0.04220365732908249,-0.053860560059547424,-0.0627831518650055,0.07415462285280228,0.027864940464496613,0.06339757889509201,0.05968460068106651,0.08066452294588089,-0.025671519339084625,0.0,-0.026418223977088928,-0.04098961502313614,0.034528810530900955,0.0
0.08808217942714691,0.004942798055708408,0.011256080120801926,0.0,-0.09867019206285477,0.0,-0.00427926005795598,0.0,-0.019445594400167465,0.0,0.046198103576898575,-0.012434825301170349,0.44142335653305054,0.11937962472438812,0.02790405973792076,0.0385974645614624,0.02936709113419056,-0.1534195840358734,-0.06065361201763153,0.24362961947917938,-0.057808518409729004,0.11459165066480637,0.0,-0.008589413948357105,-0.005212188232690096,0.057595353573560715,0.0
-0.060882050544023514,0.007955123670399189,-0.0680311918258667,0.0,0.05047331377863884,0.0,-0.0004001583147328347,0.0,-0.01823168806731701,0.0,0.028285127133131027,-0.04512522742152214,0.01589195430278778,0.10235471278429031,0.029697421938180923,-0.02740534581243992,-0.11829821765422821,-0.025259895250201225,0.010942049324512482,-0.07380285859107971,-0.10727065056562424,-0.06849730014801025,0.0,-0.11498164385557175,-0.04572834447026253,0.06352712213993073,0.0
0.11980265378952026,0.008167929016053677,0.010089346207678318,0.0,0.06262349337339401,0.0,-0.0006248077261261642,0.0,0.07886248826980591,0.0,0.04115760326385498,0.06939541548490524,0.1134277880191803,0.11573898047208786,0.02261524647474289,0.004283698741346598,0.011747054755687714,-0.08369418978691101,0.023162459954619408,0.046089790761470795,-0.08651101589202881,-0.18999925255775452,0.0,-0.046995967626571655,-0.012073212303221226,0.0448276661336422,0.0
0.07384509593248367,-0.0020155480597168207,0.01344431284815073,0.0,0.08141221106052399,0.0,-0.0008561993599869311,0.0,-0.00912090390920639,0.0,-0.03462037071585655,0.034513283520936966,-0.007630042731761932,0.08521252870559692,0.09059394896030426,0.10848119109869003,-0.08623601496219635,-0.18629714846611023,-0.006339590065181255,0.053205668926239014,-0.09207318723201752,-0.10821349173784256,0.0,0.020837321877479553,0.0370098240673542,0.05513231083750725,0.0
-0.06690125912427902,0.005497395992279053,0.011948412284255028,0.0,0.061226800084114075,0.0,0.00353815290145576,0.0,-0.01016419567167759,0.0,0.03755423426628113,-0.008612241595983505,0.017350610345602036,0.11321616172790527,0.1244027391076088,0.11489633470773697,-0.10070724040269852,-0.13295938074588776,-0.013594028539955616,0.09129826724529266,-0.10895100980997086,0.1391059011220932,0.0,0.025362949818372726,0.049181342124938965,0.04855416715145111,0.0
-0.014271813444793224,-0.010480068624019623,0.01063038595020771,0.0,-0.031967099756002426,0.0,-0.0005661839386448264,0.0,-0.013794278725981712,0.0,0.04175281524658203,0.020863424986600876,0.09278810769319534,0.22602880001068115,-0.15336687862873077,0.08157471567392349,0.0541280172765255,0.261225163936615,0.06855929642915726,0.053857047110795975,0.15530912578105927,0.00792810320854187,0.0,-0.018538910895586014,-0.007021143101155758,0.05508885160088539,0.0
-0.031151151284575462,0.006301654037088156,-0.0685972347855568,0.0,-0.05318988114595413,0.0,-0.0004001583147328347,0.0,-0.009267635643482208,0.0,-0.004684661515057087,0.045494358986616135,0.09055233746767044,-0.16647495329380035,-0.06912609934806824,-0.018218236044049263,-0.19653598964214325,0.19783972203731537,0.012448486872017384,-0.0727236270904541,-0.15639546513557434,-0.247200146317482,0.0,0.051972828805446625,0.02666582725942135,0.06107381358742714,0.0
0.05732491984963417,0.004104970954358578,0.009978539310395718,0.0,-0.037527021020650864,0.0,-0.0004001583147328347,0.0,-0.00967717356979847,0.0,0.0007674889639019966,0.01632624864578247,-0.02162102423608303,0.027582405135035515,0.12191140651702881,-0.04237815737724304,-0.02990863472223282,0.12996312975883484,0.01668509840965271,0.05546668544411659,-0.1281379610300064,-0.03449876978993416,0.0,0.026443317532539368,0.005748441442847252,0.044839587062597275,0.0
-0.030461279675364494,-0.0031356853432953358,0.011109818704426289,0.0,0.04024963080883026,0.0,-0.0006248077261261642,0.0,-0.014945775270462036,0.0,0.06737339496612549,-0.021648678928613663,-0.12586012482643127,-0.06092139333486557,0.08124794811010361,-0.09983990341424942,0.08805999904870987,0.06305427104234695,0.0010146726854145527,-0.00973811000585556,0.04043157026171684,-0.07187196612358093,0.0,-0.001987690106034279,-0.01377110555768013,0.04099823534488678,0.0
0.03988667577505112,0.001859593321569264,0.012885681353509426,0.0,0.07284130156040192,0.0,-0.0006248077261261642,0.0,-0.012432241812348366,0.0,0.009960164315998554,-0.02171754091978073,-0.07464233785867691,-0.05859414488077164,0.05300654098391533,-0.06472644209861755,0.05934342369437218,-0.06320048123598099,0.0005276722949929535,-0.010754244402050972,-0.09469442814588547,-0.036383673548698425,0.0,0.006541362032294273,0.033852238208055496,0.03982478380203247,0.0
0.02923320047557354,0.0020824898965656757,0.010953940451145172,0.0,0.03585374355316162,0.0,-0.0006248077261261642,0.0,-0.011940181255340576,0.0,-0.040142204612493515,-0.024106672033667564,-0.1605595201253891,-0.0985368862748146,0.046863049268722534,-0.09014970064163208,-0.08120592683553696,0.09621112048625946,-0.0057112411595880985,-0.026796750724315643,-0.09610126167535782,-0.12206488102674484,0.0,0.0016007327940315008,-0.009140219539403915,0.03645072504878044,0.0
0.02913646027445793,-0.0015735314227640629,0.010953940451145172,0.0,0.03063225746154785,0.0,-0.0006248077261261642,0.0,-0.011785252019762993,0.0,-0.06779790669679642,-0.01734965108335018,-0.13364306092262268,-0.05320272222161293,0.0484163761138916,-0.08208447694778442,-0.11257772892713547,0.10804132372140884,-0.007914653979241848,-0.033351294696331024,-0.09707175195217133,-0.14530281722545624,0.0,-0.000333218602463603,-0.013336820527911186,0.037546511739492416,0.0
-0.028950201347470284,-0.003004958387464285,0.01415175199508667,0.0,0.08889002352952957,0.0,-0.0020801019854843616,0.0,0.09405770897865295,0.0,-0.22472791373729706,-0.037136439234018326,0.09795013070106506,0.20363211631774902,0.07576467841863632,0.17933471500873566,0.05788825824856758,-0.03852200508117676,0.03737485036253929,0.10601020604372025,0.38349056243896484,0.44326716661453247,0.0,-0.024916749447584152,0.04783984646201134,0.05962378531694412,0.0
-0.0714680477976799,-0.010140658356249332,0.011432752013206482,0.0,0.09589409828186035,0.0,0.0019287792965769768,0.0,0.09675416350364685,0.0,0.03485658019781113,0.07178901135921478,-0.02741413190960884,0.1010424941778183,-0.06801139563322067,-0.03662353381514549,-0.055247094482183456,-0.18712377548217773,0.05114252492785454,0.003868680913001299,-0.08596839755773544,-0.054106928408145905,0.0,0.04533262923359871,-0.007776046637445688,-0.1676975041627884,0.0
0.061084359884262085,-0.006264299154281616,-0.050709567964076996,0.0,0.024495499208569527,0.0,-0.00030134213739074767,0.0,-0.013196593150496483,0.0,0.048301588743925095,0.026002228260040283,-0.11649493873119354,0.026540348306298256,-0.033258020877838135,-0.03186030685901642,-0.021570827811956406,0.12141665816307068,0.01047977339476347,0.03138580545783043,0.10639898478984833,-0.08453290909528732,0.0,0.02332657016813755,0.0011183302849531174,0.03727230802178383,0.0
0.042713407427072525,0.012835578992962837,0.009962515905499458,0.0,-0.0445878803730011,0.0,0.0024508037604391575,0.0,-0.01504568848758936,0.0,0.05298737436532974,-0.011832451447844505,-0.07833702117204666,0.005538573954254389,0.03097870945930481,-0.09825226664543152,-0.004184296354651451,0.07936051487922668,0.035521745681762695,0.05154373496770859,-0.06695691496133804,-0.013819637708365917,0.0,0.005924616940319538,0.004539503715932369,0.04188995435833931,0.0
-0.017516322433948517,0.003096857573837042,0.009453300386667252,0.0,0.06961293518543243,0.0,-0.0008969297632575035,0.0,0.08671113103628159,0.0,0.03445730358362198,-0.0403192937374115,0.31924301385879517,0.10345756262540817,-0.08916863054037094,0.11686695367097855,0.13025125861167908,-0.1571856141090393,0.048782214522361755,0.008545780554413795,0.2090441733598709,-0.11298936605453491,0.0,-0.003919348120689392,-0.03957473859190941,0.043205760419368744,0.0
-0.014649896882474422,0.0004616851219907403,0.0114753944799304,0.0,0.07967550307512283,0.0,0.005315816029906273,0.0,0.08876310288906097,0.0,-0.187014639377594,-0.038955070078372955,-0.07011307775974274,0.0786948949098587,0.005084734410047531,0.10576631873846054,0.0495055615901947,-0.20576411485671997,0.02724534273147583,0.09544378519058228,0.283509224653244,-0.10695376247167587,0.0,-0.0005538887344300747,-0.028339708223938942,0.044489774852991104,0.0
0.06748475134372711,-0.01410483568906784,0.011960039846599102,0.0,-0.06070844084024429,0.0,-0.000545923481695354,0.0,-0.01103097852319479,0.0,0.03815757483243942,0.048989858478307724,-0.1193142905831337,0.08535497635602951,-0.05074353888630867,-0.0385599210858345,-0.25177282094955444,0.2067066729068756,0.029945582151412964,-0.06687475740909576,-0.10945794731378555,-0.005122107453644276,0.0,0.008981041610240936,0.007905473932623863,0.04925979673862457,0.0
-0.05127665773034096,0.0025430829264223576,0.011681812815368176,0.0,0.07545852661132812,0.0,0.005315816029906273,0.0,-0.013297341763973236,0.0,0.03275420516729355,-0.04692705720663071,-0.14773821830749512,-0.002650512382388115,0.04439064487814903,0.03744165599346161,0.017841165885329247,-0.1940285712480545,0.008489811792969704,-0.2471742182970047,0.1719137281179428,-0.09969302266836166,0.0,-0.020707154646515846,-0.01894005574285984,0.052441585808992386,0.0
-0.035880543291568756,0.009458872489631176,0.01493242010474205,0.0,-0.07070589065551758,0.0,-0.0020801019854843616,0.0,-0.018750807270407677,0.0,0.04224389046430588,-0.028316477313637733,-0.1416051983833313,-0.06908498704433441,-0.019956933334469795,0.002327149733901024,-0.0450938381254673,-0.16178523004055023,0.00028034334536641836,-0.08426377177238464,0.1487453430891037,-0.06753164529800415,0.0,-0.02927788905799389,0.015461063012480736,0.06416022032499313,0.0
-0.036465298384428024,0.009458872489631176,0.013333145529031754,0.0,-0.08312107622623444,0.0,-0.0020801019854843616,0.0,-0.017009999603033066,0.0,0.00470524188131094,-0.027617016807198524,-0.16472022235393524,-0.02344946190714836,0.01027765590697527,0.013436295092105865,-0.028055284172296524,-0.15508873760700226,-0.003632880048826337,-0.005503932014107704,0.15732793509960175,-0.08467317372560501,0.0,-0.022657087072730064,0.015461063012480736,0.06679446250200272,0.0
-0.03517742455005646,-0.0029870886355638504,0.011266849003732204,0.0,0.02845628932118416,0.0,-0.0006248077261261642,0.0,-0.011145301163196564,0.0,0.05239914730191231,0.04158525913953781,-0.04163941368460655,-0.06651688367128372,-0.008473901078104973,-0.058595456182956696,0.08300209790468216,0.281242698431015,0.013042916543781757,-0.04941623657941818,-0.04171467572450638,-0.07721871137619019,0.0,0.026263028383255005,-0.004608408082276583,0.03194455802440643,0.0
-0.0813388079404831,0.002412347588688135,0.012122278101742268,0.0,-0.05583815649151802,0.0,-0.0004001583147328347,0.0,-0.010333498008549213,0.0,-0.005480822641402483,0.05529540777206421,-0.00015526171773672104,-0.01956029050052166,-0.05220349133014679,-0.0991000235080719,-0.14708471298217773,0.07014118880033493,-0.02344047836959362,-0.022558994591236115,-0.13367316126823425,-0.057165130972862244,0.0,0.04293997958302498,0.03685329481959343,0.04067513719201088,0.0
0.05714787170290947,0.00551682710647583,0.01070926059037447,0.0,-0.05726112425327301,0.0,-0.0006248077261261642,0.0,-0.010282490402460098,0.0,-0.003912997432053089,0.055556997656822205,-0.04225359857082367,0.0029506159480661154,0.12360325455665588,-0.032442864030599594,0.15736375749111176,0.34244033694267273,0.03651038184762001,0.03835510089993477,-0.036999866366386414,-0.05149533227086067,0.0,0.012802784331142902,-0.003814632073044777,0.04244319349527359,0.0
-0.08081838488578796,-0.006138840224593878,-0.07125430554151535,0.0,0.04688086360692978,0.0,-0.0009590102126821876,0.0,-0.01665712334215641,0.0,-0.2554846405982971,-0.015201983973383904,0.0859968289732933,-0.2651979327201843,-0.020593971014022827,-0.039959147572517395,-0.09083054959774017,-0.06257299333810806,-0.026407262310385704,-0.0368015356361866,-0.19168533384799957,0.03929489478468895,0.0,-0.11439909040927887,-0.039509907364845276,0.046935778111219406,0.0
-0.05677417665719986,-0.0037639825604856014,-0.05906422436237335,0.0,0.046332452446222305,0.0,-0.0005706616793759167,0.0,-0.014812828972935677,0.0,-0.2713831663131714,-0.009671425446867943,0.08969084173440933,0.11227566003799438,0.0832769125699997,0.02424570731818676,0.07882951945066452,0.1987999826669693,-0.01214927900582552,0.17202888429164886,0.07170656323432922,0.0394173264503479,0.0,-0.08846147358417511,-0.014058117754757404,0.04731784015893936,0.0
0.04371541365981102,-0.00045823538675904274,0.010876723565161228,0.0,-0.055744171142578125,0.0,-0.0006248077261261642,0.0,-0.012079063802957535,0.0,-0.00734853558242321,0.060410913079977036,0.14575815200805664,0.030547406524419785,0.03144887462258339,-0.07799453288316727,-0.05960585176944733,0.2852112650871277,-0.0018195270095020533,0.04924742877483368,-0.0697728767991066,-0.04558436572551727,0.0,0.003536003176122904,-0.008188468404114246,0.04483397677540779,0.0
-0.046566255390644073,-0.00019758049165830016,0.011147426441311836,0.0,-0.07075799256563187,0.0,-0.0006248077261261642,0.0,-0.017675314098596573,0.0,0.0025607049465179443,-0.025421500205993652,-0.18804869055747986,-0.05065355449914932,0.009920048527419567,-0.1360292285680771,-0.020771140232682228,-0.07591618597507477,0.006623866036534309,0.07271075993776321,0.14510013163089752,0.007285510189831257,0.0,0.010235566645860672,0.007336447015404701,0.04658426716923714,0.0
-0.036821044981479645,-0.01373373158276081,0.014091302640736103,0.0,-0.049030475318431854,0.0,-0.0006248077261261642,0.0,-0.011474013328552246,0.0,-0.0018943692557513714,0.028958605602383614,0.009985383599996567,0.07037463039159775,0.013704861514270306,0.18428491055965424,0.09637192636728287,0.09258447587490082,0.0038866412360221148,0.14052492380142212,-0.06623983383178711,0.023217501118779182,0.0,-0.008049927651882172,0.015610440634191036,0.05290205031633377,0.0
-0.028642360121011734,-0.016233263537287712,0.01287885382771492,0.0,-0.05140870809555054,0.0,-0.0006248077261261642,0.0,-0.012399088591337204,0.0,-9.356439113616943e-05,0.03182165324687958,0.016789257526397705,0.02117726393043995,0.01824411377310753,0.03187442198395729,0.12679316103458405,0.053057603538036346,0.0012084009358659387,0.12726573646068573,-0.04926448315382004,0.018231123685836792,0.0,-0.013806415721774101,0.011230375617742538,0.04745253548026085,0.0
-0.027226129546761513,-0.0049593751318752766,0.011480859480798244,0.0,-0.057722002267837524,0.0,-0.0006248077261261642,0.0,-0.0122231375426054,0.0,-0.0049151889979839325,0.031599901616573334,-0.06514237821102142,-0.03689982369542122,-0.0078241853043437,-0.034755125641822815,-0.09165606647729874,0.051549121737480164,-0.021211786195635796,-0.05727297440171242,0.08313875645399094,-0.07238370925188065,0.0,0.0011856411583721638,-0.004430545028299093,0.04688936099410057,0.0
0.029077114537358284,-0.006807870697230101,0.012123352847993374,0.0,-0.04277823120355606,0.0,-0.0006248077261261642,0.0,-0.012153682298958302,0.0,0.007452927529811859,0.0399918332695961,-0.02459067665040493,0.02049269713461399,0.034085534512996674,-0.030453383922576904,0.02016962692141533,0.3038727045059204,-0.0163371954113245,-0.022419435903429985,-0.04756617546081543,-0.04906223341822624,0.0,0.004115841817110777,-0.014171448536217213,0.047875918447971344,0.0
0.07119578868150711,0.0037822904996573925,0.009973601438105106,0.0,0.04674195498228073,0.0,-0.0006248077261261642,0.0,-0.012423239648342133,0.0,-0.03930073231458664,-0.055793605744838715,0.09583554416894913,0.005128571297973394,0.0651061162352562,-0.02830057218670845,-0.058978643268346786,0.18511533737182617,-0.010314062237739563,0.03612847253680229,-0.11326136440038681,-0.04276449233293533,0.0,0.0061452919617295265,-0.006881594657897949,0.04105238616466522,0.0
0.06962072849273682,-0.005933057516813278,0.013404544442892075,0.0,0.0743175595998764,0.0,-0.00427926005795598,0.0,-0.011644121259450912,0.0,0.044170305132865906,0.009045234881341457,-0.07204053550958633,0.17657756805419922,0.10274678468704224,-0.11366112530231476,0.04780086129903793,-0.12494254857301712,0.06251313537359238,-0.11352086067199707,-0.1229557916522026,-0.012404334731400013,0.0,0.005521093029528856,0.050168972462415695,0.051117297261953354,0.0
-0.04728398099541664,0.0054214224219322205,0.009689286351203918,0.0,0.07241284847259521,0.0,-0.0020801019854843616,0.0,-0.014693721197545528,0.0,0.03706727549433708,-0.038972847163677216,0.07420110702514648,-0.002499896101653576,-0.1368171125650406,0.07567978650331497,0.04151204600930214,-0.2036283165216446,0.02012350596487522,-0.2025376707315445,0.20900999009609222,-0.10922707617282867,0.0,-0.022521497681736946,-0.027759699150919914,0.04623455926775932,0.0
0.048466261476278305,0.014007149264216423,0.014556091278791428,0.0,-0.07937504351139069,0.0,-0.00427926005795598,0.0,-0.018021397292613983,0.0,-0.2654324173927307,-0.017983410507440567,-0.1521688848733902,0.11414675414562225,-0.010015835985541344,-0.002228320576250553,-0.014625849202275276,-0.14933763444423676,0.08097679167985916,0.0695258304476738,-0.0985574945807457,0.1397160142660141,0.0,-0.010118093341588974,0.05175493657588959,0.054258015006780624,0.0
-0.0531579814851284,0.020072022452950478,0.011813385412096977,0.0,0.05725722014904022,0.0,-0.0020801019854843616,0.0,0.08468073606491089,0.0,0.045629650354385376,0.02592466026544571,0.08970984816551208,-0.0019180142553523183,-0.008020937442779541,0.16610516607761383,0.0020071661565452814,-0.1161690205335617,0.003122478723526001,-0.16622906923294067,0.06825694441795349,-0.066762275993824,0.0,-0.02046576887369156,-0.015056767500936985,0.04845793545246124,0.0
-0.08708741515874863,0.020240524783730507,0.012582538649439812,0.0,0.04329093545675278,0.0,-0.0006248077261261642,0.0,0.08382762223482132,0.0,0.05795617029070854,0.04531797394156456,0.02548079751431942,0.012035313993692398,0.011811355128884315,-0.011627068743109703,-0.00018825818551704288,0.01526575069874525,0.02140105329453945,0.006859626155346632,-0.07481815665960312,0.019969964399933815,0.0,-0.010188761167228222,0.010968194343149662,0.04370875656604767,0.0
0.06735404580831528,0.0038242037408053875,0.01110324077308178,0.0,-0.049611274152994156,0.0,-0.0006248077261261642,0.0,-0.013265242800116539,0.0,-0.03123367577791214,0.023999109864234924,-0.2339511662721634,0.02708239108324051,0.09622356295585632,-0.0341450534760952,0.07316622138023376,0.09270347654819489,0.04990421608090401,0.014060272835195065,-0.03971712663769722,-0.10111178457736969,0.0,0.00899236835539341,0.04860662296414375,0.047670330852270126,0.0
0.03717757761478424,-0.009224092587828636,0.008057180792093277,0.0,-0.05831695348024368,0.0,-0.0006248077261261642,0.0,-0.01290545891970396,0.0,-0.04588531702756882,0.036765336990356445,0.06838738918304443,-0.03363097459077835,-0.17943304777145386,-0.07219070941209793,0.09028084576129913,0.1106104850769043,-0.022999977692961693,-0.047399017959833145,-0.10933782160282135,-0.018399329856038094,0.0,-0.003217555582523346,-0.03005354478955269,0.053324144333601,0.0
0.1026158258318901,0.001096126507036388,0.011520537547767162,0.0,-0.046370718628168106,0.0,-0.0006248077261261642,0.0,-0.011236533522605896,0.0,0.005547842942178249,0.03385920450091362,0.06359133869409561,0.004799868445843458,0.028375983238220215,-0.09732406586408615,0.11604157835245132,0.09417552500963211,0.02273460291326046,0.047479476779699326,-0.08910983800888062,-0.021456923335790634,0.0,0.024189192801713943,0.020992247387766838,0.044797129929065704,0.0
0.07021350413560867,0.014160079881548882,0.010141751728951931,0.0,0.07322242856025696,0.0,-0.00427926005795598,0.0,0.07878787815570831,0.0,0.04681236296892166,0.010978003963828087,0.35860875248908997,-0.1372697651386261,0.07370312511920929,0.0651049092411995,-0.021426450461149216,-0.21091808378696442,0.0006188766565173864,0.09081164002418518,-0.07679066061973572,-0.0007735304534435272,0.0,-0.004388677421957254,-0.020457128062844276,0.03655856475234032,0.0
0.033716801553964615,0.004725374281406403,0.008312583900988102,0.0,0.0707789957523346,0.0,-0.0008969297632575035,0.0,0.08515961468219757,0.0,0.0350022055208683,-0.040208086371421814,0.07995983958244324,0.0902034118771553,-0.11796259135007858,0.11849509924650192,0.04123726487159729,-0.16472259163856506,0.03726651892066002,0.003539928700774908,0.16243185102939606,-0.15625207126140594,0.0,-0.007161079905927181,-0.0626692920923233,0.04049891233444214,0.0
-0.026966994628310204,-0.0025544895324856043,0.010157194919884205,0.0,0.04016966372728348,0.0,-0.0009590102126821876,0.0,-0.012415884993970394,0.0,0.05884280800819397,-0.028358129784464836,-0.03568234667181969,-0.11861103028059006,0.07125993818044662,-0.037000738084316254,-0.001258169300854206,0.13061563670635223,-0.0013964478857815266,-0.02632484957575798,0.11293873935937881,-0.009651066735386848,0.0,0.012000150978565216,-0.012616913765668869,0.035785868763923645,0.0
0.030837859958410263,-0.002045563654974103,0.012086814269423485,0.0,0.06302869319915771,0.0,-0.0008969297632575035,0.0,-0.01835298351943493,0.0,0.05427204445004463,-0.016368795186281204,-0.09965386241674423,0.12747511267662048,-0.04748637601733208,-0.13684973120689392,0.09706492722034454,-0.12079083919525146,0.02789212390780449,0.04225945845246315,0.2226848006248474,-0.031125754117965698,0.0,-0.011308949440717697,0.004365846980363131,0.03712230175733566,0.0
0.0843481495976448,0.014503736048936844,0.006066114641726017,0.0,0.0655636265873909,0.0,-0.0014628666685894132,0.0,-0.014632482081651688,0.0,0.04265904054045677,-0.054332174360752106,-0.1685163825750351,0.1061764732003212,-0.1387445628643036,0.031775109469890594,-0.01267283596098423,-0.19642052054405212,-0.048593275249004364,-0.19048549234867096,-0.10317434370517731,-0.021752934902906418,0.0,-0.014742798171937466,-0.008209265768527985,0.042670849710702896,0.0
0.051297061145305634,0.008024203591048717,-0.06714889407157898,0.0,0.03903695568442345,0.0,-0.0004001583147328347,0.0,-0.011281647719442844,0.0,-0.007360831834375858,-0.0271071195602417,0.004064649343490601,0.03662508353590965,0.05609280243515968,0.02000368759036064,-0.08550551533699036,0.300420343875885,-0.0033135286066681147,0.07040863484144211,-0.02716195024549961,0.14608600735664368,0.0,0.041757918894290924,0.0032095839269459248,0.04346449300646782,0.0
0.0678091049194336,-0.00872261542826891,0.011587275192141533,0.0,0.08480063825845718,0.0,0.005315816029906273,0.0,-0.013021664693951607,0.0,0.04396181181073189,0.03295822814106941,0.11978040635585785,-0.015175292268395424,0.022196665406227112,0.02675972320139408,0.03956998884677887,-0.19515570998191833,0.023717941716313362,-0.06588433682918549,-0.08743919432163239,-0.009971661493182182,0.0,-0.010677910409867764,0.0052998848259449005,0.05031943693757057,0.0
0.06423050165176392,0.0032718167640268803,0.010093268938362598,0.0,0.043895017355680466,0.0,-0.0006248077261261642,0.0,-0.011975383386015892,0.0,-0.03169846907258034,0.022299936041235924,-0.03758400306105614,-0.017480673268437386,0.034781564027071,-0.07086944580078125,0.10059341043233871,0.10690801590681076,0.033489782363176346,0.0037749900948256254,-0.06348269432783127,-0.08873336762189865,0.0,0.0041492413729429245,-0.0034408350475132465,0.035477835685014725,0.0
-0.06001715734601021,0.006565948948264122,0.013407167047262192,0.0,0.061915505677461624,0.0,0.00353815290145576,0.0,-0.008662885054945946,0.0,0.03947218507528305,-0.008616017177700996,-0.051148876547813416,-0.11368801444768906,0.06287573277950287,0.07178110629320145,-0.16496428847312927,-0.09173085540533066,-0.012863620184361935,0.0890422910451889,-0.1279902458190918,0.10244137793779373,0.0,0.038465097546577454,0.042699024081230164,0.04606577381491661,0.0
-0.06030799448490143,0.005907359533011913,0.016862429678440094,0.0,0.061226800084114075,0.0,0.00353815290145576,0.0,-0.01016419567167759,0.0,0.03814637288451195,-0.01414654403924942,0.09915156662464142,-0.008496440015733242,0.05551455169916153,0.12089357525110245,-0.1534438580274582,-0.061188362538814545,-0.010750852525234222,0.06897052377462387,-0.05613682419061661,0.11185147613286972,0.0,0.045679815113544464,0.04866304248571396,0.051030535250902176,0.0
-0.013770508579909801,0.01796692982316017,0.014965152367949486,0.0,-0.051538169384002686,0.0,-0.0009590102126821876,0.0,-0.016560915857553482,0.0,0.04963606968522072,0.015453812666237354,-0.02073315903544426,0.08093048632144928,-0.11588843911886215,0.038713499903678894,0.12489232420921326,0.01642291247844696,-0.03004545345902443,-0.08113312721252441,0.1849086731672287,0.04554302617907524,0.0,-0.014416541904211044,0.017338108271360397,0.05544880032539368,0.0
-0.029862001538276672,0.0044713569805026054,0.012636039406061172,0.0,-0.04397723823785782,0.0,-0.000545923481695354,0.0,-0.00887729786336422,0.0,0.04278387501835823,0.0251130573451519,-0.1635938435792923,0.11606784909963608,0.10979960113763809,-0.09169337898492813,-0.1915278136730194,0.048124756664037704,-0.008818908594548702,0.03429190069437027,0.06330882012844086,0.030835773795843124,0.0,0.05898260697722435,0.06429316103458405,0.05346347764134407,0.0
-0.027564169839024544,0.014689118601381779,0.010813433676958084,0.0,-0.025270823389291763,0.0,-0.0009590102126821876,0.0,-0.013879080303013325,0.0,0.04968182370066643,-0.015379645861685276,0.0901222825050354,0.1928011029958725,0.002968019573017955,0.023921135812997818,0.04502357915043831,0.2926161587238312,-0.021090658381581306,0.03588590398430824,0.15524563193321228,0.05022061988711357,0.0,-0.01392555981874466,-0.004419475793838501,0.05188795551657677,0.0
-0.0841887891292572,-0.007403146009892225,0.011107771657407284,0.0,0.04153181239962578,0.0,-0.0006248077261261642,0.0,0.08341442793607712,0.0,0.06112731248140335,0.041963011026382446,0.08533638715744019,0.028783254325389862,0.039947766810655594,-0.10553218424320221,0.061518773436546326,0.04346579313278198,0.018296530470252037,-0.037264157086610794,-0.07769400626420975,-0.05728726461529732,0.0,0.007749824784696102,-0.00843026489019394,0.0379256047308445,0.0
0.07585757970809937,0.014985132031142712,0.011871526017785072,0.0,-0.08613374084234238,0.0,-0.0006248077261261642,0.0,-0.013856884092092514,0.0,-0.002998111769556999,-0.023221861571073532,0.03248796984553337,0.0004671940114349127,0.019830429926514626,0.06836137175559998,0.039092306047677994,-0.04014476388692856,0.0025715597439557314,-0.08338578045368195,-0.09595274180173874,0.05211891978979111,0.0,0.003220590762794018,0.008820580318570137,0.06544538587331772,0.0
0.07755113393068314,0.014985132031142712,0.011871526017785072,0.0,-0.07823274284601212,0.0,-0.0006248077261261642,0.0,-0.01201258972287178,0.0,-0.03494276851415634,-0.022499997168779373,0.08198428899049759,0.012679103761911392,0.07931698858737946,-0.039562374353408813,0.07364753633737564,-0.02049046941101551,-0.0008148571942001581,-0.08612105995416641,-0.08474515378475189,0.08813530951738358,0.0,0.000952968723140657,0.018414271995425224,0.06336100399494171,0.0
-0.0978294312953949,-0.0029965213034301996,0.013173657469451427,0.0,0.08509745448827744,0.0,-0.0020801019854843616,0.0,0.07058778405189514,0.0,0.03324998542666435,0.04760313406586647,0.07284921407699585,0.07861544191837311,-0.04857540875673294,-0.05739424750208855,0.036599479615688324,-0.1554061621427536,-0.006866849027574062,0.07353091984987259,-0.05845552682876587,0.28273457288742065,0.0,0.009356120601296425,0.007078385911881924,0.04169753938913345,0.0
0.07882193475961685,0.0034639735240489244,0.011705806478857994,0.0,-0.08259419351816177,0.0,-0.000545923481695354,0.0,-0.018707647919654846,0.0,0.04259238392114639,0.012160034850239754,0.11195118725299835,0.09507156163454056,0.010319709777832031,0.05159301310777664,-0.15021629631519318,-0.14032435417175293,0.04069121927022934,0.01045447587966919,-0.1422010362148285,0.06679746508598328,0.0,-0.060233209282159805,-0.03539172559976578,0.05720052868127823,0.0
-0.015014627017080784,0.005497965030372143,0.010300585068762302,0.0,-0.07464434951543808,0.0,-0.0006248077261261642,0.0,-0.014240110293030739,0.0,0.03523654118180275,0.04905957728624344,0.032283004373311996,0.09479538351297379,0.027689851820468903,0.15540339052677155,0.17203550040721893,0.28100165724754333,0.04570802301168442,0.15935418009757996,-0.05439870432019234,0.21991689503192902,0.0,0.0031213765032589436,0.029897291213274002,0.0648030936717987,0.0
0.0721755400300026,0.003720367792993784,0.012175011448562145,0.0,-0.05275615304708481,0.0,-0.0006248077261261642,0.0,-0.012297590263187885,0.0,-0.006503780372440815,0.0538017638027668,-0.017469577491283417,-0.021532326936721802,0.057163842022418976,-0.027920231223106384,-0.07980773597955704,0.11509013921022415,0.002988920547068119,0.03732253983616829,-0.10090407729148865,-0.13215453922748566,0.0,0.002554528880864382,0.011717207729816437,0.04156123846769333,0.0
-0.044543176889419556,0.01742170937359333,0.012726499699056149,0.0,0.10276725888252258,0.0,-0.0020801019854843616,0.0,0.10892698168754578,0.0,0.0409272275865078,0.025661861523985863,0.15928472578525543,-0.0643211156129837,0.008674604818224907,0.11744456738233566,0.09711562097072601,-0.10893747210502625,0.018470043316483498,-0.007775323931127787,0.17448456585407257,0.011122209951281548,0.0,-0.008437545038759708,0.006592171266674995,-0.23100566864013672,0.0
0.021669616922736168,-0.007024540100246668,-0.06135556101799011,0.0,0.03414719179272652,0.0,-0.0006248077261261642,0.0,-0.013883501291275024,0.0,0.06031116470694542,0.012657346203923225,-0.27234235405921936,-0.007395443972200155,0.03813726827502251,-0.0672258585691452,-0.006639319472014904,0.07613934576511383,0.0162388626486063,-0.029087096452713013,-0.09563813358545303,-0.1585034728050232,0.0,-0.00483779888600111,-0.013099176809191704,0.03193080797791481,0.0
-0.08628635853528976,0.008254727348685265,0.011990036815404892,0.0,0.049143385142087936,0.0,-0.0004001583147328347,0.0,0.08219414204359055,0.0,0.047210000455379486,0.06296072155237198,0.09727582335472107,0.037428904324769974,0.12176959216594696,-0.006562339141964912,-0.05094212666153908,0.013207076117396355,-0.009936531074345112,-0.13320763409137726,-0.04904189705848694,0.06912435591220856,0.0,0.04294772073626518,0.011454660445451736,0.05444186553359032,0.0
0.036956898868083954,-0.009631937369704247,0.008920988067984581,0.0,0.03966432064771652,0.0,-0.0006248077261261642,0.0,-0.01267965417355299,0.0,0.058197908103466034,0.05165713280439377,0.017374739050865173,0.04848594218492508,0.08833330124616623,-0.04432951658964157,-0.03568236157298088,0.1373978555202484,-0.00511565338820219,0.002138532465323806,-0.010852079838514328,-0.008115154691040516,0.0,-0.005028617102652788,-0.031211253255605698,0.03296447917819023,0.0
-0.029295464977622032,-0.00879441574215889,0.008716568350791931,0.0,-0.048210661858320236,0.0,-0.0006248077261261642,0.0,-0.013427548110485077,0.0,-0.016404785215854645,0.019669311121106148,-0.176316037774086,-0.029862618073821068,-0.0006492151878774166,-0.06635275483131409,0.022752393037080765,0.1948600858449936,-0.004040670581161976,-0.08173126727342606,-0.11863851547241211,-0.18416976928710938,0.0,-0.0005470209289342165,0.00013800140004605055,0.039368484169244766,0.0
0.03629801422357559,-0.013750986196100712,0.006110879592597485,0.0,0.06699081510305405,0.0,0.003738437546417117,0.0,-0.012462579645216465,0.0,0.044540051370859146,0.011726098135113716,-0.24033230543136597,0.14041808247566223,-0.17589199542999268,-0.08619539439678192,-0.0627627819776535,-0.112247034907341,0.047642819583415985,-0.030082816258072853,-0.1192525327205658,-0.1021251380443573,0.0,0.0036723806988447905,0.018921546638011932,0.03453580662608147,0.0
0.06334943324327469,-0.013329186476767063,0.011116166599094868,0.0,-0.08061811327934265,0.0,-0.0006248077261261642,0.0,-0.016683664172887802,0.0,0.002173879649490118,0.06510017812252045,-0.010873131453990936,0.03489471599459648,-0.12171000987291336,-0.08697525411844254,0.041163571178913116,-0.06754747778177261,-0.011788982897996902,0.12024721503257751,-0.09300041198730469,-0.04120579734444618,0.0,-0.00695387227460742,-0.012004976160824299,0.04670083895325661,0.0
-0.022924376651644707,0.007794403471052647,0.012557253241539001,0.0,0.06537293642759323,0.0,-0.0013844945933669806,0.0,0.09116831421852112,0.0,0.0339747853577137,-0.011933507397770882,0.0011379248462617397,0.17337022721767426,-0.059968676418066025,0.06225499510765076,-0.17004023492336273,-0.08473295718431473,0.004846877418458462,0.08181531727313995,0.20520485937595367,0.02595033496618271,0.0,0.02947963960468769,-0.0009921505115926266,0.04640169441699982,0.0
-0.013770508579909801,0.004657462239265442,0.014470377936959267,0.0,-0.02609086036682129,0.0,-0.0009590102126821876,0.0,-0.013077843934297562,0.0,0.05455683544278145,0.01908944547176361,0.016736093908548355,0.13902853429317474,-0.012489868327975273,0.0932944267988205,0.1379367858171463,0.07009384036064148,-0.038481082767248154,-0.1194029226899147,0.17491288483142853,0.03870147466659546,0.0,-0.006378581747412682,0.03423617407679558,0.05849218741059303,0.0
-0.048434067517519,-7.548736175522208e-05,0.014846100471913815,0.0,0.07454343885183334,0.0,-0.0004001583147328347,0.0,0.08197733759880066,0.0,0.041122693568468094,0.04898863285779953,0.11059902608394623,0.05925942584872246,0.010947804898023605,-0.15347535908222198,-0.24975807964801788,-0.09419038146734238,0.01609431952238083,0.08298393338918686,0.1610797643661499,-0.1955185979604721,0.0,0.04393317177891731,-0.006435250863432884,-0.18586918711662292,0.0
-0.04491477087140083,-0.003649309277534485,0.012479139491915703,0.0,0.08774329721927643,0.0,-0.0020801019854843616,0.0,0.10524264723062515,0.0,0.034227266907691956,-0.02128617651760578,-0.06659086793661118,0.021127404645085335,0.0206310972571373,0.03743495047092438,0.0775153636932373,-0.1261247843503952,0.008545828983187675,-0.07729609310626984,0.23769015073776245,-0.23740437626838684,0.0,0.00023476191563531756,-0.028559595346450806,-0.258315771818161,0.0
-0.028435634449124336,0.012888613156974316,0.01013756264001131,0.0,0.0362689271569252,0.0,0.0015967306680977345,0.0,-0.01695856638252735,0.0,-0.01300954632461071,-0.025962872430682182,-0.10887797921895981,-0.02091260254383087,0.05145616829395294,-0.09649275988340378,-0.05598773434758186,0.1866539716720581,0.013808493502438068,0.06709063798189163,-0.08598675578832626,0.032926950603723526,0.0,-0.0025738864205777645,-0.02234729938209057,0.03764079138636589,0.0
0.10750502347946167,0.007881110534071922,0.010437212884426117,0.0,-0.07670434564352036,0.0,-0.0004001583147328347,0.0,-0.012321753427386284,0.0,0.02344433404505253,0.07222933322191238,0.07534690201282501,0.07527859508991241,-0.0004691818612627685,0.007518545724451542,-0.21486812829971313,0.326353520154953,0.01211531087756157,0.08206717669963837,-0.030095022171735764,-0.35596105456352234,0.0,0.047214116901159286,-0.021296480670571327,0.047304704785346985,0.0
-0.033447474241256714,0.006171836983412504,-0.07079878449440002,0.0,0.02816854976117611,0.0,-0.0004001583147328347,0.0,-0.015430476516485214,0.0,-0.2190449833869934,-0.017908912152051926,-0.21341827511787415,0.06190058961510658,0.022358577698469162,0.04903613030910492,-0.127975195646286,-0.06619727611541748,0.03370892256498337,0.07858159393072128,0.21814705431461334,-0.14815568923950195,0.0,-0.019248517230153084,-0.03237864375114441,0.06705135852098465,0.0
0.10311342030763626,0.005360731855034828,0.01268276758491993,0.0,-0.08795285224914551,0.0,-0.001480552600696683,0.0,-0.018350422382354736,0.0,0.04355873540043831,0.03108021430671215,0.4148743152618408,0.16399385035037994,0.03730136156082153,0.07251746952533722,0.050898149609565735,-0.09912515431642532,0.0548209510743618,0.2230452597141266,0.16507679224014282,0.04290399327874184,0.0,-0.0019889206159859896,-0.01738852635025978,0.060206566005945206,0.0
0.10220558196306229,0.0024493339005857706,0.01268276758491993,0.0,-0.07602100819349289,0.0,-0.0007614208734594285,0.0,-0.013214165344834328,0.0,0.03642907366156578,0.03111512027680874,0.38956576585769653,0.06415802985429764,0.02972552180290222,0.08482395857572556,-0.13627831637859344,-0.1492723822593689,0.04064122959971428,0.24037835001945496,0.16083011031150818,0.0031955051235854626,0.0,-0.0466216616332531,-0.013507440686225891,0.05985657498240471,0.0
0.09564123302698135,-0.003248728346079588,0.011105740442872047,0.0,-0.05890657752752304,0.0,-0.0005706616793759167,0.0,-0.014255932532250881,0.0,0.04473671689629555,0.021870389580726624,0.3790251612663269,0.08787829428911209,0.03744278848171234,0.05196665972471237,0.04977604001760483,-0.05701306462287903,0.056161753833293915,0.16536012291908264,0.11579424142837524,0.03363544121384621,0.0,0.010525050573050976,-0.018168259412050247,0.060605451464653015,0.0
-0.0572524219751358,-0.010062125511467457,-0.07358121871948242,0.0,0.029275886714458466,0.0,-0.0004001583147328347,0.0,-0.016825875267386436,0.0,-0.005569239147007465,-0.03749100863933563,-0.10288859158754349,-0.03196682780981064,-0.12144509702920914,-0.05840619280934334,-0.09456891566514969,-0.05078516900539398,0.001276034046895802,-0.07873835414648056,-0.11069072037935257,-0.1375274658203125,0.0,0.039195466786623,0.022985808551311493,0.03509189561009407,0.0
0.03737569600343704,-0.0013046927051618695,-0.0792822390794754,0.0,0.025043494999408722,0.0,-0.0004001583147328347,0.0,-0.010531161911785603,0.0,-0.023867953568696976,-0.027065865695476532,-0.03878162056207657,-0.05337018147110939,0.03412641957402229,-0.041968487203121185,-0.0735771507024765,0.20767861604690552,-0.015032274648547173,-0.029728980734944344,-0.041149888187646866,-0.17775294184684753,0.0,0.0378163605928421,-0.0014261225005611777,0.03677867352962494,0.0
0.05085286498069763,0.005856625270098448,0.011142776347696781,0.0,0.07140694558620453,0.0,0.010935886763036251,0.0,0.07986749708652496,0.0,0.04826965928077698,0.01694895140826702,0.04577885940670967,0.201151505112648,-0.053331270813941956,0.05563408136367798,0.031813543289899826,-0.14556752145290375,-0.025529952719807625,0.03289204090833664,0.13062384724617004,0.006831596605479717,0.0,-0.0017806881805881858,-0.026511939242482185,0.034771502017974854,0.0
-0.030932985246181488,-0.00144501356408,0.012051581405103207,0.0,-0.03464938700199127,0.0,-0.0006248077261261642,0.0,-0.015061607584357262,0.0,0.06098710745573044,0.04781891405582428,-0.12710507214069366,-0.050947029143571854,0.03370010107755661,-0.08228935301303864,0.022778991609811783,0.27713271975517273,0.030710015445947647,0.06270509213209152,0.11608549952507019,-0.06525193154811859,0.0,-0.042067088186740875,-0.016996871680021286,0.04378354549407959,0.0
0.07714441418647766,-0.0015402319841086864,0.013110862113535404,0.0,0.06098874658346176,0.0,0.0021880650892853737,0.0,0.0492100864648819,0.0,0.037206120789051056,0.023401163518428802,-0.06371384859085083,-0.019467854872345924,0.0736965462565422,-0.07233579456806183,-0.216125950217247,-0.14705917239189148,0.01937931217253208,-0.02689073234796524,-0.10732388496398926,-0.11935649067163467,0.0,0.03349703177809715,0.018483618274331093,0.034397318959236145,0.0
0.02571726404130459,-0.004798943642526865,0.011533780954778194,0.0,-0.042990341782569885,0.0,-0.0009590102126821876,0.0,-0.011918899603188038,0.0,0.047037191689014435,0.020256897434592247,0.031041879206895828,0.20871655642986298,0.01479190681129694,-0.0702078640460968,0.13071800768375397,0.2952135503292084,0.01780680939555168,0.0476350262761116,-0.023868462070822716,-0.017447203397750854,0.0,0.025375651195645332,0.027409205213189125,0.04258858412504196,0.0
0.0577990747988224,0.004920401144772768,0.013267520815134048,0.0,0.0997089147567749,0.0,-0.0020801019854843616,0.0,-0.016389185562729836,0.0,-0.08148591220378876,-0.05615593492984772,0.12725666165351868,0.11030110716819763,0.06456490606069565,0.15670277178287506,0.12428443133831024,-0.16693535447120667,2.8815935365855694e-05,-0.008632656186819077,-0.08906394988298416,0.020649775862693787,0.0,0.010135265998542309,0.03277207165956497,0.05502048879861832,0.0
0.0627119168639183,0.004628765396773815,0.013083413243293762,0.0,0.07873793691396713,0.0,-0.0020801019854843616,0.0,-0.016620157286524773,0.0,0.04775262251496315,-0.021595483645796776,0.17583762109279633,-0.051118746399879456,0.1175941750407219,0.22650146484375,0.10001737624406815,-0.11002731323242188,-0.00041484134271740913,0.008551434613764286,-0.08208132535219193,0.007601118180900812,0.0,0.0037096242886036634,0.01950112357735634,0.0541556179523468,0.0
0.07263325899839401,0.0036284748930484056,0.01046015229076147,0.0,0.07901763170957565,0.0,0.005315816029906273,0.0,-0.015316177159547806,0.0,0.036118581891059875,-0.0484653115272522,0.10856413096189499,0.052134156227111816,0.0010318238055333495,0.11564905196428299,0.007143775466829538,-0.21348778903484344,-0.01025562733411789,0.009308230131864548,-0.09519320726394653,-0.03709276765584946,0.0,-0.049793727695941925,0.02721576951444149,0.0501227080821991,0.0
-0.03880606219172478,0.007461423985660076,0.014103448949754238,0.0,0.08373764157295227,0.0,0.010935886763036251,0.0,-0.013306522741913795,0.0,0.03294729068875313,0.045844752341508865,-0.08293065428733826,0.1195940300822258,-0.019355475902557373,0.046636924147605896,-0.015359949320554733,-0.09891396760940552,-0.015627248212695122,-0.11034123599529266,0.12450628727674484,-0.0595037080347538,0.0,0.005149771459400654,-0.021470932289958,0.046976953744888306,0.0
-0.017816169187426567,-0.0020660413429141045,0.010851654224097729,0.0,-0.0915176197886467,0.0,-0.0020801019854843616,0.0,-0.017093978822231293,0.0,0.03747827932238579,-0.05366148799657822,0.08203490823507309,0.012615611776709557,0.015849385410547256,0.1753256916999817,-0.03920953720808029,-0.18564219772815704,0.009949036873877048,0.048073019832372665,0.18739132583141327,-0.09746985882520676,0.0,-0.003299362026154995,0.0007801178144291043,0.05356927216053009,0.0
-0.010799986310303211,0.020297039300203323,0.013382037170231342,0.0,-0.023092135787010193,0.0,-0.0006248077261261642,0.0,-0.01380769070237875,0.0,0.07284665107727051,-0.02924235351383686,0.05537405237555504,0.12328183650970459,0.07365429401397705,0.18375644087791443,0.18441222608089447,0.09269785135984421,0.03808676078915596,0.13629664480686188,0.1512971818447113,-0.030164439231157303,0.0,0.009267513640224934,0.01612991839647293,0.0551663301885128,0.0
-0.04704441875219345,0.02573675662279129,0.01303656306117773,0.0,-0.05256592482328415,0.0,-0.0006248077261261642,0.0,-0.013513038866221905,0.0,0.06690657883882523,-0.059370800852775574,0.03390837088227272,0.15764299035072327,0.05253387987613678,0.20559728145599365,0.18482406437397003,0.12125495821237564,0.020608726888895035,0.028933662921190262,-0.06243861839175224,0.05220421776175499,0.0,0.00253168772906065,0.014207417145371437,0.06453350931406021,0.0
-0.05009745806455612,-0.0013046927051618695,-0.08104850351810455,0.0,0.02375178039073944,0.0,-0.0004001583147328347,0.0,-0.010765492916107178,0.0,-0.029924899339675903,-0.023636290803551674,-0.0021031894721090794,-0.03822385519742966,0.019942793995141983,-0.04267081990838051,-0.07843267917633057,0.06189636141061783,-0.013108676299452782,-0.025022683665156364,-0.07581792026758194,-0.11574220657348633,0.0,0.046789947897195816,0.04297993332147598,0.04014292731881142,0.0
-0.05996355041861534,0.008020196110010147,0.013534446246922016,0.0,-0.10718315839767456,0.0,-0.0009590102126821876,0.0,-0.018684925511479378,0.0,0.030799737200140953,-0.02525332197546959,0.10310359299182892,0.18632355332374573,-0.006776521913707256,-0.13316775858402252,0.1109468936920166,-0.16572913527488708,0.061254728585481644,-0.025365743786096573,-0.10254310071468353,-0.47222018241882324,0.0,-0.09429886192083359,-0.054524824023246765,0.06717105209827423,0.0
0.08169679343700409,-0.004419970326125622,0.010315041057765484,0.0,0.052781905978918076,0.0,0.0024508037604391575,0.0,-0.010544880293309689,0.0,0.04512568563222885,0.052358757704496384,-0.084752157330513,-0.18345050513744354,0.01831398904323578,-0.1198677271604538,0.08564754575490952,0.1388513743877411,-0.007792184129357338,0.008948293514549732,-0.05568105727434158,-0.015470688231289387,0.0,0.014595070853829384,-0.012925857678055763,0.03668623045086861,0.0
0.1077198013663292,-0.004968702327460051,0.010301727801561356,0.0,0.05759487673640251,0.0,0.002028376329690218,0.0,0.10690070688724518,0.0,0.04084969684481621,0.028520001098513603,0.1440340131521225,0.2030615657567978,-0.09603844583034515,-0.057315632700920105,0.08923864364624023,-0.08476515114307404,0.06082499772310257,0.05840008705854416,0.13186362385749817,-0.031720276921987534,0.0,-0.04199429973959923,0.0007984162657521665,0.046699848026037216,0.0
0.06685246527194977,-0.011390507221221924,0.012239012867212296,0.0,-0.050404999405145645,0.0,-0.0006248077261261642,0.0,-0.012979396618902683,0.0,0.05593717470765114,0.06467176973819733,0.15255388617515564,0.07478997111320496,0.07821278274059296,-0.004059994593262672,0.03051895461976528,0.12036369740962982,-0.010477938689291477,0.09131588041782379,-0.07710764557123184,-0.03842747211456299,0.0,0.014737902209162712,0.023745963349938393,0.04599141329526901,0.0
-0.06996326148509979,0.007803367916494608,0.012122278101742268,0.0,-0.09874147921800613,0.0,-0.0004001583147328347,0.0,-0.009158742614090443,0.0,-0.04045538231730461,0.060121748596429825,0.10472023487091064,-0.0010986905544996262,-0.01532529853284359,-0.06859799474477768,-0.0463242307305336,-0.135493203997612,0.017212793231010437,0.011113429442048073,-0.11680229753255844,0.053357623517513275,0.0,0.04369384050369263,0.03819901868700981,0.04788311943411827,0.0
-0.029350608587265015,0.010501917451620102,-0.07424291968345642,0.0,0.031226063147187233,0.0,-0.000545923481695354,0.0,-0.008479148149490356,0.0,0.04979376494884491,-0.0183674655854702,-0.09887854754924774,-0.08519008010625839,0.16976623237133026,0.026345985010266304,-0.08843198418617249,0.2985526919364929,-0.019615324214100838,0.09947352856397629,0.02205328270792961,0.08239442855119705,0.0,0.060672905296087265,0.027797700837254524,0.04039629548788071,0.0
-0.06119255721569061,-0.010725581087172031,0.012324393726885319,0.0,-0.09992020577192307,0.0,-0.0013844945933669806,0.0,-0.021269086748361588,0.0,0.02483988367021084,0.033059194684028625,-0.1508851945400238,0.009218594059348106,-0.018327150493860245,-0.14040972292423248,-0.10940632224082947,-0.2711411416530609,-0.03144744783639908,-0.03529862314462662,-0.13197560608386993,-0.3754165768623352,0.0,-0.1506187915802002,-0.038164470344781876,0.049121029675006866,0.0
-0.033738210797309875,-0.012615207582712173,0.011416404508054256,0.0,-0.03865768015384674,0.0,-0.0009590102126821876,0.0,-0.015122330747544765,0.0,0.034232720732688904,0.05305451899766922,0.07596170902252197,0.01768653281033039,0.06762395799160004,-0.11581633239984512,-0.03251468390226364,0.04932193458080292,-0.01573503203690052,0.027517087757587433,0.14136061072349548,-0.4033162593841553,0.0,-0.06923691928386688,-0.025398680940270424,0.050136130303144455,0.0
-0.022081371396780014,-0.011133559048175812,0.008488357067108154,0.0,-0.03260128200054169,0.0,-0.0009590102126821876,0.0,-0.015110738575458527,0.0,0.03362792357802391,-0.028914080932736397,0.023424627259373665,0.02445247583091259,-0.005394794046878815,0.17039209604263306,-0.053312767297029495,0.3584000766277313,0.004725124221295118,0.053913045674562454,0.20250508189201355,-0.2701721489429474,0.0,-0.03643148019909859,0.014973381534218788,0.04633818939328194,0.0
-0.04820067062973976,-0.004441032651811838,-0.05906422436237335,0.0,0.04612032324075699,0.0,-0.0006248077261261642,0.0,-0.013720419257879257,0.0,-0.25136443972587585,-0.012555072084069252,0.1008267030119896,-0.05048197880387306,0.14428995549678802,0.19079042971134186,0.12594693899154663,0.2937116026878357,0.03545191138982773,0.14969220757484436,0.07176577299833298,0.09754544496536255,0.0,-0.02900739572942257,0.0032245167531073093,0.05166446417570114,0.0
