NumHAcceptors,NumHDonors,anchor_end_PA,anchor_end_SA,anchor_end_CA,anchor_end_BA,anchor_end_O,anchor_end_SiO,anchor_end_N,anchor_end_S,alkyl_num,frag_sym,HOMO_calc,LUMO_calc,dipole,MPI,surface_min,surface_max,TPSA,MolLogP,PSA,control_PCE,MetalOxide_ITO,MetalOxide_NiOx,MetalOxide_SnO2,MetalOxide_TiO2,MetalOxide_ZnO
-0.02103208564221859,-0.005094164051115513,-0.030554242432117462,4.1302700992673635e-05,0.020324451848864555,-0.0011899269884452224,-0.0015203629154711962,0.0006180823547765613,-0.0036238885950297117,-0.0001836770970840007,0.01807710900902748,-0.012441235594451427,0.02536361664533615,-0.0265903752297163,0.028219180181622505,0.13884331285953522,0.0052197943441569805,0.1886797994375229,0.004403428640216589,-0.00034393678652122617,-0.029570138081908226,0.07261398434638977,0.00013563217362388968,-0.013432339765131474,0.0018656471511349082,0.0018191176932305098,-0.0020281891338527203
0.006955607328563929,-0.02674061805009842,-0.049123287200927734,8.740442717680708e-05,0.013454173691570759,-0.001237316057085991,-0.0018295743502676487,0.000400564051233232,-0.008702030405402184,-5.463598790811375e-05,-0.0057656290009617805,-0.013237654231488705,0.16169972717761993,-0.13224594295024872,-0.08420591056346893,-0.04531010240316391,-0.05479149520397186,0.03217524662613869,-0.032788392156362534,-0.12538953125476837,-0.04889939725399017,0.014957086183130741,0.00013669516192749143,-0.01695905439555645,-0.0027861858252435923,0.0034246190916746855,-0.001895454479381442
0.083368681371212,0.014756622724235058,-0.009139244444668293,0.0003184227389283478,0.03132176771759987,-0.0007401801995001733,-0.0003564007056411356,0.00020648667123168707,-0.0035844692029058933,-4.200610419502482e-05,0.03430955484509468,-0.00768432579934597,0.6751067042350769,0.06291157752275467,0.08010777831077576,0.09536162763834,0.04534929618239403,0.14882047474384308,0.039335355162620544,0.4681585133075714,0.6343962550163269,0.10340913385152817,0.00011785638344008476,-0.007216833531856537,-0.0017324695363640785,0.007074201479554176,-0.0015116070862859488
0.013756874017417431,-0.0011869542067870498,0.01637292094528675,-0.004542519338428974,0.04131202772259712,-0.0008496645023114979,-0.001684560440480709,0.0016955221071839333,-0.005375380162149668,-6.795895023969933e-05,0.020180299878120422,0.03125179558992386,-0.0385592095553875,0.010207626968622208,-0.061002466827631,-0.042115069925785065,0.0013336706906557083,-0.05813219025731087,-0.0027046881150454283,0.014091813005506992,-0.04156344756484032,0.1957935392856598,0.0002739299670793116,0.0062885223887860775,-0.00021566955547314137,-0.020491281524300575,-0.003058403031900525
0.0027496509719640017,-0.0014133007498458028,0.005053995177149773,-0.007290250156074762,0.03130967915058136,-0.0019666622392833233,-0.0006454900139942765,0.0017123086145147681,-0.00389292580075562,-4.752343738800846e-05,0.025013567879796028,0.0187450610101223,-0.07433946430683136,0.023856841027736664,-0.011373153887689114,-0.022734282538294792,0.018173955380916595,0.11999178677797318,0.00837623979896307,0.011745670810341835,-0.03193703293800354,0.2105981856584549,0.0005090766353532672,0.001216271659359336,0.018589558079838753,-0.006805928889662027,-0.0023319097235798836
-0.04037824645638466,0.009666257537901402,0.012373102828860283,4.797573637915775e-05,-0.02527795359492302,-0.0004365959030110389,-0.0012722158571705222,0.0006367635214701295,-0.006811675615608692,-0.0002956209355033934,0.018396539613604546,-0.018346870318055153,-0.05415552854537964,0.01676211878657341,0.011217204853892326,0.011767275631427765,-0.008600723929703236,-0.07083145529031754,0.011446524411439896,-0.08741451054811478,0.019211823120713234,-0.5282540321350098,0.00011442167306086048,0.0043679834343492985,0.01055918075144291,0.010284749791026115,-0.005114421714097261
0.004594557452946901,0.006513862870633602,0.006502584554255009,0.00014074875798542053,-0.013991357758641243,-0.0005150620127096772,-0.0006752039189450443,0.0009237178601324558,-0.0028934970032423735,-0.0001666952739469707,0.019472947344183922,-0.009416102431714535,0.012245510704815388,0.06839218735694885,0.01381633896380663,0.12283901870250702,0.0031638438813388348,0.14177368581295013,0.03587080538272858,0.021356692537665367,0.0461580753326416,-0.5367392897605896,0.0001267409388674423,0.014624570496380329,-0.007928984239697456,-0.011957929469645023,-0.0037602903321385384
-0.011136766523122787,0.00393066368997097,0.007133040577173233,5.462504850584082e-05,-0.024624058976769447,-0.0013920068740844727,-0.000736307178158313,0.000291826348984614,-0.0028007158543914557,-8.796699694357812e-05,0.011346151120960712,-0.02049628645181656,-0.054242342710494995,0.04891035333275795,-0.0035870089195668697,-0.07761002331972122,0.02887614443898201,0.08508462458848953,0.020344572141766548,-0.07567893713712692,-0.031952619552612305,-0.565536379814148,0.000152934982907027,0.005489640403538942,0.01930123008787632,0.004741621669381857,-0.002914894139394164
-0.07233045250177383,-0.02382359839975834,0.017676569521427155,-0.00013816494902130216,-0.06854637712240219,-0.0017470528837293386,-0.003478005062788725,0.0002481193223502487,-0.005531027913093567,-0.00026950507890433073,0.0005764517700299621,-0.04460926726460457,-0.17006701231002808,-0.15423403680324554,-0.06002902239561081,-0.17200906574726105,-0.06346260756254196,-0.26753729581832886,-0.02315588854253292,-0.12063180655241013,-0.09073812514543533,-0.7119567394256592,0.00010748797649284825,0.04086451604962349,0.04012263938784599,-0.0041335406713187695,-0.0033407844603061676
-0.025264741852879524,-0.018396474421024323,0.013337399810552597,1.4720098988618702e-05,-0.022096047177910805,-0.0015668126288801432,-0.0010966639965772629,0.00039960621506907046,-0.005032137501984835,-0.0002959706471301615,0.00044117611832916737,-0.028577692806720734,-0.12599390745162964,-0.034298136830329895,-0.0019859676249325275,-0.11437820643186569,-0.023800870403647423,-0.06492870301008224,-0.008694762364029884,-0.022741954773664474,0.014089379459619522,-0.6028422117233276,0.00011333909787936136,0.007797493599355221,0.00783134438097477,0.017285529524087906,-0.010556637309491634
-0.0294635072350502,-0.006821401882916689,0.010523372329771519,0.0003611675347201526,-0.03533356636762619,-0.0015452079242095351,-0.001905084471218288,0.0007961674127727747,-0.007325225044041872,-4.014539081254043e-05,0.014374960213899612,-0.030690642073750496,-0.09375651180744171,-0.00024677388137206435,0.02340010739862919,-0.057151149958372116,-0.036842454224824905,-0.07313022762537003,-0.008254192769527435,0.0209417175501585,0.02278977446258068,0.5577008128166199,0.0006170293781906366,0.005412469618022442,0.006272781640291214,-0.06309951841831207,-0.009902161546051502
-0.03297163546085358,-0.008068988099694252,0.010335623286664486,3.0294813768705353e-05,-0.031249424442648888,-0.0005537710967473686,-0.0016520344652235508,0.0005986951873637736,-0.0089981434866786,-0.00033979665022343397,0.015444496646523476,-0.019307883456349373,-0.0482524074614048,-0.022065840661525726,0.004339670296758413,-0.011941355653107166,-0.038153667002916336,-0.04760367050766945,-0.0052621192298829556,-0.0963098481297493,0.01855493150651455,-0.24745561182498932,0.00012607991811819375,-0.011086421087384224,-0.0075776660814881325,0.008754225447773933,-0.005286818370223045
-0.10360217094421387,-0.013075515627861023,0.007776863873004913,-0.00014283515338320285,-0.09662219136953354,-0.0020319665782153606,-0.004190625157207251,-0.0008587717893533409,-0.007783382665365934,-0.0006645775283686817,-0.008675433695316315,-0.055383436381816864,-0.3297707438468933,-0.21202053129673004,-0.09561514109373093,-0.23789750039577484,-0.09133002161979675,-0.3878192603588104,-0.02600373513996601,-0.1406092494726181,-0.11108711361885071,-0.6462916731834412,0.0001204223299282603,-0.09635849297046661,-0.029849344864487648,-0.011882739141583443,-0.003614480374380946
-0.08432925492525101,-0.015859456732869148,0.010053257457911968,-0.00012001989671261981,-0.08810246735811234,-0.0010646567679941654,-0.0019455183064565063,-0.0010019666515290737,-0.010167469270527363,-0.0006712567410431802,0.000273192476015538,-0.039169955998659134,-0.20241917669773102,-0.1664329618215561,-0.01785244420170784,-0.1846369206905365,-0.05469661206007004,-0.2776356637477875,-0.006908342242240906,-0.10264388471841812,-0.1623346209526062,-0.5441286563873291,0.00012969147064723074,-0.08127086609601974,-0.019994337111711502,-0.002742169890552759,-0.005296607967466116
-0.01354982890188694,-0.003069456899538636,0.011264901608228683,1.041332507156767e-05,-0.019682414829730988,-0.0005441551329568028,-0.0009193318546749651,0.0007046694518066943,-0.007279145997017622,-0.00032202136935666203,0.018207212910056114,-0.02485457807779312,0.0002644584747031331,-0.010788320563733578,0.033465202897787094,0.05190723389387131,0.07190516591072083,0.018072642385959625,0.0027091631200164557,-0.07154078036546707,0.03430384397506714,-0.10949720442295074,0.00012607991811819375,0.003918016329407692,-0.00012731083552353084,0.011154461652040482,-0.00393966818228364
-0.0068852100521326065,-0.000733469205442816,0.011427286081016064,7.56605586502701e-05,-0.016451289877295494,-0.0009681785595603287,-0.0006038958090357482,0.0010655741207301617,-0.005743131972849369,-0.00026744138449430466,0.02225695177912712,-0.020737051963806152,0.04409443959593773,0.07663766294717789,0.05575376749038696,0.09090573340654373,0.10186576843261719,0.049835607409477234,0.007453288417309523,0.012809122912585735,0.05027548968791962,-0.05124538391828537,0.00012306924327276647,0.0041037667542696,0.007933552376925945,0.013979358598589897,-0.004087294451892376
-0.02807997167110443,-0.005550778470933437,0.005725041497498751,0.00019927218090742826,0.01772955246269703,0.002973034977912903,-0.0007174211787059903,0.000732625718228519,-0.004889204632490873,-0.0003411423822399229,0.035058993846178055,-0.018711833283305168,-0.02289210818707943,0.0036914232186973095,-0.03935353085398674,-0.038485459983348846,0.03263470530509949,0.09710237383842468,-0.0036372188478708267,-0.015073578804731369,-0.06814106553792953,0.16466519236564636,-0.01202609483152628,0.00285386573523283,0.014721277169883251,-0.000845538335852325,-0.003976911306381226
-0.01326005719602108,-0.00572584941983223,0.007309966254979372,0.00019239899120293558,0.019612856209278107,0.010195385664701462,-0.0006070484523661435,0.0009150297264568508,-0.004557262174785137,9.368601604364812e-05,0.0361795537173748,-0.017623700201511383,0.025678856298327446,-0.014678425155580044,0.008585902862250805,0.0012275027111172676,0.07189902663230896,0.1373031735420227,0.010616538114845753,-4.5509281335398555e-05,0.058969106525182724,0.32495924830436707,-0.009485130198299885,0.005081739276647568,0.012874694541096687,0.00187510228715837,-0.0038188856560736895
-0.03653312101960182,-0.010448484681546688,0.005698690190911293,-0.0009232634329237044,0.017363373190164566,0.003187356051057577,-0.0012554543791338801,0.0006905086920596659,-0.0061131794936954975,-4.0834202081896365e-05,0.024238327518105507,-0.01928071863949299,-0.06454731523990631,-0.05097924917936325,-0.1389540731906891,-0.08809342980384827,-0.04516403004527092,0.00882107112556696,-0.009273077361285686,-0.04376620799303055,-0.06262344121932983,0.044958509504795074,-0.011640307493507862,0.002702900907024741,-0.0006029707728885114,-0.0027707151602953672,-0.003623523283749819
-0.07791604846715927,-0.012369371950626373,-0.08674188703298569,0.00016503551159985363,0.015873413532972336,-0.002072292612865567,-0.003354679560288787,0.0005038492381572723,-0.005801077000796795,-1.9377770513528958e-05,-0.6640557050704956,-0.028789406642317772,-0.10084926337003708,-0.11052587628364563,0.009897883981466293,-0.10337503254413605,-0.1497623324394226,-0.11997929960489273,0.008146966807544231,-0.1110314279794693,-0.10306636244058609,-0.025689132511615753,0.00030691613210365176,0.006767969112843275,-0.012108378112316132,-0.06469152122735977,-0.0036174997221678495
-0.07097703963518143,-0.014089358039200306,-0.0988011360168457,0.0011868041474372149,0.012084477581083775,-0.0008803682867437601,-0.003481848631054163,0.0009456344996578991,-0.009631521999835968,2.4144026610883884e-05,-0.23570771515369415,-0.028095848858356476,-0.13433438539505005,-0.052525170147418976,-0.06482838094234467,-0.11724530905485153,-0.20309048891067505,-0.09513603150844574,0.0005280235782265663,-0.08439428359270096,-0.00487789511680603,0.01667393185198307,0.00045851123286411166,0.0019199091475456953,-0.0008148315246216953,-0.042376115918159485,-0.00529753603041172
-0.040097858756780624,-0.0030987891368567944,-0.03550390154123306,0.00015656817413400859,0.022697189822793007,-0.0017106496961787343,-0.000853311677929014,0.0007113901665434241,-0.006071792915463448,5.7576558901928365e-05,-0.12306004017591476,-0.017482515424489975,-0.03554672747850418,0.0025860313326120377,0.03439018875360489,0.013400052674114704,-0.041288457810878754,0.15688443183898926,0.03566772863268852,-0.04463686794042587,-0.014306889846920967,0.27648425102233887,0.0003394657978788018,0.010357370600104332,-0.0024974821135401726,-0.016052555292844772,-0.0035346676595509052
-0.030983539298176765,0.010479571297764778,-0.06168748438358307,0.000169095495948568,0.025335049256682396,-0.0018737257923930883,-0.0010586442658677697,0.0009444010211154819,-0.00676113972440362,-0.0004941218649037182,0.04072907194495201,-0.028189484030008316,-0.042130760848522186,0.023718303069472313,0.02839314378798008,0.03457096591591835,-0.07252190262079239,-0.04652056097984314,-0.018827496096491814,-0.003989179152995348,-0.02459733560681343,0.3608408570289612,0.000674330280162394,0.016697905957698822,0.001723668770864606,-0.03499464690685272,-0.004197283647954464
-0.007765066344290972,0.0022734878584742546,-0.025746392086148262,0.0013844916829839349,0.028756367042660713,3.096030559390783e-05,-0.0015015234239399433,0.0007158252992667258,-0.004392074886709452,0.0001529081055196002,0.051073089241981506,-0.008524375967681408,0.05787863954901695,0.05121200159192085,0.020097848027944565,0.03050178475677967,0.056242700666189194,0.250393807888031,0.06064089760184288,0.03372950106859207,0.004717277362942696,0.5109485387802124,0.0012541760224848986,0.01143844798207283,0.015248583629727364,0.01689721830189228,-0.002693513408303261
0.002577360486611724,0.0008496154914610088,-0.023291435092687607,0.001368995988741517,0.03408535197377205,0.00018023030133917928,-0.0008947013993747532,0.0010646948358044028,-0.003930236678570509,0.00012007109762635082,0.053977396339178085,-0.007881293073296547,0.10819241404533386,0.037148866802453995,0.061470866203308105,0.08954954892396927,0.08616428077220917,0.30104368925094604,0.0724685788154602,0.019978605210781097,0.04231821000576019,0.5739743709564209,0.0010598633671179414,0.007915155030786991,0.021327590569853783,0.04146280884742737,-0.002635932993143797
0.06375262886285782,-0.009058943018317223,0.005974681116640568,-0.00022614459157921374,-0.02825915440917015,-0.001967968884855509,-0.0008945523295551538,0.00023476376372855157,-0.004960740450769663,-7.60263210395351e-05,0.019070591777563095,0.033300187438726425,-0.010025287978351116,0.006085966248065233,-0.031921811401844025,-0.07434593141078949,-0.048888783901929855,0.059228524565696716,-0.009877340868115425,-0.0077683753333985806,-0.028525101020932198,0.04811843857169151,0.00022595623158849776,0.012633034028112888,-0.009261233732104301,-0.05266955494880676,-0.001577777904458344
0.05995327979326248,0.0017007136484608054,0.012937741354107857,0.00033442402491346,-0.028773602098226547,-0.0012635826133191586,-0.0016181010287255049,-0.00044123921543359756,-0.004488789476454258,-0.0002773998712655157,0.017483092844486237,0.034959565848112106,-0.00928428117185831,-0.008016989566385746,-0.046189893037080765,-0.016002563759684563,-0.04016688093543053,0.019907915964722633,0.0031550037674605846,-0.06747687608003616,-0.05879157781600952,0.0001065240940079093,0.0003230992006137967,0.010977675206959248,-0.007782527711242437,0.007699843030422926,0.03812001273036003
0.06462021172046661,0.006393007934093475,0.007381764240562916,0.0002716587041504681,-0.024191053584218025,-0.0005854812916368246,0.0012601196067407727,0.00032015307806432247,-0.004143319558352232,-0.00012687033449765295,0.010694115422666073,0.01618998311460018,0.502923309803009,0.058360420167446136,0.0049559082835912704,0.014816655777394772,-0.04272494465112686,0.0025061448104679585,0.013837609440088272,0.3502051532268524,0.0979517251253128,0.06611678004264832,0.0003230992006137967,0.010666199959814548,-0.0026044282130897045,0.0070388950407505035,0.03641330078244209
-0.020871460437774658,-0.013427565805613995,0.0037020742893218994,0.00019060852355323732,-0.017442716285586357,-0.0005478340317495167,-0.0005654950509779155,0.0006605326780118048,-0.004284825641661882,-0.0005010188324376941,0.01848817802965641,-0.011349240317940712,-0.07316648215055466,0.03180355206131935,0.004708689637482166,0.06036257743835449,0.056482430547475815,0.09651978313922882,0.019764985889196396,0.02304673194885254,0.0281937588006258,-0.16356584429740906,0.00012747592700179666,0.0037596593610942364,-0.006064088549464941,0.0021734575275331736,-0.0029123579151928425
-0.04626839980483055,-0.013066092506051064,0.009659960865974426,6.421799480449408e-05,-0.02899906225502491,-0.0004971995367668569,-0.001208649598993361,0.00048572997911833227,-0.006756642833352089,-0.0006503406912088394,0.014622977934777737,-0.01952214725315571,-0.014552032575011253,-0.017265059053897858,-0.0029746347572654486,-0.01632954552769661,-0.03314647451043129,-0.09751134365797043,-0.010186209343373775,-0.07304035872220993,0.013753511011600494,-0.18881459534168243,0.00011104965233244002,0.00527106411755085,0.00399499386548996,0.009344985708594322,-0.0052981008775532246
-0.027905931696295738,-0.019813749939203262,0.003153278026729822,9.348636376671493e-05,-0.028864242136478424,-0.0009603981161490083,-0.0010658986866474152,0.0003762539126910269,-0.002836483996361494,-0.00024395412765443325,0.015116188675165176,0.018160037696361542,-0.09077007323503494,0.005525629501789808,0.004321032669395208,-0.03595932200551033,-0.02497466653585434,0.08688666671514511,0.008688735775649548,-0.05893339589238167,-0.0490279346704483,-0.19980965554714203,0.00015771746984682977,0.005115387495607138,-0.007222175598144531,0.0015101258177310228,-0.002918374026194215
-0.013112196698784828,-0.0016335309483110905,0.007105238735675812,0.0009309040033258498,0.01819450967013836,-0.0012529330560937524,-0.0007838567835278809,0.0004656361124943942,-0.002846919000148773,-6.700931407976896e-05,0.023920023813843727,-0.013687807135283947,-0.0504036583006382,0.020728755742311478,0.005858099088072777,0.011055848561227322,0.08434184640645981,0.11081235855817795,0.039243631064891815,-0.0284976065158844,-0.009774122387170792,0.04261139780282974,0.0003564931685104966,-0.005873292684555054,0.005938087590038776,0.001679791253991425,-0.0025927547831088305
0.049558125436306,0.0005454689380712807,0.006710323505103588,0.0003338975366204977,0.03698871657252312,0.03424367681145668,-0.0008085853769443929,0.0012579550966620445,-0.004424844402819872,-0.00022765515313949436,0.04871493577957153,-0.005999416578561068,0.06043532118201256,0.05140602961182594,0.06192667782306671,0.004894832614809275,0.1070268452167511,0.2028971016407013,0.07637237757444382,0.04029161483049393,0.011513136327266693,0.5308025479316711,0.002248314442113042,0.005668919067829847,0.02785172499716282,0.009242519736289978,-0.0016309042694047093
0.06203453242778778,-0.0006227859412319958,0.007275989279150963,0.00047673581866547465,0.03385340794920921,0.03628566861152649,-0.0010539250215515494,0.0008273167186416686,-0.004034206736832857,-0.00022170398733578622,0.04382845759391785,-0.00784049928188324,0.07160568982362747,0.053013090044260025,0.01651190221309662,-0.003397494787350297,0.07894476503133774,0.16478541493415833,0.060086917132139206,0.03961426764726639,0.012581013143062592,0.48714178800582886,0.002248314442113042,0.005526627413928509,0.023251384496688843,0.0037392890080809593,-0.0016033906722441316
0.09684623777866364,-0.003287342144176364,0.009487464092671871,0.00023280376626644284,0.030364545062184334,0.03571239113807678,-0.0010933771263808012,0.0005533240619115531,-0.004411156289279461,-0.0001534371403977275,0.040402717888355255,-0.0070002018474042416,0.0548572838306427,0.05127458646893501,0.007442317437380552,0.0247937198728323,-0.07300253957509995,0.15348446369171143,0.003376900451257825,0.03219664469361305,-0.0017381025245413184,0.3874751627445221,0.002248314442113042,0.010852372273802757,0.01471035648137331,-0.0047117192298173904,-0.0015757870860397816
-0.022286556661128998,-0.004182691220194101,0.0097443712875247,0.0002474475186318159,-0.02508271485567093,-0.001824886305257678,-0.0010794427944347262,0.001137182000093162,-0.0062140170484781265,-4.266814357833937e-05,0.04113940894603729,-0.02743540145456791,-0.02572178840637207,0.0002988376945722848,0.01745298132300377,0.0044158813543617725,-0.020644649863243103,-0.0323568694293499,-0.00398978078737855,0.02736174501478672,0.04180800914764404,0.41399428248405457,0.00037943897768855095,0.0017631867667660117,0.009336733259260654,-0.03702181205153465,-0.006005685310810804
-0.005146735347807407,-0.00275588920339942,0.012613869272172451,0.0004200136463623494,-0.015214122831821442,-2.8291244234424084e-05,-0.0006395987002179027,0.0020630662329494953,-0.004735068883746862,-4.2166910134255886e-05,0.048509906977415085,0.04710135608911514,0.022062860429286957,0.0528852641582489,0.06680665165185928,0.004723972640931606,0.18409276008605957,0.032431166619062424,-0.001641271635890007,0.045889806002378464,0.09698264300823212,0.44421809911727905,0.0008731664856895804,0.0012166376691311598,0.004609260242432356,-0.03721880540251732,-0.00413018511608243
-0.06275758147239685,-0.011556250974535942,0.010953519493341446,0.00012753084592986852,-0.045476749539375305,-0.0015017668483778834,-0.0019015546422451735,0.0005945934099145234,-0.008344247937202454,-0.0006222770898602903,-0.1785457879304886,-0.03265254572033882,-0.06695126742124557,-0.030147982761263847,0.011630252934992313,-0.05129927024245262,-0.012941800057888031,-0.10134845227003098,-0.009115408174693584,0.003726991591975093,-0.07760579138994217,0.15455611050128937,0.00033519387943670154,0.007177777588367462,-0.007294344715774059,-0.053651366382837296,-0.006395177450031042
-0.011313685216009617,0.005403533577919006,0.009188440628349781,0.00011379919305909425,-0.027775753289461136,-0.0005264264764264226,-0.002359617268666625,0.0006444224272854626,-0.007390675134956837,-0.00011624088074313477,0.03193870559334755,0.03930480778217316,-0.03988420590758324,-0.011761095374822617,0.010114085860550404,0.021960586309432983,-0.03734311833977699,-0.0580102913081646,-0.00012607146345544606,-0.041962187737226486,0.041379667818546295,0.015525797381997108,0.0001318490831181407,0.003687093732878566,-0.005590175278484821,-0.06531453132629395,-0.004725255537778139
0.012540285475552082,-9.8940305178985e-05,-0.02824091911315918,3.833332084468566e-05,0.01589520461857319,-0.0009972206316888332,-0.00014041474787518382,0.0006002007285133004,-0.004367506131529808,-0.00011098791583208367,-0.03569236397743225,-0.009892468340694904,0.3845105767250061,-0.020182691514492035,0.009584024548530579,0.11134552955627441,0.03214029222726822,0.13829658925533295,0.0021911710500717163,0.3039945363998413,-0.07754829525947571,0.06304869055747986,0.00010931227734545246,-0.005348724313080311,0.0029619887936860323,0.0031771245412528515,-0.0017273571575060487
0.08621152490377426,-9.418911940883845e-05,0.004483793396502733,0.00010019764886237681,-0.0179623831063509,-0.001986548537388444,-0.0010019892361015081,0.0004949505673721433,-0.004134086892008781,-0.00012437111581675708,0.016462106257677078,0.02293766476213932,0.032472871243953705,0.04277490824460983,0.02076747640967369,-0.004054298624396324,0.014774198643863201,0.03195462375879288,0.028292300179600716,0.004868813790380955,-0.04837872087955475,0.05066912993788719,0.00010991359158651903,0.004844579380005598,0.008609919808804989,0.008466927334666252,-0.0008506946032866836
0.06999168545007706,-0.004569306503981352,0.004657399840652943,0.00010019764886237681,-0.01904425583779812,-0.0019689886830747128,-0.0009878663113340735,0.0005726676899939775,-0.005067098885774612,-0.0001281660661334172,0.016415603458881378,0.01748698204755783,0.014645271003246307,0.035858526825904846,0.016110194846987724,-0.011691526509821415,0.010410482063889503,0.017750456929206848,0.01696409285068512,0.005388694815337658,-0.06404710561037064,0.019627219066023827,0.00012512612738646567,0.0045878090895712376,-0.010397466830909252,0.007875731214880943,0.029625626280903816
-0.02144010178744793,0.004235668107867241,0.017526371404528618,9.949458763003349e-05,0.03315920755267143,-0.0012359071988612413,0.00323562603443861,0.0004051130381412804,-0.005147899966686964,-0.00020665983902290463,0.019422629848122597,-0.013359335251152515,-0.0398905947804451,-0.030799798667430878,-0.010907829739153385,0.07118092477321625,-0.09510397911071777,-0.10047256946563721,0.02046002633869648,0.003510069567710161,-0.03406801447272301,0.09451867640018463,0.0001249970227945596,0.015357868745923042,0.013423149473965168,0.008765504695475101,-0.0034942585043609142
0.02186112478375435,0.005911399610340595,0.007104306947439909,0.0007327705970965326,0.04720119386911392,-0.0014975001104176044,-0.0017087113810703158,-0.022112680599093437,-0.009553220123052597,-0.0003098484012298286,0.011243527755141258,-0.017273375764489174,0.00445886654779315,0.01636042632162571,0.03515825793147087,0.06058518961071968,0.016353901475667953,-0.06887102127075195,0.010142799466848373,-0.06257522851228714,0.028830327093601227,0.2468201220035553,0.0002286527305841446,0.002192400163039565,-0.0024196922313421965,0.007593946997076273,-0.0037013732362538576
0.03391963988542557,0.00043301499681547284,0.005404103547334671,0.0005966769531369209,0.020589308813214302,-0.0016222853446379304,0.0033245787490159273,0.002462658565491438,0.021302038803696632,0.0003942140901926905,0.02088082581758499,0.024421442300081253,0.013787650503218174,0.022162146866321564,-0.012728427536785603,-0.00450774934142828,0.01709713600575924,0.10388048738241196,0.0007702206494286656,0.02514403499662876,-0.026371324434876442,0.2609720826148987,0.0005311038112267852,0.0030647502280771732,-0.014452842995524406,0.00326470285654068,-0.002120312536135316
0.03696678951382637,0.0044100163504481316,0.009078465402126312,0.00020993174985051155,0.036970291286706924,0.000833948259241879,0.00643298402428627,0.006123596336692572,0.0414082407951355,0.0013988614082336426,0.04614159092307091,-0.0027670483104884624,0.09338419139385223,0.4728718400001526,0.06649624556303024,0.17599299550056458,0.16681219637393951,-0.02981284074485302,0.032636333256959915,0.08931191265583038,0.10760101675987244,0.5377068519592285,0.0011963731376454234,0.048586439341306686,0.019563043490052223,0.01213318482041359,-0.002221904695034027
0.03171958774328232,0.0032402416691184044,0.013249680399894714,0.000557101215235889,0.04147350788116455,-0.0011553707299754024,-0.003435150720179081,0.00038743976620025933,-0.002878437051549554,-0.00019277347018942237,0.011153715662658215,-0.006762859411537647,0.03592933714389801,0.024078093469142914,-0.011001442559063435,-0.06093066185712814,-0.07929457724094391,-0.08979132026433945,-0.004055794328451157,-0.02077336423099041,-0.05645104870200157,0.07752113044261932,0.00011960152914980426,0.02263008989393711,0.01125709991902113,0.005041256546974182,-0.0027464721351861954
-0.0023458932992070913,-0.001316112233325839,0.009469413198530674,0.0002604401670396328,0.0445416159927845,0.0006190573913045228,0.015720095485448837,0.004939213395118713,0.054680608212947845,0.0013040232006460428,0.04069223627448082,-0.010441044345498085,0.08174807578325272,0.4698314666748047,0.0005419959197752178,0.10295362025499344,0.035369567573070526,-0.04587294161319733,0.016069509088993073,0.08357051759958267,0.11839012801647186,0.4037337601184845,0.0012777992524206638,-0.021160582080483437,0.016740478575229645,-0.03495671600103378,-0.0030759433284401894
0.014083564281463623,0.005820835009217262,0.006203401368111372,-4.394800271256827e-06,-0.028519602492451668,-0.0014382374938577414,-0.0011200601002201438,0.0003880854637827724,-0.003428991651162505,-6.815096276113763e-05,0.02661415934562683,0.022023648023605347,-0.06444986909627914,0.02819092757999897,0.006656969431787729,-0.018314354121685028,0.011171461082994938,0.09493257850408554,-0.03427552059292793,0.03748558089137077,-0.03680094704031944,-0.02700389176607132,0.0002386145351920277,0.0068052830174565315,-0.0023910594172775745,-0.05363550782203674,-0.0023613537196069956
0.01967439614236355,0.003791190916672349,0.005599724594503641,-0.0005527749308384955,-0.021270669996738434,-0.0008066316368058324,-0.0011004789266735315,0.00033504742896184325,-0.002971462206915021,-6.805495650041848e-05,0.020936794579029083,0.022081613540649414,-0.019754495471715927,0.024693110957741737,-0.02875165268778801,0.008305109106004238,0.012774338014423847,0.042838238179683685,-0.015606570988893509,-0.02663387544453144,-0.032636091113090515,0.011879724450409412,0.00012958933075424284,0.006974977906793356,0.004604436457157135,0.006935965269804001,-0.0023686899803578854
0.03283650055527687,0.0025742242578417063,0.013693036511540413,5.442818655865267e-05,-0.022452423349022865,-0.0018796809017658234,-0.001547858351841569,0.0004449364496394992,-0.0034002880565822124,-0.00020316704467404634,0.025249214842915535,0.022885708138346672,0.033109668642282486,0.03547339886426926,0.006580413784831762,-0.026574088260531425,-0.014358325861394405,-0.0048385788686573505,-0.01539496798068285,-0.019918857142329216,-0.017822759225964546,-0.00788542814552784,0.00010991359158651903,0.003929189871996641,0.0010132435709238052,0.00884063821285963,-0.0027826838195323944
0.1295885145664215,0.007777521852403879,0.008360270410776138,-1.809821515053045e-05,-0.0145737174898386,-0.000836300547234714,-0.00286096497438848,0.0004309945506975055,-0.006021081004291773,-9.75786751951091e-05,0.016321273520588875,0.020952818915247917,0.0527711920440197,-0.25624537467956543,-0.021858222782611847,0.0040358263067901134,-0.020301075652241707,-0.02709376811981201,-0.05724000558257103,0.16089364886283875,-0.1212020218372345,-0.01014786772429943,0.00010459298937348649,-0.005913862027227879,-0.010293080471456051,0.009541673585772514,-0.0015255502657964826
-0.01703614555299282,-0.0003361990093253553,0.005579926073551178,2.8078649847884662e-05,0.022399768233299255,0.02258944883942604,-0.0007577492506243289,0.0009151070262305439,-0.002920059720054269,-0.00023395825701300055,0.02425895631313324,0.034556906670331955,0.016634270548820496,-0.015232020989060402,-0.0021763313561677933,0.12037169933319092,0.09491134434938431,0.14164398610591888,0.02754157967865467,0.008050749078392982,-0.003389130113646388,0.03999681770801544,0.0011711844708770514,-0.006058292463421822,0.010180115699768066,0.0016259851399809122,-0.0025859572924673557
-0.005885233636945486,0.0013834978453814983,0.009513521566987038,0.0002682022168301046,0.0354282408952713,0.005801304243505001,-0.0015859475824981928,0.001069720950908959,-0.009048402309417725,-0.00025166181148961186,0.020079296082258224,0.0250324085354805,-0.04145447164773941,-0.023025302216410637,-0.006966671906411648,0.07152559608221054,0.05934729799628258,-0.1088123619556427,0.0026816315948963165,-0.026333065703511238,0.03371262177824974,-0.009932700544595718,0.00020831060828641057,-0.008258368819952011,0.005392701365053654,0.005984806921333075,-0.004238731227815151
-0.03815698251128197,-8.413604518864304e-05,0.01419577281922102,-0.0004817931039724499,0.04182758554816246,-0.0007302117301151156,-0.0025015671271830797,0.0003451119118835777,-0.003948756493628025,-0.00010181155812460929,0.025261811912059784,0.023728474974632263,-0.04061797633767128,0.008259872905910015,-0.0391562394797802,-0.07144348323345184,-0.005930596496909857,-0.10322495549917221,0.011370876803994179,-0.02319474145770073,-0.034851063042879105,0.00881333090364933,0.00014735059812664986,-0.026704838499426842,-0.011083152145147324,0.005968131590634584,-0.003467294853180647
-0.038347404450178146,-0.0008238493464887142,0.01248848531395197,0.00020814439631067216,-0.04800190031528473,-0.0006276936619542539,-0.0044972458854317665,0.0004397569573484361,-0.0020192249212414026,-0.00011544994777068496,0.019844967871904373,0.021974539384245872,-0.023208875209093094,0.0038683523889631033,-0.04832104593515396,-0.010733808390796185,-0.03796011582016945,-0.22097013890743256,-0.002815747167915106,-0.04088062420487404,-0.023564474657177925,0.029057320207357407,0.00012656001490540802,-0.031034372746944427,-0.016524136066436768,0.006656242068856955,-0.003571170847862959
0.1029110997915268,0.0012781900586560369,0.012955193407833576,-3.746221773326397e-05,0.015893736854195595,-0.001894935965538025,0.005639584735035896,0.00034116421011276543,-0.003393455408513546,-0.00016237380623351783,0.019747819751501083,0.029368801042437553,0.0556311309337616,0.03891913965344429,-0.024917474016547203,0.0091411042958498,-0.00740395812317729,0.01911533996462822,0.02053464576601982,-0.006088313180953264,-0.02926158532500267,0.031181279569864273,0.00011653738329187036,0.012014618143439293,0.005712117999792099,0.004835972562432289,-0.0015260229120031
-0.013320015743374825,-0.0034474143758416176,0.014309108257293701,8.674066339153796e-05,-0.020870955660939217,-0.0009939306182786822,-0.0012180657358840108,0.0005533039220608771,-0.0031529604457318783,-0.00013390695676207542,0.02921324223279953,-0.01782780885696411,-0.015942057594656944,0.03708954527974129,-0.02442307397723198,-0.054521482437849045,0.018040811643004417,0.03702062368392944,-0.01696094125509262,-0.03976239636540413,0.02831278182566166,-0.027673333883285522,0.00011488697055028751,0.0013575713383033872,-0.00106360565405339,0.012279268354177475,-0.004339559935033321
-0.02824532613158226,-0.003598784562200308,0.0036886485759168863,-0.0003764466382563114,-0.021456481888890266,-0.0019923991058021784,-0.0005514650838449597,0.000521306530572474,-0.003243673127144575,-0.00010849614773178473,0.004581618122756481,-0.013956153765320778,-0.12134341150522232,-0.008912479504942894,0.003912830725312233,-0.08318431675434113,0.034554850310087204,0.06028676778078079,-0.036823373287916183,-0.04533587023615837,-0.03381946682929993,-0.06358393281698227,0.00015326522407121956,0.0018513865070417523,-0.010491021908819675,0.005258867982774973,-0.003414593171328306
-0.030950041487812996,-0.010034971870481968,0.006676225923001766,0.00013436573499348015,-0.021923985332250595,-0.0017288402887061238,-0.0013406808720901608,0.0006258241483010352,-0.0037703567650169134,-0.0005799873033538461,-0.024319492280483246,-0.02676529437303543,-0.10182684659957886,-0.0034182434901595116,-0.057586997747421265,-0.06862636655569077,0.006968226283788681,-0.02154650166630745,-0.028866305947303772,-0.052140697836875916,-0.028929563239216805,-0.041632279753685,0.00011524832370923832,0.0024624778889119625,0.003983686212450266,0.01246555708348751,-0.004092398099601269
-0.033181700855493546,0.004384261555969715,0.007696501445025206,-3.958013257943094e-05,-0.017595548182725906,-0.0026965143624693155,-0.0009473434765823185,0.00038855845923535526,-0.002969188615679741,-0.0001696672843536362,0.015572293661534786,0.02505398727953434,0.01760138012468815,0.010459200479090214,0.002869855845347047,-0.043458230793476105,-0.04502975195646286,0.12052569538354874,0.01683913730084896,0.005646896082907915,-0.027452846989035606,0.005774408113211393,0.00014793049194850028,0.022227421402931213,0.0017625537002459168,0.005150563083589077,-0.0020491022150963545
0.017754940316081047,-0.0003220748039893806,0.008168299682438374,-0.0006172967259772122,-0.01773366518318653,-0.0018649816047400236,-0.0007911156862974167,0.0003379362460691482,-0.0031255697831511497,-8.713566785445437e-05,0.014019232243299484,0.018158534541726112,-0.07956647127866745,-0.022854041308164597,-0.024707946926355362,-0.07822239398956299,-0.10526145994663239,0.03756164386868477,-0.040618959814310074,-0.03772108629345894,-0.036373868584632874,-0.02388198859989643,0.00015895457181613892,0.01926606148481369,-0.0004985693958587945,0.004578237421810627,-0.0037260730750858784
-0.02033257856965065,-0.006911082658916712,0.007344569079577923,0.0001112098980229348,-0.016874361783266068,-0.0015450104838237166,-0.000915211159735918,0.0006103945197537541,-0.004350818693637848,-0.00011273210839135572,0.012097318656742573,-0.022125139832496643,-0.04052601754665375,-0.010889421217143536,-0.008379291743040085,-0.020916037261486053,-0.022951772436499596,0.014123938046395779,-0.014081427827477455,-0.03406239300966263,0.0229710191488266,-0.006126664578914642,9.231164585798979e-05,0.0024951270315796137,-0.004943070467561483,0.009957592003047466,-0.006372473668307066
0.004086919128894806,-0.0031879572197794914,0.010575591586530209,-0.0021908136550337076,0.033789753913879395,-0.0011611486552283168,-0.0011983506847172976,-0.005313624162226915,-0.004048440605401993,-0.0002609740768093616,-0.012352344579994678,-0.019216757267713547,-0.049089882522821426,-0.022665901109576225,-0.0027976350393146276,0.04054145887494087,0.020732151344418526,-0.16031742095947266,0.004893182311207056,-0.0645843967795372,-0.02320866473019123,0.006479165051132441,0.00011743610230041668,0.0042077042162418365,-0.0013542083324864507,0.006833101622760296,-0.0033819370437413454
-0.013616887852549553,-0.008384390734136105,0.00598584208637476,0.00014457058568950742,0.020166713744401932,-0.0011941149132326245,-0.0010345217306166887,-0.010991794988512993,-0.00847417488694191,-0.00025712058413773775,-0.03497033566236496,-0.013455681502819061,-0.1456318348646164,-0.054086264222860336,-0.03579109162092209,-0.008770731277763844,-0.02431643009185791,-0.294318288564682,-0.00080401252489537,-0.10130925476551056,-0.06815499812364578,-0.07285705208778381,0.00012203540973132476,-0.0006215193425305188,-0.009578138589859009,0.005588212050497532,-0.004643837921321392
-0.026681335642933846,-0.022135257720947266,0.008368493057787418,0.00016518407210242003,-0.04857143014669418,-0.0005597560084424913,-0.0044921040534973145,0.0006180822965689003,-0.014302730560302734,-0.0007563074468635023,0.06894228607416153,-0.03386768698692322,-0.060827478766441345,0.018302932381629944,-0.006365322042256594,0.041365139186382294,-0.050273120403289795,-0.10766805708408356,-0.016378726810216904,-0.11535055190324783,0.04454739764332771,-0.2512444853782654,0.0002217324508819729,0.0025639100931584835,-0.003264843253418803,-0.06962075084447861,-0.006063272710889578
-0.04502749443054199,-0.022459719330072403,0.005721108056604862,0.00030908657936379313,-0.04584747180342674,-0.001375879510305822,-0.003962396644055843,-6.414453673642129e-05,-0.010379727929830551,-0.0009970072424039245,0.012172580696642399,-0.04092290624976158,-0.06645004451274872,0.027737578377127647,-0.07577568292617798,-0.0761435478925705,0.031057648360729218,-0.06583906710147858,-0.013036493211984634,-0.008057411760091782,-0.06471963226795197,-0.29799413681030273,0.0002388880675425753,0.008247330784797668,-0.006112100090831518,-0.09690212458372116,-0.006402629427611828
-0.061277616769075394,-0.024817820638418198,0.0024414220824837685,4.581651410262566e-06,-0.0639580488204956,-0.0010685027809813619,-0.004980030003935099,-0.0013381651369854808,-0.013538466766476631,-0.0007521085790358484,-0.6904368996620178,-0.03919072076678276,-0.14789006114006042,-0.06211366504430771,-0.045034632086753845,-0.01002673339098692,-0.056528836488723755,-0.12521953880786896,-0.040024805814027786,-0.1418181210756302,-0.14954394102096558,-0.5104217529296875,0.00020675064297392964,0.0025913389399647713,-0.013592387549579144,-0.1436624377965927,-0.004340649116784334
-0.06596803665161133,-0.029541024938225746,-0.0021115895360708237,0.0001735311234369874,-0.07889460772275925,-0.0012735804775729775,-0.00289728376083076,-0.0010471383575350046,-0.012816974893212318,-0.0006858541164547205,-1.0852761268615723,-0.04418740049004555,-0.23286475241184235,-0.06962031871080399,-0.05442972853779793,-0.06020056828856468,-0.08234859257936478,-0.14359396696090698,-0.05019870772957802,-0.20588237047195435,-0.0893315002322197,-0.48449864983558655,0.00020429780124686658,0.0003423529560677707,-0.015571599826216698,-0.16711388528347015,-0.0038675128016620874
0.0242166705429554,0.010541082359850407,0.004821039270609617,0.003493737895041704,-0.010937031358480453,-0.0006223679520189762,-0.0005861070821993053,0.00905350036919117,-0.0038800237234681845,-0.00013246809248812497,0.03573254123330116,-0.008480803109705448,0.04423988237977028,0.05673887953162193,0.04687066748738289,0.17882142961025238,0.0016905992524698377,0.24347887933254242,0.060811419039964676,0.06013505160808563,0.07362600415945053,0.3998868465423584,0.0003403499722480774,0.015504498966038227,0.010157458484172821,0.040764082223176956,-0.0037057739682495594
-0.03473106026649475,0.004656046163290739,0.00985088013112545,8.667256042826921e-05,-0.025830285623669624,-0.0005170676740817726,-0.0014023830881342292,0.0006738112424500287,-0.00849332008510828,-0.00015961340977810323,0.03549918159842491,-0.029456866905093193,-0.045003846287727356,0.004344675224274397,-0.00569947948679328,0.015445373952388763,0.03114590235054493,-0.04362664744257927,0.004229085519909859,-0.07447455078363419,0.01627032458782196,-0.04489794746041298,0.00013595609925687313,-0.001781864557415247,-0.0025321287102997303,-0.07996082305908203,-0.003973935265094042
-0.05622617527842522,-0.0007791646057739854,0.010960121639072895,2.5674256903585047e-05,-0.0787382498383522,-0.001088450662791729,-0.0022038042079657316,-0.0001055667526088655,-0.009017707780003548,-0.00015931121015455574,0.02392108365893364,-0.03356202319264412,-0.10624104738235474,-0.052802808582782745,-0.007767960894852877,-0.10170998424291611,-0.03662411496043205,-0.18327827751636505,0.00434467289596796,-0.08101700246334076,-0.14371082186698914,0.03708207234740257,0.00013916593161411583,0.03503824397921562,-0.020626787096261978,-0.07060391455888748,-0.004973605740815401
-0.03476247563958168,-0.013632753863930702,0.00719572976231575,2.478419992257841e-05,-0.04238918796181679,-0.001554506248794496,-0.002055075950920582,-0.0001372990373056382,-0.006510850042104721,-0.0001874880981631577,-0.03431692719459534,-0.035044729709625244,-0.161396324634552,-0.04607392102479935,-0.01677585579454899,-0.12313421070575714,-0.06103431433439255,-0.07690510153770447,-0.021244512870907784,-0.05488421022891998,-0.012161497958004475,-0.11343470960855484,0.00013533934543374926,0.0060757421888411045,-0.011050654575228691,-0.1416364461183548,-0.010562245734035969
0.027227353304624557,0.008447962813079357,0.009264273568987846,0.00031231032335199416,0.041117049753665924,-0.0012851230567321181,-0.0014613944804295897,-0.01679292693734169,-0.015224779024720192,8.022933798201848e-06,0.02815329097211361,-0.009933649562299252,0.03461800888180733,0.287858247756958,0.030341973528265953,0.06052934378385544,0.013392447493970394,-0.05976453050971031,0.015481800772249699,0.02257838472723961,0.006942293141037226,0.3082473874092102,0.0011570049682632089,-0.020548079162836075,0.01000633928924799,-0.022942403331398964,-0.0029853731393814087
0.058782730251550674,0.00967260543256998,0.0066122449934482574,0.000131850567413494,0.03271296247839928,0.0009556807926855981,0.002859020372852683,0.001767391455359757,0.03986659273505211,0.0007954095490276814,0.025234099477529526,0.016774512827396393,0.45978161692619324,0.0443759486079216,-0.005512116476893425,0.07890600711107254,0.0342286080121994,-0.01416860707104206,-0.01286694873124361,0.296526163816452,0.07878310978412628,0.34870007634162903,0.0012064543552696705,0.007336068898439407,0.0032812743447721004,0.004671525210142136,-0.0016586077399551868
0.07106351107358932,0.010543794371187687,0.0063064927235245705,0.0003126022347714752,0.034134626388549805,0.0012848206097260118,0.004047235939651728,0.0027142527978867292,0.039995282888412476,0.0007800186285749078,0.02700069360435009,0.01667596772313118,0.5955451130867004,0.0917346403002739,0.07047321647405624,0.07395151257514954,0.06359028071165085,0.0054117427207529545,0.044242825359106064,0.311618447303772,0.1930733323097229,0.3671993911266327,0.0012014416279271245,0.011202961206436157,0.005907469429075718,0.007607543841004372,-0.001491439063102007
-0.028781505301594734,-0.008476978167891502,0.020452871918678284,-0.0006620498606935143,0.03743596747517586,-0.0007686177268624306,-0.003592810593545437,0.00018875757814384997,0.02634679339826107,-0.0007776437560096383,0.008957380428910255,-0.02005808614194393,-0.012584319338202477,-0.013050641864538193,-0.014115649275481701,0.09038200974464417,-0.14431743323802948,-0.16005843877792358,0.0016529737040400505,-0.04811787232756615,-0.0989484116435051,-0.21593016386032104,0.0001320699811913073,-0.04395543411374092,-0.015957551077008247,0.004577341489493847,-0.003788699395954609
0.007907741703093052,-0.0026624437887221575,0.009804818779230118,0.00046111957635730505,0.03840719908475876,-0.0013936241157352924,-0.001724090427160263,-0.0043774074874818325,-0.005440703127533197,-0.00031217484502121806,-0.004096592776477337,-0.017005329951643944,-0.08022108674049377,-0.006418726406991482,-0.0065103210508823395,0.06820841133594513,0.034322045743465424,-0.11528713256120682,0.006111240480095148,-0.057902634143829346,-0.017119137570261955,0.0542801208794117,0.00014517997624352574,-0.0040196203626692295,0.0059193638153374195,0.006595441605895758,-0.00324637396261096
0.030762802809476852,0.0047522722743451595,0.007302234880626202,0.0002928021422121674,0.045424215495586395,-0.0015335268108174205,-0.0017633336829021573,-0.006867432966828346,-0.008662382140755653,-0.00022175416233949363,-0.00061713409377262,-0.016150273382663727,0.029401540756225586,0.000392758083762601,0.010782339610159397,0.08139719069004059,0.009220201522111893,-0.06880081444978714,0.007277606055140495,-0.05789807811379433,0.01971321925520897,0.027703240513801575,0.00014058066881261766,-0.010864941403269768,0.0015938887372612953,0.005724020767956972,-0.0038385430816560984
0.0035899586509913206,0.021058717742562294,0.00800283532589674,3.544687933754176e-05,0.04916328936815262,-0.0005960511043667793,2.2587933926843107e-05,0.0026752378325909376,-0.0047362023033201694,0.009116388857364655,0.03890182077884674,-0.017806829884648323,0.00510785635560751,0.0772833302617073,0.03812994435429573,0.13904540240764618,0.08856737613677979,-0.05942542850971222,0.03698360547423363,0.03358012065291405,0.06322057545185089,0.01447699312120676,0.00015417570830322802,0.009568020701408386,0.014494668692350388,0.01150583941489458,0.09949244558811188
-0.01913287118077278,-0.0037704571150243282,0.012038269080221653,0.0003318755771033466,-0.024089569225907326,-2.5805318728089333e-05,-0.0011280480539426208,0.0010896254098042846,-0.005896263290196657,0.00015045434702187777,0.027935374528169632,-0.022284340113401413,-0.059773266315460205,0.01382508222013712,0.03832605481147766,-0.03795847296714783,-0.0020109948236495256,-0.03387095406651497,0.005516246892511845,0.033615998923778534,0.05408801883459091,0.6408944129943848,0.0007527788984589279,0.006280023138970137,0.010242323391139507,0.017458537593483925,0.15428045392036438
-0.02603316679596901,-0.004756848327815533,0.011488181538879871,0.0001827629457693547,-0.02686663158237934,-0.003672536928206682,-0.0011280480539426208,0.0009579989709891379,-0.0063913799822330475,-0.00013468331599142402,0.01944003999233246,-0.023189332336187363,-0.06825800240039825,0.005850660614669323,0.015833914279937744,-0.04924631491303444,-0.03805326670408249,-0.04894218221306801,-0.008920599706470966,0.011648865416646004,0.03616396337747574,0.33130529522895813,0.0005714079597964883,0.005471591837704182,0.010242323391139507,0.0006529539241455495,0.14659981429576874
-0.08392176032066345,-0.016555719077587128,0.011049974709749222,0.00016936339670792222,-0.0829208642244339,-0.0026274488773196936,-0.0033205861691385508,0.00010077584738610312,-0.008113496005535126,-0.000537597225047648,0.02035536617040634,-0.04976140335202217,-0.1151585578918457,-0.11910542845726013,-0.06833585351705551,-0.13821463286876678,-0.0762651190161705,-0.26183611154556274,-0.023006677627563477,-0.1289241760969162,-0.10664255172014236,0.24994148313999176,0.0005812218296341598,0.03289524465799332,-0.018564339727163315,-0.014638113789260387,-0.003000000026077032
0.02279728464782238,-0.01368388719856739,0.0082152234390378,9.602116915630177e-05,0.02785329334437847,-0.0009255122859030962,-0.004808320198208094,0.0007693209336139262,0.009898762218654156,-3.9937844121595845e-05,0.01609511859714985,0.019317032769322395,-0.10048629343509674,-0.09104138612747192,-0.025236425921320915,-0.08443992584943771,0.00013545190449804068,-0.11783537268638611,-0.03322421386837959,0.004037175793200731,-0.04709524288773537,0.005315897520631552,0.00013609844609163702,-0.009429545141756535,-0.006167245097458363,0.005967992357909679,-0.002442513592541218
0.04167218878865242,0.006095228251069784,0.00635171215981245,0.0003914961707778275,0.054593659937381744,-0.0015119530726224184,-0.001763819484040141,-0.004420607816427946,-0.007413581479340792,-0.00014893895422574133,-0.00032876493060030043,-0.018581997603178024,0.036768391728401184,-0.001640107249841094,0.011734213680028915,0.06282784044742584,0.017820965498685837,-0.07337573170661926,0.011630690656602383,-0.051143717020750046,0.018808843567967415,0.03865671530365944,0.00014949926116969436,0.0044664740562438965,0.0010064743692055345,-0.04268520325422287,-0.0038107687141746283
-0.02664208598434925,0.011767813935875893,0.01214570365846157,8.945389708969742e-05,-0.022720543667674065,-0.000513024628162384,-0.0011836710618808866,0.0006143044447526336,-0.007458382286131382,-0.0001799561723601073,0.023428654298186302,-0.02854781784117222,-0.027026524767279625,0.027282316237688065,0.008998100645840168,0.04441811516880989,0.07064006477594376,-0.03767464682459831,0.019531430676579475,-0.08335759490728378,0.042598605155944824,-0.47984907031059265,0.00013595609925687313,-0.0013005138607695699,-0.0023134942166507244,-0.07415208220481873,-0.003972223494201899
-0.04200626537203789,0.010936572216451168,0.011296513490378857,0.00015219220949802548,-0.03444398194551468,-0.0005007570143789053,-0.0019210486207157373,0.0005727074458263814,-0.008529094979166985,-0.000293807708658278,0.02140764892101288,-0.022655244916677475,-0.056875552982091904,0.01507656928151846,0.01151532307267189,0.010934069752693176,-0.01058083027601242,-0.09616568684577942,0.013523543253540993,-0.09613971412181854,0.03502243384718895,-0.5220667123794556,0.00013595609925687313,0.004398028366267681,-0.010097231715917587,-0.06502211093902588,-0.0051058074459433556
-0.07387349009513855,-0.024929484352469444,0.01584845408797264,-5.352544576453511e-06,-0.0760193020105362,-0.0019098185002803802,-0.003900633892044425,3.2728901715017855e-05,-0.006786192301660776,-0.00026306346990168095,0.0033739267382770777,-0.05330224707722664,-0.15248310565948486,-0.1562834233045578,-0.06817710399627686,-0.18622805178165436,-0.0624869130551815,-0.2683928608894348,-0.026641491800546646,-0.11938443034887314,-0.10588251799345016,-0.7101165056228638,0.0001290224026888609,0.041843872517347336,-0.029879573732614517,-0.05448593944311142,-0.0033978084102272987
-0.13331498205661774,-0.022321371361613274,0.007501422427594662,0.0004813728737644851,-0.06373235583305359,-0.0020630976650863886,-0.010735870338976383,-0.00027131830574944615,-0.004078303929418325,-0.00010424372885609046,0.006553224753588438,-0.04921014979481697,-0.3093777298927307,-0.6315670013427734,-0.07796265184879303,-0.20088818669319153,-0.0923660397529602,-0.06555155664682388,-0.16778245568275452,-0.14563420414924622,-0.1010487824678421,-0.8457930684089661,0.00016474217409268022,-0.002927662804722786,-0.024324990808963776,-0.13735249638557434,-0.00294708926230669
-0.039365753531455994,-0.004087790846824646,-0.04486711323261261,-0.002219959395006299,0.01620146445930004,-0.0009711312595754862,-0.0020440213847905397,0.00025932968128472567,-0.005981899332255125,2.5487148377578706e-05,0.042817097157239914,-0.01946091093122959,-0.010132098570466042,-0.07187257707118988,-0.06424418836832047,-0.031935155391693115,-0.05599820986390114,0.13352420926094055,0.029441677033901215,-0.09888848662376404,-0.0277946088463068,0.17136074602603912,0.00044962629908695817,-0.02310515008866787,-0.0006792615167796612,-0.008184775710105896,-0.0034543301444500685
-0.1221710592508316,-0.028906354680657387,-0.26196059584617615,-0.0021349554881453514,-0.002324572065845132,-0.0024237800389528275,-0.002612090203911066,0.0003272961766924709,-0.007822885178029537,-0.00016618429799564183,-0.04688893258571625,-0.06367824226617813,-0.34046339988708496,-0.3676599860191345,-0.16263629496097565,-0.3281090557575226,-0.4231610596179962,-0.21298643946647644,-0.10618452727794647,-0.0952087789773941,-0.23046065866947174,-1.156808853149414,0.00012999860337004066,-0.16003544628620148,-0.049465764313936234,-0.001015351852402091,-0.004451650194823742
-0.07199186831712723,-0.022716885432600975,-0.16393917798995972,0.00010771260713227093,0.005377438850700855,-0.0014114719815552235,-0.001456711208447814,0.000257293286267668,-0.008785443380475044,-8.044612332014367e-05,-0.033403024077415466,-0.03039979375898838,-0.06889265030622482,-0.14356252551078796,0.009870071895420551,-0.145140141248703,-0.26431772112846375,-0.0823911502957344,0.0016070902347564697,-0.07502289116382599,-0.1331256628036499,-0.9067074656486511,0.00013458196190185845,-0.09113501757383347,-0.03188343346118927,0.0017544444417580962,-0.00346449576318264
-0.032792504876852036,-0.001914536696858704,-0.059866491705179214,0.00030998350121080875,0.0195293128490448,-0.0015683479141443968,-0.0008739273762330413,0.0003786271845456213,-0.0035403480287641287,-7.162034307839349e-05,6.487056089099497e-05,-0.015156936831772327,-0.013053015805780888,0.07306007295846939,-0.020343884825706482,0.029794489964842796,0.052166279405355453,0.2102321833372116,-0.039124131202697754,-0.007063027936965227,-0.039168525487184525,-0.5645790696144104,0.00026419200003147125,-0.026042411103844643,0.0020536337979137897,2.394404509686865e-05,-0.0028853602707386017
-0.02912209928035736,0.005795725155621767,-0.035056717693805695,-0.0009432791848666966,0.011705847457051277,-0.001747987000271678,-0.0008854736224748194,0.00046398391714319587,-0.0036364563275128603,-0.000108142732642591,0.01181880384683609,-0.01314367726445198,-0.019512537866830826,-0.025467585772275925,0.009324250742793083,-0.054759431630373,-0.03219638764858246,0.07434013485908508,-0.03453625738620758,-0.04018398001790047,-0.016277173534035683,-0.074944406747818,0.00014763823128305376,0.009380142204463482,-0.006006383337080479,0.0022756883408874273,-0.00395645946264267
-0.021702038124203682,-0.0069590783677995205,0.007530610077083111,1.5952673493302427e-05,-0.01727484166622162,-0.0015450104838237166,-0.001301234820857644,0.0006256496999412775,-0.004479328170418739,-0.00011273210839135572,0.011414476670324802,-0.02338309772312641,-0.04296604543924332,-0.017089899629354477,-0.014680749736726284,-0.025927752256393433,-0.022727033123373985,0.01024789921939373,-0.0118515370413661,-0.03369671106338501,0.018035264685750008,-0.07925178110599518,9.231164585798979e-05,0.002477457746863365,-0.004417541902512312,0.009722769260406494,-0.006372473668307066
0.03561338037252426,0.014523625373840332,0.007439617998898029,0.0007989522418938577,0.06622330099344254,-0.0018241067882627249,-0.0014230019878596067,-0.004654256161302328,-0.009370872750878334,-0.00024992527323774993,0.015196675434708595,-0.02096579596400261,0.037571270018815994,0.020810261368751526,0.011660492047667503,0.0940343514084816,0.04600917920470238,-0.10025966912508011,0.008237022906541824,0.005905281286686659,-0.026262089610099792,0.18404631316661835,0.0002607158967293799,-0.0006225118995644152,0.006039865780621767,-0.054957080632448196,-0.0027278722263872623
0.05579132214188576,-0.0004654605872929096,0.011843790300190449,0.00021185609512031078,0.03729971498250961,-0.0008896063663996756,0.008773596957325935,0.0009654393652454019,-0.0015158639289438725,-0.0002964211453218013,0.023603642359375954,0.020852386951446533,-0.009934775531291962,0.017169320955872536,0.010658679530024529,0.13510039448738098,-0.003529423149302602,-0.04451216384768486,0.0003737180377356708,0.025279076769948006,-0.007553887087851763,0.03420332446694374,0.00012799541582353413,0.003965924493968487,0.0052867550402879715,0.005531845148652792,-0.002606774680316448
-0.03006104938685894,-0.0016293131047859788,0.004121915902942419,9.869854693533853e-05,0.015992015600204468,-0.0015445576282218099,-0.00042335037142038345,0.0005105950403958559,-0.0034741319250315428,-0.00039578351425006986,0.005808806978166103,-0.012164359912276268,-0.10088197886943817,-0.03681511804461479,-0.0017333163414150476,-0.06594423204660416,-0.0014885510317981243,0.030606362968683243,0.003979056142270565,0.011803572997450829,-0.03249025717377663,-0.042783480137586594,0.0002007256989600137,0.0004015036975033581,-0.016063448041677475,-0.002270822413265705,-0.0033173325937241316
-0.013380392454564571,-0.012699959799647331,0.009199128486216068,0.00014818276395089924,0.028352051973342896,-0.001716039958409965,0.004954621661454439,0.0005484775174409151,-0.0035701764281839132,-0.0005822789971716702,0.02590816095471382,0.020554563030600548,-0.09839599579572678,-0.00991661474108696,0.010277720168232918,0.10786053538322449,-0.012422483414411545,-0.1505383551120758,-0.00048068954492919147,0.02492140233516693,0.017179476097226143,-0.022912902757525444,0.00013824975758325309,0.003701384412124753,-0.00438435235992074,0.0034649025183171034,-0.0045083798468112946
-0.0388905294239521,0.002465787809342146,-0.056519970297813416,0.00010416391887702048,0.0123527767136693,-0.0018716648919507861,-0.0006180754862725735,0.0003588619874790311,-0.0036792797036468983,-9.979880269384012e-05,0.007055783644318581,-0.01269745733588934,-0.06482857465744019,-0.03196291998028755,-0.007705489173531532,-0.07124508917331696,-0.058032091706991196,0.08200424909591675,-0.04594261571764946,-0.049691081047058105,-0.014087513089179993,-0.03539666533470154,0.00017060709069482982,0.012557930313050747,-0.00578828901052475,0.0026121134869754314,-0.004105459898710251
0.025924308225512505,0.0005889314343221486,0.005552197806537151,0.00011550301860552281,0.019643422216176987,-0.0005743933143094182,-0.025192270055413246,0.0009608591208234429,-0.013008288107812405,-0.0001906456600409001,0.015188770368695259,0.013555139303207397,0.17234240472316742,-0.10778126120567322,-0.06059206649661064,0.04782151058316231,-0.0032358719035983086,-0.051363956183195114,-0.020320506766438484,0.1437578797340393,0.009599583223462105,-0.029880940914154053,0.0001461793144699186,-0.0036412293557077646,0.0011312515707686543,0.004680922254920006,-0.0015617860481142998
-0.004226046148687601,0.004540503956377506,0.007472097408026457,0.0001555776980239898,0.03922485560178757,-0.0008838385692797601,-0.0008934466750361025,0.0014415301848202944,0.042909886687994,-0.00018403257126919925,0.013862363994121552,0.022058291360735893,0.06793762743473053,0.027565160766243935,0.013756112195551395,0.16957062482833862,0.08747383207082748,-0.10936567187309265,0.03606298193335533,0.03373776003718376,0.0638425350189209,0.04805785417556763,0.00014738464960828424,0.0019277584506198764,0.019127540290355682,0.004986907821148634,-0.0029525337740778923
-0.04901677370071411,-0.01510254293680191,-0.07871666550636292,1.4438052858167794e-05,0.013026699423789978,-0.0010323241585865617,-0.0025345769245177507,0.0005809227004647255,-0.011908561922609806,-0.0001514015457360074,-0.09458135813474655,-0.024478813633322716,-0.04427541047334671,-0.08707519620656967,0.0032151606865227222,-0.005254474934190512,-0.06880958378314972,-0.09541206806898117,-0.015588016249239445,-0.1208011731505394,-0.08615044504404068,0.030521878972649574,0.00010373915574746206,-0.01689431443810463,-0.015961114317178726,0.012160596437752247,-0.002603274304419756
-0.015697091817855835,-0.007098765578120947,0.011456799693405628,9.524093184154481e-05,0.047452639788389206,-0.0008824397227726877,0.00821332074701786,0.0012055764673277736,0.043342720717191696,-0.0001858417090261355,0.01684417761862278,0.03052145056426525,0.02117161825299263,0.01853233389556408,0.006567800417542458,0.1186799630522728,0.002599494531750679,-0.07851880043745041,0.010812414810061455,0.030505307018756866,0.053081218153238297,0.03479823097586632,0.00014738464960828424,-0.007407222408801317,0.009039363823831081,0.007345638703554869,-0.0039012678898870945
0.06680455058813095,0.008812629617750645,0.005701224785298109,-0.0004931257572025061,0.01987507939338684,-0.0023507708683609962,-0.0007203930290415883,0.00028953709988854825,-0.001776486518792808,-0.00010252826905343682,0.013662380166351795,-0.014345050789415836,0.007549971342086792,-0.004947831854224205,-0.013724945485591888,-0.018549593165516853,0.011013311333954334,0.09904024004936218,0.025026099756360054,0.011710254475474358,-0.011832434684038162,-0.0029095527715981007,0.00017290195683017373,0.01067423727363348,-0.0027388439048081636,0.0044427234679460526,-0.0032546771690249443
0.05474681407213211,0.0010263186413794756,0.010118977166712284,0.00013747067714575678,0.041506145149469376,-0.0010473747970536351,0.009890132583677769,0.000836344959679991,-0.0024036646354943514,-0.0002955570525955409,0.026489581912755966,0.027951154857873917,0.03519781306385994,0.03707022964954376,0.015818800777196884,0.15073226392269135,-0.013240985572338104,-0.04523231089115143,-0.01735142432153225,-0.024144060909748077,-0.026816094294190407,0.03911580145359039,0.00012105776841053739,0.005137770902365446,0.003229957539588213,0.005169165786355734,-0.0020632746163755655
0.05380072444677353,0.0024516333360224962,0.012390734627842903,0.001455688732676208,0.041631922125816345,-0.0007184554124251008,0.01027455274015665,0.0010315472027286887,-5.01096474181395e-06,-0.00015489268116652966,0.024587197229266167,0.03163876384496689,0.019721634685993195,0.05628019943833351,0.013792367652058601,0.04490352049469948,0.04054583981633186,-0.021947400644421577,-0.0006117284065112472,-0.0055105313658714294,-0.007625333499163389,0.05521191284060478,0.00012613717990461737,0.006995789706707001,0.005806606728583574,0.006673744879662991,-0.0024339426308870316
0.05360915884375572,-0.005791895557194948,0.018321048468351364,-0.00016541348304599524,0.022344952449202538,-0.002009390853345394,-0.0011292638955637813,0.00030865141889080405,-0.003213307121768594,-0.0001754881232045591,0.02397632785141468,-0.01795877330005169,0.016037406399846077,-0.0018379574175924063,-0.02184223011136055,-0.020660120993852615,0.02273576147854328,-0.0031409291550517082,-0.02259039506316185,0.022765986621379852,-0.024618515744805336,0.0738140270113945,0.0001202804924105294,0.013387406244874,0.004940859042108059,0.006923755630850792,-0.003230415051802993
-0.009847250767052174,0.0030437116511166096,0.009795945137739182,8.269545651273802e-05,-0.020153701305389404,-0.000506663229316473,-0.0017879088409245014,0.0006765619618818164,-0.005820285528898239,-0.00011594087845878676,0.02762654609978199,0.031014490872621536,-0.03346479311585426,-0.013545665889978409,0.011572915129363537,0.03122035600244999,-0.034310296177864075,-0.04084727168083191,-0.00038502030656673014,-0.03541785851120949,0.0268398504704237,0.04900690168142319,0.00011031465692212805,0.003650947939604521,0.003945688251405954,0.009366773068904877,-0.004586956463754177
0.0015737649518996477,0.0034006242640316486,0.007832599803805351,0.00010528588609304279,-0.010545209050178528,-0.0004299861320760101,-0.00055568857351318,0.0008890719618648291,-0.0032952281180769205,-0.00018777381046675146,0.025532351806759834,0.038675691932439804,0.004129820037633181,0.03375767916440964,0.009430683217942715,0.15614968538284302,0.10132309049367905,0.06003836914896965,0.010271440260112286,-0.004021539352834225,0.04963880032300949,0.05578905716538429,6.864009628770873e-05,0.0015967627987265587,0.0020871765445917845,0.012989301234483719,-0.0037419020663946867
-0.0221420768648386,0.001705046510323882,0.006017184816300869,7.240250124596059e-05,-0.025185778737068176,-0.0006186024402268231,-0.0017702176701277494,0.000689903914462775,-0.00789118092507124,-0.00020858083735220134,-0.010243316181004047,0.028822610154747963,-0.026306435465812683,0.020962411537766457,-0.007811842951923609,0.004003652837127447,-0.04172395169734955,-0.045621369034051895,-0.0027215927839279175,-0.05883340165019035,-0.01606612093746662,0.037637557834386826,0.00010944873065454885,0.0012767222942784429,0.0015685433754697442,0.013902878388762474,-0.00544775603339076
-0.03224389627575874,0.003266220213845372,0.011313925497233868,-5.438576408778317e-06,-0.016402551904320717,-0.0005536012467928231,-0.0010170277673751116,0.0008212726097553968,-0.009340153075754642,-0.00020658961148001254,0.025627335533499718,-0.02720722369849682,-0.046248599886894226,-0.008619310334324837,-0.0032039915677160025,0.0337785929441452,0.04810314625501633,-0.02549639157950878,0.0019452678970992565,-0.0729876235127449,0.020776528865098953,0.009348155930638313,0.00010652728087734431,-0.000989854452200234,-0.00010462514183018357,0.009770270437002182,-0.004141616635024548
-0.005843074526637793,-0.0001516934862593189,0.00528873922303319,0.00011353588342899457,-0.014085139147937298,-0.0006669951253570616,-0.0009465371840633452,0.000749011873267591,-0.005407997407019138,-0.00013005353685002774,0.029933543875813484,-0.011017415672540665,-0.022092530503869057,0.051364000886678696,0.017119456082582474,0.0912863239645958,0.06543689966201782,0.1544540524482727,0.03393018990755081,0.035408664494752884,0.011204954236745834,0.03761589154601097,0.00033427405287511647,0.001288095721974969,0.0104378592222929,0.0078110541217029095,-0.0027553827967494726
-0.04445166513323784,-0.007274292409420013,0.015809394419193268,-0.000251338497037068,0.029821664094924927,-0.0014444803819060326,0.009169181808829308,0.0004252952348906547,0.012570302933454514,-0.00010751949594123289,0.017732860520482063,0.01597103849053383,-0.06550131738185883,-0.026673734188079834,-0.014885133132338524,-0.09075424075126648,-0.08618908375501633,-0.10298818349838257,-0.015211664140224457,-0.0477495938539505,0.0040144543163478374,-0.01491314172744751,0.00010712700168369338,0.01978149451315403,0.002579333260655403,0.0033393942285329103,-0.005388281308114529
-0.021477166563272476,0.00011840519437100738,0.009535036981105804,-0.0008819259819574654,0.03889836370944977,-0.0016589803854003549,0.006371208466589451,0.000600585073698312,-0.0034064906649291515,-0.00017682263569440693,0.02350573241710663,-0.011181572452187538,-0.07983013242483139,0.017898594960570335,0.012147250585258007,-0.08587827533483505,0.051586393266916275,-0.10923342406749725,0.012054447084665298,-0.038052625954151154,-0.03623974695801735,-0.02441469021141529,0.00013117268099449575,0.006666140165179968,0.004219513386487961,0.0049193743616342545,-0.003919284790754318
-0.07771356403827667,-0.04079808294773102,0.005835112649947405,0.00012446455366443843,-0.0021902103908360004,-0.0012364375870674849,-0.010638182982802391,0.0004980264347977936,-0.0007800235180184245,-2.3972530470928177e-05,0.00666800094768405,-0.015816129744052887,-0.29428908228874207,-0.7387874126434326,-0.11419864743947983,-0.2719472646713257,-0.15690357983112335,-0.4146172106266022,-0.053144801408052444,-0.26240530610084534,-0.3661717176437378,-0.1200452521443367,0.00014285418728832155,-0.039290230721235275,-0.010454650968313217,0.0019868751987814903,-0.003194713732227683
0.03823480010032654,-0.0032084400299936533,0.00885949470102787,0.00032646695035509765,0.03242539241909981,-0.0010238524992018938,-0.00452763494104147,0.0008485299185849726,0.012305987998843193,-8.36967010400258e-05,0.01586695946753025,0.01445150375366211,-0.08284605294466019,-0.15340423583984375,-0.029946420341730118,-0.06489034742116928,-0.001716494094580412,-0.11191840469837189,-0.02604616805911064,0.03525039553642273,-0.04377983137965202,0.019079523161053658,0.00014388278941623867,-0.01621595397591591,-0.0023831359576433897,0.005761658772826195,-0.002704228740185499
0.0503026582300663,-0.001278695766814053,0.010993234813213348,0.0005458187661133707,0.03294847533106804,-0.0004092970339115709,-0.001919240108691156,0.0007155604544095695,0.013195070438086987,-8.36967010400258e-05,0.02008114755153656,0.021262139081954956,-0.020964352414011955,-0.0429312102496624,-0.01119648851454258,-0.0071290163323283195,0.07748277485370636,-0.04280592501163483,-0.013512512668967247,0.05069093406200409,-0.037311818450689316,0.03766551613807678,0.00013609844609163702,-0.007328782696276903,0.00032603059662505984,0.00691797211766243,-0.0025008125230669975
0.1410936862230301,-0.0012864598538726568,0.010286403819918633,0.000280367472441867,0.024561192840337753,-0.000827309035230428,0.0002447994484100491,0.00045696113375015557,0.021721990779042244,1.1464315321063623e-05,0.022648252546787262,0.03323379531502724,0.07985108345746994,0.031030084937810898,0.009081067517399788,-0.007047354243695736,0.09267375618219376,0.07403935492038727,0.06098392978310585,0.03974786773324013,0.060931507498025894,0.06384153664112091,0.00014285418728832155,0.0008944054134190083,0.001730336924083531,0.008190978318452835,-0.0018001560820266604
0.01961524784564972,0.0033687353134155273,0.008251902647316456,4.33556197094731e-05,-0.026056775823235512,-0.0007162463734857738,0.0020297709852457047,0.000551185104995966,-0.008376652374863625,-0.00013470636622514576,0.015996994450688362,-0.01284200418740511,0.45052433013916016,0.03100728802382946,0.01790752448141575,0.02568970061838627,0.006449018605053425,-0.030894102528691292,-0.0023579546250402927,0.27414289116859436,-0.05124234780669212,0.05167480930685997,0.00012114736455259845,-0.004812408238649368,-0.00035638432018458843,0.010332939215004444,-0.002451264765113592
-0.040194254368543625,0.013000516220927238,-0.0449494905769825,5.240782047621906e-05,0.017134707421064377,-0.0014703935012221336,-0.001073187100701034,0.0007607754087075591,-0.00368077983148396,-0.00021503759489860386,0.04834083840250969,-0.026026850566267967,0.02257426641881466,0.07857072353363037,0.04831190034747124,-0.031108582392334938,-0.027606522664427757,0.002085290150716901,0.017616096884012222,-0.012931904755532742,-0.02108377404510975,0.025951797142624855,0.00010224532161373645,-0.022683553397655487,-0.0035447506234049797,0.0076315016485750675,-0.004005505237728357
0.08015904575586319,0.023896299302577972,0.014926589094102383,0.0001292016968363896,0.028605321422219276,-0.002211450831964612,-0.001547659863717854,0.0004197846574243158,0.017160804942250252,-0.0006711058085784316,0.013346618972718716,0.033416397869586945,0.005474851932376623,0.08087791502475739,0.007847401313483715,0.013516758568584919,0.0037849065847694874,0.00936479028314352,-0.0012406856985762715,-0.011673604138195515,-0.027014058083295822,-0.05655644088983536,0.00014593423111364245,-0.01831679791212082,0.005948688834905624,0.004813995212316513,-0.002360885962843895
0.04059519246220589,0.022143995389342308,0.009418537840247154,0.0003089725214522332,0.03799748420715332,-0.0012909884098917246,-0.0018029831117019057,-0.008937935344874859,-0.0020549215842038393,-0.0006250574951991439,0.017615268006920815,0.02428217977285385,0.00015951937530189753,0.03203535079956055,-0.00021472334628924727,0.10492243617773056,-0.0498320534825325,-0.09603292495012283,-0.005299651063978672,-0.003982048016041517,-0.022394565865397453,0.0033223272766917944,0.00012094889098079875,0.014603594318032265,-0.0008267821394838393,0.005545286927372217,-0.0034459498710930347
-0.022813700139522552,0.004927920643240213,0.015369332395493984,0.00042731993016786873,0.03721756115555763,-0.0007469591218978167,0.008380401879549026,0.0006157842581160367,-0.0025348349008709192,-0.0002039358369074762,0.024151578545570374,-0.006076502613723278,0.012761968187987804,-0.0018713653553277254,0.002051803283393383,0.13971459865570068,-0.040149543434381485,-0.07203319668769836,0.026060927659273148,0.02585572935640812,-0.022811491042375565,0.10430578887462616,0.00012739810335915536,0.013467858545482159,0.013104228302836418,0.00885375402867794,-0.003200096543878317
0.006895740982145071,0.003881527576595545,0.004470592364668846,9.90740445558913e-05,-0.009732197038829327,-0.0005521536222659051,-0.001003220328129828,0.0007903769728727639,-0.0032644227612763643,-0.00014428999566007406,0.031521379947662354,0.02767036110162735,0.06761762499809265,0.062355536967515945,0.028620025143027306,0.1110069528222084,0.08292730152606964,0.17443767189979553,0.01062286738306284,0.05727926269173622,0.058221954852342606,0.032595545053482056,0.00012476395932026207,0.005388415418565273,-0.0017004333203658462,0.010825383476912975,-0.0028172829188406467
-0.02875496819615364,0.013714110478758812,-0.0487036295235157,6.000273424433544e-05,-0.021578464657068253,-0.0012294728076085448,-0.000883492233697325,0.0003941195027437061,-0.0029188310727477074,-0.00017163292795885354,0.035690758377313614,0.03791756555438042,0.006010496988892555,-0.0628284439444542,-0.024767862632870674,-0.05717432126402855,-0.10631353408098221,0.1575641930103302,-0.005395940504968166,-0.02849101833999157,-0.04996497184038162,-0.09840939193964005,0.00012830366904381663,0.033241741359233856,0.008617273531854153,0.0052744667045772076,-0.0029661892913281918
0.06278443336486816,0.005100628361105919,0.005602375604212284,5.5666270782239735e-05,-0.013039425015449524,-0.0020687549840658903,-0.0006693608011119068,0.0004298971616663039,-0.0037480599712580442,-7.793307304382324e-05,0.020863773301243782,0.021399948745965958,-0.016021432355046272,0.03941662982106209,0.011036348529160023,-0.04461655020713806,-0.004401321057230234,0.07922939211130142,0.0185606237500906,0.0013513303129002452,-0.047529734671115875,0.02476774901151657,0.0001662781578488648,0.007593636400997639,0.0005847049178555608,0.00818810984492302,-0.002331898780539632
-0.004545767325907946,0.0011087392922490835,0.006705316714942455,-0.0009283048566430807,0.01815069280564785,-0.002088764449581504,-0.0004376749275252223,0.00039553368696942925,-0.0034986063838005066,-0.00010078887862619013,0.027305155992507935,-0.010536971502006054,0.0007261957507580519,-0.013889585621654987,0.0021724344696849585,-0.06668824702501297,0.0489591583609581,0.043012410402297974,-0.03816094622015953,-0.014122536405920982,0.033501528203487396,0.019709445536136627,1.5993358829291537e-05,-0.0009647041442804039,-0.010737006552517414,0.005545453634113073,-0.003713663900271058
0.01696002297103405,-0.0035039354115724564,0.011026397347450256,-0.0019411171087995172,0.01947462372481823,-0.0015739512164145708,-0.0012910596560686827,0.0003928803198505193,-0.0033068431075662374,-0.00017318170284852386,0.007018850650638342,-0.012917233631014824,-0.07146649807691574,-0.013497676700353622,-0.02091910131275654,-0.06351270526647568,0.007868563756346703,-0.011562065221369267,-0.025822512805461884,-0.03805648535490036,-0.02429368533194065,0.012422419153153896,0.00012720581435132772,0.005391279235482216,-0.0003027786733582616,0.007376852910965681,-0.004180015530437231
0.0002931577619165182,-0.002275462495163083,0.005386943928897381,-0.002194199012592435,0.014235598035156727,-0.002370725851505995,-0.0007530838483944535,0.0004018543695565313,-0.0034200376830995083,-7.761877350276336e-05,-0.003460534615442157,-0.013719945214688778,-0.06964326649904251,-0.035377658903598785,-0.004008829593658447,-0.08829239010810852,-0.03227165713906288,0.02898428961634636,-0.05743354931473732,-0.04037207365036011,-0.033792492002248764,-0.028185151517391205,0.00016064659575931728,0.004075829870998859,-0.011897074989974499,0.0022924430668354034,-0.004526290576905012
-0.004263811279088259,-0.0029285347554832697,0.004064456559717655,-0.0020103531423956156,0.014065457507967949,-0.0022445947397500277,-0.000628576788585633,0.00048048514872789383,-0.0035307006910443306,-7.859763718442991e-05,-0.009371155872941017,-0.013064098544418812,-0.06833747029304504,-0.03646741062402725,0.006951918359845877,-0.09168624132871628,-0.033707715570926666,0.026956385001540184,-0.060891296714544296,-0.04650765657424927,-0.028410673141479492,-0.0330413319170475,0.00016064659575931728,0.003847695654258132,-0.01486029103398323,0.0019231574842706323,-0.00458896066993475
0.0309133380651474,0.00817613024264574,0.009087502025067806,0.000913892057724297,0.04408721625804901,-0.0006583126960322261,-0.00044407034874893725,0.011488931253552437,0.07312318682670593,0.00107638631016016,-0.04158070683479309,-0.007235107012093067,0.07332861423492432,0.5945413708686829,0.060088638216257095,0.19678570330142975,0.05292317643761635,-0.02778584323823452,0.0224206130951643,0.07356267422437668,0.21184559166431427,0.42830541729927063,0.0006559205357916653,0.062201958149671555,0.015737850219011307,0.01688487082719803,-0.002460949122905731
-0.031108487397432327,0.0018872710643336177,0.010734336450695992,8.068351235124283e-06,0.04953937232494354,-0.0012804160360246897,0.007644892670214176,0.00023219423019327223,0.02046258933842182,-6.872193625895306e-05,0.02294275350868702,0.03526754304766655,-0.013109421357512474,0.024666961282491684,-0.008995584212243557,-0.05321076512336731,-0.031235426664352417,-0.07810612767934799,0.01580263487994671,-0.02770266868174076,-0.03352894261479378,0.00875815562903881,0.0001531513116788119,0.01486238744109869,-0.00400072755292058,-0.05180438980460167,-0.0035748693626374006
0.07890406996011734,0.008104778826236725,-0.03922253102064133,0.0001264924940187484,0.01682114228606224,-0.0016284164739772677,-0.0005000655655749142,0.0004342370084486902,-0.0035987694282084703,-6.848232442280278e-05,0.0054394095204770565,0.014537971466779709,-0.051077645272016525,0.029150716960430145,0.007855427451431751,-0.021383609622716904,-0.002445576712489128,0.05598049610853195,0.03503015264868736,-0.016693860292434692,0.1079147681593895,0.02267051301896572,0.00016987210256047547,0.007403841707855463,-0.004367719870060682,0.003358159214258194,-0.0015190411359071732
0.10983014851808548,-0.004236974753439426,0.004680247511714697,0.00031800245051272213,-0.030616113916039467,-0.0015688531566411257,0.016894279047846794,0.0003336785302963108,-0.0033599145244807005,-7.974866457516328e-05,0.020269861444830894,-0.015659887343645096,0.0030202597845345736,-0.22325779497623444,0.016591034829616547,0.0017594839446246624,0.08205118030309677,0.023497214540839195,0.010481534525752068,0.03087626025080681,-0.024026140570640564,0.029303230345249176,0.00013027203385718167,0.0007204284192994237,0.0020255367271602154,0.01330044399946928,-0.002389688976109028
0.013904494233429432,0.005751989781856537,0.010009177960455418,-1.0023675713455305e-05,0.02674493007361889,-0.0008913943311199546,0.0003285440616309643,0.0005539901903830469,0.047233644872903824,0.00023378116020467132,0.023734772577881813,-0.005160738714039326,0.44540148973464966,0.012933783233165741,0.004990376066416502,0.11316157132387161,0.11979378014802933,-0.11956404894590378,0.031177425757050514,0.004974509589374065,0.08658205717802048,0.0039611635729670525,0.00013099584612064064,0.001791550894267857,-0.005804389249533415,0.006382244173437357,-0.002690871013328433
-0.01676096022129059,-0.003351536113768816,0.008130213245749474,2.6740035536931828e-05,0.035623643547296524,-0.0006757453083992004,0.010014636442065239,0.0018008635379374027,0.03673017770051956,-0.00018680655921343714,-0.2719099521636963,-0.011255459859967232,0.0013162896502763033,0.4044803977012634,0.006351779215037823,0.06760838627815247,0.02106216549873352,-0.04494338482618332,0.01935521513223648,0.038263317197561264,0.019709568470716476,0.03434903919696808,0.00010897725587710738,-0.022968310862779617,-0.016677822917699814,0.03531338647007942,-0.0033947532065212727
0.008700490929186344,-0.004708116874098778,0.005723964888602495,2.8859412850579247e-05,-0.02670336328446865,-0.0009841984137892723,-0.001341107301414013,0.000389759021345526,-0.006680236663669348,-0.00010977658530464396,0.013696829788386822,0.02199009247124195,-0.08146428316831589,-0.0013712778454646468,-0.008319125510752201,-0.01688738539814949,-0.12806983292102814,0.03492894396185875,-0.033665746450424194,-0.126478910446167,-0.048647962510585785,0.022147314622998238,0.00012016464461339638,0.013848107308149338,-0.0011640869779512286,0.011302224360406399,-0.0031029158271849155
-0.044046878814697266,-0.000475141016067937,0.013954706490039825,5.4920245020184666e-05,0.030300084501504898,-0.0009626878309063613,0.002948861801996827,0.00016939429042395204,-0.00690092658624053,-0.00041253940435126424,0.02281520701944828,-0.025684477761387825,-0.07328725606203079,0.003400512272492051,-0.00811769813299179,0.027774691581726074,-0.01878933236002922,-0.28542712330818176,0.001509328605607152,-0.09388559311628342,-0.025319905951619148,-0.019595056772232056,0.0001241310965269804,0.004100395832210779,-0.0029970775358378887,0.004412515554577112,-0.005532548297196627
-0.032031212002038956,0.006194941233843565,0.009602015838027,0.00010796940478030592,-0.0289442241191864,-0.0009302984108217061,-0.0011610884685069323,0.0007274042582139373,-0.008800278417766094,-0.00019562881789170206,0.025882616639137268,-0.014392036944627762,-0.07353170961141586,-0.02567790076136589,0.002567822579294443,0.017511490732431412,-0.0181480273604393,-0.06569714099168777,-0.001237155869603157,-0.005077272187918425,-0.04468720406293869,-0.0315164178609848,0.00011478302621981129,0.0010733548551797867,0.0022817363496869802,0.01425872277468443,-0.005105273332446814
-0.02792857401072979,0.0038713300600647926,0.006197741720825434,0.00012945607886649668,-0.026632167398929596,-0.0009121070033870637,-0.001458077342249453,0.0008251032559201121,-0.008015571162104607,-0.00019562881789170206,0.019814513623714447,-0.013212143443524837,-0.055815692991018295,-0.0074976119212806225,0.010129407048225403,0.030905887484550476,-0.01766922138631344,-0.06320472061634064,-0.002648452064022422,0.01748065836727619,0.0045430418103933334,-0.01962035894393921,0.00011478302621981129,0.0006249714060686529,0.0037020589224994183,0.01522392500191927,-0.0050841039046645164
-0.02270614169538021,0.004947624634951353,0.005348511040210724,0.003972099628299475,0.011763080023229122,-0.0014336209278553724,-0.0008215167326852679,0.0004361082974355668,-0.002820120193064213,-6.401073915185407e-05,0.024052750319242477,0.019727468490600586,-0.03528544679284096,0.008721067570149899,0.010924272239208221,-0.04969533160328865,0.004608327988535166,0.11506330966949463,-0.019898924976587296,-0.03551504760980606,-0.0038516430649906397,-0.02144199050962925,0.0001408504176652059,0.007116698659956455,-0.0011370786232873797,0.002792928135022521,-0.00368839455768466
-0.04957890883088112,-0.0007800339953973889,0.010912743397057056,2.7340878659742884e-05,-0.023036623373627663,-0.002333669224753976,-0.0016553958412259817,0.0003877306589856744,-0.0032792571000754833,-0.00017359030607622117,0.012666658498346806,0.02660360373556614,-0.021788932383060455,0.0035122830886393785,-0.013936099596321583,-0.06908673048019409,-0.08734782040119171,0.010853451676666737,-0.02869371511042118,-0.0250755175948143,-0.056051936000585556,0.016328303143382072,0.00010991359158651903,0.021352464333176613,0.008446535095572472,0.006510219536721706,-0.002415047725662589
0.035010647028684616,0.009466350078582764,0.004148093052208424,5.378102287068032e-05,-0.0179277490824461,-0.0020164824090898037,-0.0007066949619911611,0.0004071463190484792,-0.0022518367040902376,-0.00010736598778748885,0.01984526589512825,0.026030560955405235,0.0029253822285681963,0.0339210070669651,0.017251674085855484,0.00472021009773016,0.03010123409330845,0.1446310430765152,0.024209141731262207,-0.004488035105168819,-0.0099391033872962,-0.0021752766333520412,0.00014793049194850028,0.008269431069493294,-0.0010279365815222263,0.00810893066227436,-0.0029591508209705353
-0.06027909368276596,-0.010135157033801079,-0.08044713735580444,7.526727858930826e-05,0.013506422750651836,-0.0014564403099939227,-0.002123288344591856,0.0004123539838474244,-0.005991649813950062,-0.00013557620695792139,-0.0849459245800972,-0.023590637370944023,-0.026670100167393684,-0.0921129658818245,0.017166024073958397,-0.04100646823644638,-0.060701966285705566,-0.07742006331682205,-0.016820471733808517,-0.0943833589553833,-0.09959053993225098,0.08719970285892487,0.00011228326184209436,-0.03069790080189705,-0.018402252346277237,0.008885366842150688,-0.0030185191426426172
-0.051293324679136276,-0.006841277703642845,-0.03494485095143318,0.00015122244076337665,0.012205105274915695,-0.0014947759918868542,-0.0006877349223941565,0.0004667883913498372,-0.006380148697644472,-0.0001522349484730512,-0.042990803718566895,-0.013465010561048985,-0.05165192112326622,0.0005990070640109479,-0.007329585030674934,-0.005316132213920355,-0.010630063712596893,0.06365971267223358,-0.03858308121562004,0.12847870588302612,-0.04980463162064552,0.030819851905107498,0.00012533750850707293,-0.006368532776832581,-0.002604266395792365,0.004085338208824396,-0.0019991316366940737
0.034385889768600464,0.0010505695827305317,0.00496017886325717,9.845649037742987e-05,-0.019070159643888474,-0.0018556107534095645,-0.0008592944941483438,0.0005563277518376708,-0.002999172080308199,-0.00010736598778748885,0.014296063221991062,0.022897422313690186,0.030448462814092636,0.029506361111998558,0.008565827272832394,0.0019402231555432081,-0.004833722021430731,0.1095200777053833,-0.025830890983343124,0.017627499997615814,-0.02340230718255043,0.0031108995899558067,0.00016036859597079456,0.005507024470716715,-0.005204778164625168,0.007476259488612413,-0.002561895176768303
-0.03882962837815285,0.0012548883678391576,0.007783432025462389,0.00018515731790103018,-0.022235747426748276,-0.0013717664405703545,-0.0010396827710792422,0.0005717587191611528,-0.00521919596940279,-0.000177884561708197,0.01509812567383051,-0.018437689170241356,-0.07144028693437576,-0.010091667994856834,0.01814918965101242,-0.06098567321896553,-0.01596594601869583,-0.025428401306271553,-0.0018776481738314033,0.007951626554131508,0.01935417577624321,0.020891476422548294,0.00011796029139077291,0.005727466661483049,0.005514571908861399,0.01017273310571909,-0.005958103574812412
-0.011812049895524979,-0.004622840788215399,0.0077882809564471245,8.072226773947477e-05,-0.014543202705681324,-0.0007256108219735324,-0.0007670780178159475,0.0008730713743716478,-0.003571328241378069,-0.0001947067357832566,0.01672383025288582,0.03223829343914986,0.0012303255498409271,0.027580078691244125,0.01585441827774048,0.13391752541065216,0.05957417190074921,0.010190577246248722,-0.01036393828690052,0.03705822676420212,-0.016031382605433464,0.01979268714785576,0.00010944873065454885,0.005284307524561882,-0.0017408608691766858,0.010820544324815273,-0.002926831366494298
-0.011792656034231186,-0.00538103561848402,0.006570476107299328,1.742600397847127e-05,-0.015334021300077438,-0.0006303056725300848,-0.00013674666115548462,0.0008446011343039572,-0.0061790538020431995,-0.00014378034393303096,0.01524531189352274,0.0291643925011158,-0.010884861461818218,0.009972813539206982,0.001861336873844266,0.020020926371216774,0.09596142172813416,-0.012640840373933315,-0.015474602580070496,0.03809714317321777,0.0007647956954315305,0.015245534479618073,0.00010944873065454885,0.002318332204595208,-0.0004276539839338511,0.012988928705453873,-0.003475868608802557
-0.023065323010087013,-0.006203910801559687,0.01108221709728241,4.491920844884589e-05,-0.018577001988887787,-0.0012243937235325575,-0.0011157168773934245,0.0005876810173504055,-0.004048604052513838,-0.00018565051141195,0.012274314649403095,0.02641855739057064,-0.033418208360672,-0.00807983335107565,0.00544473621994257,-0.059027768671512604,-0.0498388297855854,-0.02307759039103985,-0.013059936463832855,-0.034631382673978806,0.01986067183315754,-0.015543670393526554,0.00011493873171275482,0.002206568606197834,-0.00462961383163929,0.00938828382641077,-0.00697106309235096
0.021297501400113106,0.001487672096118331,0.0048531424254179,0.00013976583431940526,-0.011320212855935097,-0.0015025960747152567,-0.0006310857133939862,0.0004842838679905981,-0.0024507336784154177,-0.0001397997693857178,0.016474194824695587,0.02563016675412655,-0.021829910576343536,0.02125876396894455,0.00798640213906765,0.010360345244407654,0.028649067506194115,0.1096402034163475,0.00313243898563087,-0.021602826192975044,0.00021108506189193577,0.0325159877538681,0.00014733296120539308,0.00496722711250186,-0.007258258759975433,0.009544571861624718,-0.003766011679545045
0.06772850453853607,-0.003605546895414591,0.006059838458895683,-0.0018317975336685777,0.019437113776803017,-0.002825498580932617,-0.0009852732764557004,0.0002757080364972353,-0.003904792247340083,-0.00010252826905343682,0.0028691645711660385,-0.017077503725886345,0.04659196361899376,-0.005670763552188873,-0.007823781110346317,-0.06515384465456009,-0.005635577253997326,0.06684552878141403,-0.030021660029888153,-0.003644931362941861,-0.029822904616594315,0.010704189538955688,0.0001743504690239206,0.006171993911266327,-0.005858216900378466,0.004726446233689785,-0.0026541028637439013
0.0640406683087349,-0.0016154892509803176,0.01647954061627388,-0.0007972886669449508,0.012699730694293976,-0.0011622761376202106,-0.0016281713033095002,0.00027419437537901103,-0.0037824828177690506,-0.000146404403494671,0.01957417093217373,0.025593936443328857,-0.061166923493146896,0.023305395618081093,0.004350735805928707,-0.016590021550655365,0.010267636738717556,-0.03611905500292778,0.010148457251489162,-0.034955739974975586,-0.04214450344443321,0.02856362797319889,9.843092993833125e-05,0.001245938939973712,0.005267235916107893,0.007135654799640179,-0.0028794328682124615
-0.020276227965950966,0.004583478439599276,0.009825905784964561,-3.945611388189718e-05,0.02913004904985428,-0.0009084891644306481,-0.001637761015444994,0.0007325195474550128,-0.0070240008644759655,0.00359345437027514,0.028772801160812378,-0.0134611576795578,0.028078490868210793,0.01372078713029623,-0.01009061373770237,0.07704431563615799,0.03181394562125206,-0.11087662726640701,0.01707066409289837,-0.04973943531513214,0.023025622591376305,0.01818958669900894,0.0001241310965269804,0.0024426602758467197,-0.007331313099712133,0.005304945167154074,-0.003442727727815509
0.034497231245040894,0.001854232745245099,0.005250492598861456,0.00014183293387759477,-0.01800313964486122,-0.0005968245677649975,-0.0021399620454758406,0.0005858222721144557,-0.0035128947347402573,-0.00014933513011783361,-0.22244663536548615,-0.009062035009264946,-0.006151595152914524,0.03854602947831154,0.010307243093848228,0.0389445424079895,0.011090250685811043,-0.026615649461746216,0.0042656599543988705,0.01177078578621149,-0.030934272333979607,0.11416548490524292,8.380654617212713e-05,0.002843358786776662,0.004276779480278492,0.045742541551589966,-0.0032768778037279844
-0.06683386117219925,0.0013132814783602953,0.009962867945432663,5.351992149371654e-05,0.013154229149222374,-0.000823209818918258,-0.002485295757651329,0.0006537461304105818,0.011095446534454823,-0.0010341545566916466,0.02823978289961815,0.010664233937859535,-0.014718817546963692,-0.0017058972734957933,-0.010241971351206303,0.06322213262319565,0.029021255671977997,-0.06610608845949173,-0.0036282085347920656,-0.029688362032175064,-0.008893581107258797,0.018677961081266403,0.00012497507850639522,-6.212707376107574e-05,-0.013459376059472561,0.004885580390691757,-0.0030377053190022707
-0.03867074474692345,0.00034532512654550374,0.016586484387516975,8.860030357027426e-05,0.015117818489670753,-0.0017553223296999931,-0.0014977254904806614,0.00040836865082383156,0.009861664846539497,-0.00012852708459831774,0.03132438287138939,0.020992187783122063,-0.005412138067185879,0.014177617616951466,0.00016709839110262692,-0.010409064590930939,0.037884268909692764,0.020291022956371307,0.00783560611307621,-0.010320144705474377,-0.029970180243253708,0.05550102889537811,0.00013351919187698513,0.007003100123256445,-0.002494764281436801,0.0039458912797272205,-0.0021440540440380573
0.061288103461265564,0.004823487717658281,0.007254701107740402,0.00016560606309212744,-0.01657765917479992,-0.0016808259533718228,-0.0006677859928458929,0.00034577344194985926,-0.0014163973974063993,-0.00010854932043002918,0.003671405604109168,0.028714250773191452,-0.06874823570251465,0.031677134335041046,0.013905638828873634,-0.01481203455477953,0.01621503196656704,0.021509945392608643,0.02913222275674343,-0.013901631347835064,-0.0010668457252904773,-0.002167961560189724,0.00011379980423953384,0.004975256975740194,0.0038888989947736263,0.008728742599487305,-0.0025388228241354227
0.010631849057972431,-0.0019993013702332973,0.0036377247888594866,-0.0004873964353464544,-0.022316893562674522,-0.0018142013577744365,-0.0008118245750665665,0.0007267573964782059,-0.004035559482872486,-0.0001050950595526956,-0.0026840197388082743,0.02068210206925869,0.01732712984085083,0.008273616433143616,-0.03984107822179794,-0.024761442095041275,0.02860153093934059,0.021789541468024254,-0.06736864149570465,-0.02977689914405346,-0.038245800882577896,0.026896119117736816,0.00013325123290996999,0.0012061867164447904,-0.01075524277985096,0.009047017432749271,-0.0021755665075033903
0.0615069717168808,0.003916160203516483,0.006120236590504646,9.335296635981649e-05,-0.019520362839102745,-0.0018885447643697262,-0.0010318844579160213,0.00038973704795353115,-0.003117751097306609,-0.00017090402252506465,0.016739683225750923,0.03082551248371601,0.024909812957048416,0.02276671677827835,0.018953872844576836,-0.03095931187272072,0.025902314111590385,0.027463162317872047,0.01708248071372509,-0.01506738644093275,-0.030050231143832207,0.04801947623491287,0.00010991359158651903,0.011199750937521458,0.007700962480157614,0.008609305135905743,-0.0017211654921993613
0.0026774390134960413,-0.0015853598015382886,0.00984344631433487,0.000102374360722024,0.031958915293216705,-0.0006748767918907106,-0.0010799129959195852,0.0005164640606380999,0.020634273067116737,-0.00019464212527964264,0.018239345401525497,0.015072280541062355,0.17212118208408356,-0.0954616591334343,0.00014489880413748324,0.019047604873776436,0.006949643604457378,-0.06489301472902298,3.243862011004239e-05,-0.10980754345655441,-0.0472717322409153,0.04049442335963249,0.00012387873721309006,0.0018407674506306648,-0.01135466992855072,0.00616827979683876,-0.0018803937127813697
0.00817943923175335,-0.012866943143308163,0.009581142105162144,0.0002510349149815738,0.030262958258390427,-0.001834175200201571,-0.0010839264141395688,-0.00024963601026684046,0.018735848367214203,-0.00021396236843429506,0.024773551151156425,-0.01206190511584282,0.028790459036827087,-0.006154769100248814,-0.022537836804986,0.0758495181798935,0.025625627487897873,-0.14312899112701416,0.005192894022911787,-0.01386528741568327,0.02176840789616108,-0.004433101043105125,0.00013099584612064064,0.0008145401952788234,-0.019492365419864655,0.004717231262475252,-0.0033941178116947412
-0.009279761463403702,-0.003338414942845702,0.006173743400722742,-8.895764767657965e-05,0.014829650521278381,0.01271108165383339,-0.0004225342418067157,0.0005672327242791653,-0.0028383831959217787,-0.00012625062663573772,0.025658221915364265,-0.013921992853283882,-0.010099324397742748,-0.001968533033505082,0.007309572771191597,0.004477981012314558,0.05758117511868477,0.10547902435064316,0.018162189051508904,-0.02769446186721325,0.03595095872879028,0.010224834084510803,0.0004764148034155369,0.005887206178158522,-0.010274240747094154,0.0025634393095970154,-0.003749813186004758
0.025853237137198448,0.007255973760038614,0.011103984899818897,0.00106430659070611,0.041368383914232254,0.014434401877224445,-0.0015301220118999481,0.0009545866632834077,-0.00562689732760191,-0.0001871435670182109,0.029322978109121323,-0.011586981825530529,0.03064826689660549,0.012169286608695984,0.026269856840372086,0.02372882328927517,0.08658638596534729,-0.041988201439380646,0.010422458872199059,0.0029370691627264023,0.04414575919508934,0.05076849088072777,0.00025495284353382885,0.013408660888671875,0.011843673884868622,0.00885720830410719,-0.003758692881092429
0.029903098940849304,-0.004113912116736174,0.00913319457322359,8.203498509828933e-06,0.032435208559036255,0.004864666610956192,-0.0019452604465186596,-1.5690102372900583e-05,-0.004204666707664728,-0.00028025853680446744,0.024584488943219185,-0.018395423889160156,-0.09197146445512772,-0.0061257751658558846,-0.015308136120438576,0.03807585686445236,0.022158006206154823,-0.14674407243728638,0.002383952960371971,-0.07535810023546219,-0.024970082566142082,0.01461962703615427,0.00021271871810313314,0.006970307789742947,-0.0012708526337519288,0.007556523196399212,-0.0038164237048476934
0.02828262373805046,0.03262578323483467,-0.03128902614116669,0.00021914699755143374,0.016145477071404457,-0.002007067436352372,-0.0006205849349498749,0.0012953000841662288,-0.0019195707282051444,-0.00021251039288472384,0.033284835517406464,-0.009052288718521595,0.03152165934443474,0.04516924172639847,0.007856711745262146,0.01200027484446764,-0.01749943196773529,0.14910423755645752,-0.005553780123591423,-0.007003556005656719,-0.006859139539301395,0.1289248913526535,0.00016598589718341827,0.021404124796390533,-0.004375883378088474,0.003718589898198843,-0.0030852823983877897
0.03443280979990959,-0.0037834038957953453,0.008772114291787148,3.739028034033254e-05,0.043082624673843384,-0.00125192292034626,0.006825755350291729,0.0006456475239247084,-0.005099942442029715,-0.00028801363077946007,0.02338685281574726,0.02597236819565296,0.010801323689520359,0.01266162097454071,0.017091767862439156,0.03618898242712021,-0.002570813288912177,-0.06893756985664368,0.01174621656537056,-0.056779149919748306,-0.026593279093503952,0.035361774265766144,0.00012339610839262605,0.00507395388558507,-0.0016986308619379997,0.008868159726262093,-0.0023434108588844538
0.04985770210623741,0.002828733529895544,0.004513489082455635,-0.0003804254811257124,0.013706504367291927,-0.0015124852070584893,-0.0009307925356552005,0.0003704091359395534,-0.0016684122383594513,-7.943392120068893e-05,0.008025708608329296,0.017459047958254814,-0.020260421559214592,0.03410383686423302,-0.010143991559743881,-0.01466926746070385,0.01398009154945612,0.060715220868587494,0.014765424653887749,-0.03379009664058685,-0.014006788842380047,0.0035825883969664574,0.00017290195683017373,0.00642881914973259,-0.006282971706241369,0.003333450760692358,-0.002941712038591504
-0.02068973518908024,0.004227279685437679,0.017387717962265015,9.949458763003349e-05,0.03167496621608734,-0.0007669328479096293,0.004561810754239559,0.0005586434854194522,-0.004427111241966486,-0.00020665983902290463,0.020326515659689903,-0.013131465762853622,-0.04439343884587288,-0.03390823304653168,-0.009956147521734238,0.08301094174385071,-0.10665857046842575,-0.1173085942864418,0.019480757415294647,0.025499636307358742,-0.03449687361717224,0.09775913506746292,0.0001249970227945596,0.015586521476507187,0.01167675107717514,0.007552571129053831,-0.003547809785231948
-0.024108508601784706,0.006782481912523508,0.017995525151491165,0.0004530804872047156,0.03695255145430565,-0.0006954280543141067,0.008399596437811852,0.001279738498851657,-0.0021211542189121246,-0.0001615161309018731,0.02542131207883358,-0.0112355537712574,0.026668889448046684,-0.0012310914462432265,0.018623698502779007,0.16356134414672852,-0.040822651237249374,-0.03956306725740433,0.02889692224562168,0.06290186941623688,0.00969643797725439,0.11493421345949173,0.00012836905079893768,0.01727384142577648,0.01748468354344368,0.009528075344860554,-0.0031798603013157845
-0.000200055685127154,0.0017546245362609625,0.011119416914880276,1.546444218547549e-05,-0.011532969772815704,-0.0004893527366220951,-0.0006911100936122239,0.0008449034066870809,-0.006393048446625471,-8.955725934356451e-05,0.029574912041425705,0.025099758058786392,-0.02098553068935871,0.00651472108438611,-0.00864655151963234,0.0446341298520565,0.07103639096021652,0.02053118497133255,0.004787461366504431,0.014288721606135368,0.03202306106686592,0.024556351825594902,9.41340476856567e-05,0.0011331450659781694,-0.0005518500693142414,0.011963742785155773,-0.003501920262351632
-0.015578866004943848,0.008685586042702198,0.017370644956827164,0.00014154020755086094,-0.015021177940070629,-0.0006866792682558298,-0.0008469639578834176,0.00037460634484887123,-0.0027749398723244667,-6.879168358864263e-05,0.027312979102134705,0.04160621762275696,-0.047842130064964294,0.02942952699959278,0.014190408401191235,-0.03452163189649582,-0.05064371973276138,0.023073913529515266,0.010102462023496628,0.019851304590702057,0.0513264425098896,0.0535912811756134,7.056555477902293e-05,0.021142883226275444,0.014326469972729683,0.009326850064098835,-0.003938937094062567
-0.007919292896986008,-0.0009051887900568545,0.003918120637536049,7.430424739141017e-05,-0.01200657058507204,-0.0005242369952611625,-0.0008010691381059587,0.0007676811655983329,-0.00480370270088315,-0.00012563038035295904,0.030221477150917053,-0.009205548092722893,0.04822123050689697,0.052176520228385925,0.03798532858490944,0.08654173463582993,0.07327073812484741,0.18088464438915253,0.031108055263757706,0.05829950422048569,0.04129640385508537,0.03211436793208122,0.00012410389899741858,0.004546391777694225,-0.0021777222864329815,0.007348837796598673,-0.002894952427595854
-0.030918003991246223,-0.002709109103307128,0.01613541506230831,-0.000813311489764601,0.013693616725504398,-0.0016313738888129592,-0.0013494131853803992,0.0003874446847476065,0.015737732872366905,0.0018037910340353847,0.02748933993279934,0.020429814234375954,0.035892147570848465,0.0032717783469706774,-0.014912865124642849,-0.06454873085021973,0.061742328107357025,0.03290560096502304,0.010120721533894539,-0.018277114257216454,-0.012313264422118664,-0.0038266016636043787,0.00012280784721951932,0.005228414665907621,-0.00227224244736135,0.004393245093524456,-0.002350489143282175
0.059945084154605865,0.0040291245095431805,0.0061515443958342075,7.369800005108118e-05,-0.028208855539560318,-0.002844151109457016,-0.0018012123182415962,0.0002749187115114182,-0.003416963154450059,-0.00036253631697036326,0.017668237909674644,-0.020594513043761253,-0.007977722212672234,0.016107598319649696,0.0028934141155332327,0.03814983367919922,-0.017096126452088356,-0.03235625475645065,-0.009670602157711983,-0.04698297381401062,-0.031724344938993454,0.03280150890350342,0.00011799284402513877,0.005056781694293022,0.004060621839016676,0.010705904103815556,-0.002663790015503764
0.07533318549394608,0.002696359297260642,0.007982584647834301,7.56081280997023e-05,-0.026507005095481873,-0.00221998174674809,-0.0016307731857523322,0.00034749400219880044,-0.0028576578479260206,-0.00019598554354161024,0.003610474755987525,-0.018174106255173683,0.022570258006453514,0.016832441091537476,0.0212282482534647,0.006241074297577143,0.01094276737421751,-0.016855334863066673,-0.002071170136332512,-0.03815475106239319,-0.026439478620886803,0.0478798970580101,0.00011799284402513877,0.0045148213393986225,0.00525513244792819,0.01151120476424694,-0.003254760755226016
-0.019763125106692314,0.009449484758079052,0.008595386520028114,0.00015662347141187638,0.029270170256495476,-0.0012402873253449798,-0.0010308970231562853,0.0005437843501567841,0.02510775253176689,-0.002556761959567666,0.049465104937553406,0.025326060131192207,0.02063402161002159,0.025884851813316345,-0.021507414057850838,-0.04453089460730553,0.055180586874485016,-0.04595716670155525,-0.0028665068093687296,0.0035227418411523104,-0.02560667134821415,0.09490039944648743,0.0006324487621895969,0.003072696039453149,-0.0059835887514054775,0.004622540436685085,-0.0031998716294765472
0.0312647745013237,0.0039434609934687614,0.013904348947107792,-0.0004819511668756604,-0.033582475036382675,-0.0011034890776500106,-0.0026939341332763433,0.0004907766124233603,-0.009345205500721931,-0.00019653361232485622,0.016970425844192505,0.018018294125795364,-0.032892968505620956,0.004076942335814238,-0.05051114782691002,-0.012806751765310764,-0.06464849412441254,-0.06031007692217827,-0.017814913764595985,-0.082387775182724,-0.061128146946430206,0.044296346604824066,0.00011867901775985956,-0.017142727971076965,-0.010775739327073097,0.01286374218761921,-0.002754772547632456
0.015595635399222374,-0.00020590891654137522,0.004458590876311064,0.0011232051765546203,-0.008638896979391575,-0.0007677568937651813,-0.00018620995979290456,0.007641442120075226,-0.0042003788985311985,-0.0001923104136949405,0.039548926055431366,0.029624804854393005,0.03649429604411125,0.04481262341141701,0.03884480148553848,0.21171042323112488,0.1490119844675064,0.16916291415691376,0.04051326587796211,0.047526292502880096,0.014634323306381702,0.34066393971443176,0.0003664949908852577,0.012156294658780098,0.020242368802428246,0.0066565899178385735,-0.0029779046308249235
0.03279967978596687,0.00427702721208334,0.009172373451292515,7.664470467716455e-05,-0.02080470323562622,-0.001644776202738285,-0.0013078601332381368,0.000447645055828616,-0.0032799430191516876,-0.00017642583406995982,0.015320826321840286,0.03217872604727745,-0.0004527007113210857,0.012650283984839916,0.010810349136590958,-0.010645858012139797,-0.013382837176322937,0.020198794081807137,-0.02251686528325081,-0.0042684078216552734,-0.03288152813911438,-0.023508591577410698,0.00010991359158651903,0.00569289643317461,0.0002781002258416265,0.009032080881297588,-0.003765852889046073
-0.014387648552656174,0.006240053568035364,0.012113983742892742,0.00013413179840426892,0.054045990109443665,-0.000736610556486994,-0.0011098994873464108,0.0008246855577453971,0.03682264685630798,-0.00017090418259613216,0.035565707832574844,0.03647994622588158,0.06507858633995056,0.004827843047678471,-0.0011479584500193596,0.08521915972232819,0.09725842624902725,-0.058518584817647934,0.033778708428144455,0.029514111578464508,0.07077883929014206,0.0482940711081028,0.00015703824465163052,0.004532225430011749,0.015269991010427475,-0.017467264086008072,-0.0024402497801929712
0.00443297391757369,0.002239291789010167,-0.05009427294135094,0.00021913621458224952,0.010832195170223713,-0.0018871956272050738,-0.0008139991550706327,0.0005013757036067545,-0.002768021309748292,-7.363055919995531e-05,0.008814845234155655,0.011065943166613579,-0.1061805933713913,0.00273970328271389,-0.002598721766844392,-0.059620942920446396,0.0013636976946145296,0.08813922107219696,-0.018367135897278786,-0.037980448454618454,-0.028295280411839485,-0.06660235673189163,0.00016987210256047547,0.0006916183629073203,-0.012914097867906094,0.001497734570875764,-0.0022109770216047764
-0.03701653704047203,0.0029103620909154415,0.017777759581804276,4.884408554062247e-05,0.018386423587799072,-0.0016767845954746008,-0.0015228347619995475,0.0003357867826707661,0.016503289341926575,-0.00011112545325886458,0.029291363433003426,0.028184866532683372,0.03134549409151077,0.030501268804073334,-0.0031032904516905546,0.003937533590942621,-0.03335266560316086,0.023948470130562782,0.008141279220581055,-0.04095888510346413,-0.020223265513777733,0.0732356384396553,0.00012080116721335799,0.009046940132975578,0.005828447639942169,0.005162682384252548,-0.0025322081055492163
0.015986371785402298,-0.0012806450249627233,0.005589337088167667,7.556380296591669e-05,0.014133833348751068,0.01316420454531908,-0.0006056774873286486,0.0004500749637372792,-0.002124343067407608,-0.00017073062190320343,0.027079954743385315,0.01704893447458744,0.010532240383327007,0.03456314280629158,0.009201973676681519,-0.0031177133787423372,0.03480252996087074,0.08108098059892654,0.018711097538471222,-0.020289234817028046,-0.0037657564971596003,0.029655398800969124,0.000976626412011683,0.0037930028047412634,-0.01585272327065468,0.0027752635069191456,-0.0034017995931208134
-0.02836504764854908,-0.0029855447355657816,0.003651599632576108,-0.00036759243812412024,-0.018112841993570328,-0.0017303390195593238,-0.000571096723433584,0.0005363230593502522,-0.003038605907931924,-0.00011020809324691072,0.004524055868387222,0.01762179471552372,-0.1250929981470108,-0.008655236102640629,0.001674916478805244,-0.08745720237493515,0.03600126877427101,0.04955216124653816,-0.034364838153123856,-0.046328507363796234,-0.032225415110588074,-0.06858133524656296,0.00015326522407121956,0.0014163274317979813,-0.012227931059896946,0.004131417255848646,-0.002952463459223509
0.00885917991399765,-0.0005841220263391733,0.009992516599595547,0.00016988134302664548,0.029417214915156364,-0.0012532385298982263,0.0029899240471422672,0.0008267211960628629,-0.003398362547159195,-0.00018451534560881555,0.02157776989042759,0.013290606439113617,-0.10386529564857483,0.022976528853178024,-0.040287118405103683,-0.07332951575517654,0.0029238187707960606,-0.07733090966939926,-0.022695686668157578,-0.03696991875767708,-0.032756123691797256,-0.024521254003047943,0.0001288343482883647,0.0045759486965835094,-0.0061676595360040665,0.005466837901622057,-0.003050364088267088
0.02419854886829853,-0.0035569441970437765,0.008366326801478863,3.762499909498729e-05,-0.02781900390982628,-0.0015019515994936228,-0.0016898021567612886,0.0007834194111637771,-0.004108327440917492,-0.00027730941656045616,0.011967752128839493,0.029272696003317833,-0.0041951886378228664,0.010527796112000942,-0.02455390803515911,-0.0035010541323572397,0.023177791386842728,-0.031873419880867004,-0.00654999166727066,0.012783102691173553,-0.01994878612458706,0.0002411518362350762,0.00012203408550703898,0.00672980397939682,0.00022175612684804946,0.013448270037770271,-0.0041173407807946205
0.0009870921494439244,0.0023106629960238934,0.013655688613653183,0.00019402906764298677,0.03661186248064041,-0.0004662738065235317,-0.00047957347123883665,0.001412547193467617,0.04846755042672157,-0.00010988849680870771,0.023807112127542496,-0.006373485550284386,-0.0097523033618927,0.04518309235572815,0.026278337463736534,0.1120256707072258,-0.07621143013238907,-0.024135271087288857,0.03208374232053757,-0.020440831780433655,0.06619735062122345,0.07440170645713806,0.00015465833712369204,0.010010319761931896,0.0015357118099927902,0.009514103643596172,0.09922902286052704
-0.0004834655555896461,0.002166831400245428,0.011360677890479565,9.018900891533121e-05,-0.010907227173447609,-0.0004973886534571648,-0.0011211230885237455,0.0007793627446517348,-0.003938264213502407,-9.965917706722394e-05,0.03131023794412613,0.03414006531238556,-0.016429759562015533,0.026606420055031776,0.020469967275857925,0.06225820258259773,0.14163319766521454,0.045009057968854904,0.008224100805819035,-0.028219519183039665,0.05130857229232788,0.05384257063269615,0.00011031465692212805,0.0029370146803557873,0.002563557820394635,0.010542202740907669,-0.0033091928344219923
-0.03987029567360878,0.006324162241071463,0.0202510803937912,0.00012649019481614232,0.034608613699674606,-0.00148658303078264,-0.0013637145748361945,0.00044968636939302087,0.02896992489695549,-0.00015754169726278633,0.030973494052886963,0.04241262376308441,0.04205389693379402,-0.002769242040812969,-0.0027446281164884567,-0.07096663117408752,-0.06864948570728302,-0.03799720108509064,0.010303639806807041,0.03012736514210701,0.031566206365823746,0.07819319516420364,0.00015543884364888072,0.019273949787020683,-0.0027244226075708866,-0.03279940411448479,-0.003680612426251173
-0.035032857209444046,-0.01749814674258232,0.009640987031161785,0.0002216687280451879,0.044447772204875946,-0.0008552356739528477,-0.0013263411819934845,0.0002567908086348325,0.02013714425265789,-0.0005509295151568949,0.01649024523794651,-0.01567785069346428,-0.0311932060867548,0.02753676474094391,-0.007649892475455999,0.07501455396413803,-0.015607130713760853,-0.15885856747627258,0.010215438902378082,-0.006584642454981804,0.02427728846669197,-0.14171278476715088,0.00014208491484168917,0.0062974607571959496,0.0018482531886547804,-0.03803625330328941,-0.005082879215478897
-0.026756927371025085,-0.001066952245309949,0.004021747037768364,0.0002269186807097867,0.016400540247559547,-0.0015445576282218099,0.00013621189282275736,0.0005065301666036248,-0.0031861753668636084,-0.00039578351425006986,0.008218558505177498,-0.011416692286729813,-0.0580296516418457,-0.02466627024114132,-0.00092892482643947,-0.059442222118377686,0.01181172113865614,0.049226559698581696,0.007649760227650404,0.01004810817539692,-0.025026382878422737,0.0172785222530365,0.0002007256989600137,0.0006082803593017161,-0.015181739814579487,-0.001239073695614934,-0.0033173325937241316
0.0779348611831665,0.024019189178943634,0.009742511436343193,-3.6314195313025266e-05,-0.016169067472219467,-0.0015813106438145041,-0.0009494234691374004,0.0007265153108164668,-0.0008109489572234452,-0.00036247679963707924,0.03083191066980362,0.030730918049812317,0.03996960073709488,0.0747501477599144,-0.0015723491087555885,0.010217859409749508,-0.058538809418678284,0.18734313547611237,0.0002727665996644646,0.01830996945500374,-0.014032354578375816,-0.036267656832933426,0.00015956256538629532,0.021649006754159927,0.006005914881825447,0.006116303615272045,0.04918424040079117
-0.03276326134800911,0.00841692928224802,-0.03013663925230503,0.000174245098605752,0.024942507967352867,-0.00092626380501315,1.4511464542010799e-05,0.0007603825652040541,-0.007154119201004505,-0.0006771220942027867,-0.395443320274353,-0.014174990355968475,-0.003113861894235015,0.043041687458753586,0.029244016855955124,0.026069603860378265,-0.0521567240357399,-0.005182837136089802,0.011983871459960938,0.3820648789405823,0.04198693111538887,0.05503961071372032,0.00010226835001958534,-0.0035932976752519608,-0.0016505697276443243,0.04004177451133728,-0.0034477184526622295
0.09777176380157471,0.012895878404378891,0.0065058027394115925,-4.237735993228853e-05,-0.025164442136883736,-0.0005203730543144047,0.003936070948839188,0.0007238243706524372,-0.006909537594765425,-8.029931632336229e-05,0.01364705990999937,0.01735972985625267,0.5545510649681091,0.07516583800315857,0.03570009768009186,0.06381499022245407,0.02692878246307373,0.02049657329916954,0.03316371142864227,0.3601178824901581,0.1087832897901535,0.05292288586497307,0.00011119789269287139,-0.003798224963247776,0.0011917963856831193,0.008107122965157032,-0.0015925606712698936
0.09431036561727524,0.013759719207882881,0.006449407432228327,-3.6313445889391005e-05,-0.02847975678741932,-0.0005551910144276917,0.0030812916811555624,0.0007192034390754998,-0.006753487512469292,-0.00012950183008797467,0.012334764935076237,0.014487904496490955,0.5377431511878967,0.0528155080974102,0.018552100285887718,0.09075967222452164,-0.0490732416510582,-0.06091165915131569,0.016712598502635956,0.35838621854782104,0.09927409887313843,0.058002423495054245,0.00011119789269287139,-0.01390222366899252,-0.0026138389948755503,0.006728901993483305,-0.0014683145564049482
0.03355436027050018,-0.030255574733018875,0.00598854199051857,3.7354620872065425e-05,-0.025805843994021416,-0.0005958997062407434,0.0012473142705857754,0.0004011505516245961,-0.008586460724473,-8.4111605247017e-05,0.01090746745467186,0.016718624159693718,0.2118941992521286,0.026628660038113594,-0.009389298968017101,0.01050602924078703,-0.002469734288752079,-0.015602455474436283,-0.029248306527733803,0.20429940521717072,0.034957773983478546,0.027469517663121223,0.00011366623948561028,-0.004073326010257006,-0.0034522160422056913,0.00754613196477294,-0.0013850779505446553
-0.04631465673446655,-0.009787575341761112,-0.08567969501018524,0.00014808657579123974,0.010744098573923111,-0.001333747524768114,-0.0010127308778464794,0.0004938708152621984,-0.004270680248737335,-0.00010234361252514645,0.01928924024105072,-0.01969563588500023,-0.08773922920227051,-0.031242171302437782,-0.018127724528312683,-0.06464327871799469,-0.06362277269363403,-0.016964059323072433,-0.00443505123257637,-0.05089899152517319,-0.03271040692925453,-0.05308331176638603,0.000117668038001284,0.005690732039511204,0.001299387775361538,0.006546699441969395,-0.004255637060850859
0.018262328580021858,0.009034131653606892,-0.03597848489880562,5.5065676860976964e-05,0.013147699646651745,-0.001934946165420115,-0.0007312921225093305,0.0004689570050686598,-0.0030972675886005163,-8.371740113943815e-05,0.01392066664993763,-0.010487908497452736,-0.022030610591173172,-0.01762131042778492,0.011320812627673149,-0.02874257229268551,-0.02171235904097557,0.10198138654232025,-0.016658242791891098,-0.02615402266383171,-0.011761950328946114,-0.06709261983633041,0.00016598589718341827,0.016350654885172844,-0.00349489226937294,0.003066109260544181,-0.0031075808219611645
0.0026587550528347492,0.0024872859939932823,0.00891165528446436,0.0002627821813803166,0.034301187843084335,-0.0007893090369179845,0.005329780746251345,0.0006101365434005857,0.0232721995562315,-0.0001231429196195677,0.022842973470687866,0.014764256775379181,-0.009168246760964394,0.023928603157401085,0.009203806519508362,0.052690181881189346,0.03600982949137688,-0.06765196472406387,0.018259529024362564,-0.05343717709183693,0.02385435253381729,0.05426110327243805,0.00012387873721309006,0.00014410178118851036,-0.007692145649343729,0.005053863860666752,-0.0023580866400152445
-0.020942818373441696,-0.0015049428911879659,0.0054837181232869625,4.5928671170258895e-05,-0.01709996908903122,-0.0011687838705256581,-0.0008227724465541542,0.0005004090489819646,-0.0028383817989379168,-6.0874321206938475e-05,0.032527171075344086,0.028912993147969246,-0.026299573481082916,0.0027479040436446667,0.02990611642599106,-0.0008202857570722699,-0.0031985233072191477,0.19139958918094635,-0.0025414233095943928,0.024491840973496437,0.042669691145420074,0.008429736830294132,-1.390350007568486e-06,-0.005633832421153784,0.0005613534012809396,0.005902114789932966,-0.0038449265994131565
0.037356626242399216,0.0003929295635316521,0.015131426975131035,7.070185529300943e-05,0.03161803260445595,-0.0017704120837152004,0.003625287674367428,0.00038931789458729327,0.008763018995523453,-9.7724623628892e-05,0.012870638631284237,0.013510390184819698,-0.050719499588012695,0.008505629375576973,0.002314920537173748,-0.06553727388381958,-0.08965151011943817,-0.07227443903684616,0.012168649584054947,-0.018466029316186905,-0.037623561918735504,0.0110803646966815,0.0001259709388250485,0.017129598185420036,0.0017051112372428179,0.0034523517824709415,-0.0028557719197124243
0.026151854544878006,0.000840386317577213,0.005780051928013563,0.00020538386888802052,-0.015954194590449333,-0.0011652247048914433,-0.000657502154354006,0.0003985054499935359,-0.0022427821531891823,-6.811628554714844e-05,0.02650527097284794,0.0233087707310915,0.00707570044323802,0.05475103482604027,0.013862678781151772,0.022843606770038605,0.038689132779836655,0.1684943288564682,-0.010589925572276115,0.050425224006175995,-0.0015835876110941172,0.003709757700562477,0.00012245145626366138,0.009504981338977814,0.004275735002011061,0.007277132477611303,-0.0023005518596619368
0.03633425384759903,0.009956466034054756,0.009266934357583523,0.0003589458647184074,0.046744924038648605,-0.0016539784846827388,-0.001249045366421342,-0.0015886815963312984,-0.006441203877329826,-0.0002755907771643251,-0.0007923862431198359,-0.013819897547364235,0.06621267646551132,0.02002452313899994,0.017812306061387062,0.12009642273187637,0.06195492669939995,-0.08358192443847656,0.013913851231336594,0.030865835025906563,0.001708191935904324,0.05900649353861809,0.00014058066881261766,0.004038765095174313,0.00532111618667841,0.009216617792844772,-0.0028132095467299223
0.03196685016155243,0.004815090913325548,0.016211137175559998,6.989489338593557e-05,0.0466526634991169,-0.0012680835789069533,-0.002195514040067792,0.0013238437240943313,-0.0027876724489033222,0.007104640826582909,0.02944042906165123,-0.011211654171347618,0.04973413422703743,-0.0007622161065228283,0.020350996404886246,0.2035847008228302,0.0880572497844696,-0.038173142820596695,0.03489368036389351,0.03541344031691551,-0.018459342420101166,0.07568230479955673,0.00014654066762886941,-0.004236834589391947,0.0033436801750212908,0.007402452640235424,-0.0023389284033328295
0.027430931106209755,-0.0059091439470648766,0.010028917342424393,4.87800789414905e-05,0.047987859696149826,-0.001761969062499702,0.0056621902622282505,9.055795089807361e-05,-0.007783191278576851,-0.0002777345944195986,0.021850917488336563,-0.016733642667531967,0.016292421147227287,0.016895567998290062,0.008830200880765915,0.06482232362031937,-0.01868872158229351,-0.10335175693035126,0.003846851410344243,0.0030044177547097206,-0.03375043347477913,0.02189415879547596,0.00014654066762886941,-0.019182199612259865,-0.0038299337029457092,0.006193073932081461,-0.0026269126683473587
-0.013557225465774536,0.000634470023214817,0.010765026323497295,0.00016252159548457712,0.04081898182630539,-0.000488768273498863,0.008864952251315117,0.0009700704249553382,-0.006104647647589445,-0.00026182516012340784,0.026186933740973473,0.03869536891579628,-0.022679004818201065,0.01075443159788847,0.010384861379861832,0.07213953137397766,-0.014578740112483501,-0.06007801368832588,0.011484973132610321,-0.03674351051449776,0.030225807800889015,0.006030496675521135,0.00012303475523367524,0.005964173469692469,-0.0021610306575894356,0.004766178783029318,-0.004680837970227003
-0.021808341145515442,-0.00834622047841549,0.010713383555412292,1.0425527761981357e-05,-0.028254816308617592,-0.001318002468906343,-0.0020311393309384584,0.0008311673300340772,-0.006416527554392815,-0.00040257401997223496,0.023730283603072166,-0.01956143043935299,0.03592068701982498,-0.006424620747566223,0.005861175246536732,0.07325323671102524,-0.025493822991847992,-0.05659051984548569,0.012082132510840893,-0.013740952126681805,0.02185634896159172,-0.0054586525075137615,0.00011493849160615355,0.005953863728791475,-0.007202123291790485,0.011346506886184216,-0.004573013633489609
0.012862032279372215,0.011301714926958084,0.01256955973803997,6.484570621978492e-05,-0.009341253899037838,-0.0007183006964623928,-0.0005056740483269095,0.0011063885176554322,-0.0015719083603471518,-0.0001718711864668876,0.035657014697790146,-0.015566550195217133,0.008998341858386993,0.08381423354148865,0.040193915367126465,0.21802546083927155,0.1806279569864273,0.08887564390897751,0.027775827795267105,0.06574656069278717,0.06862298399209976,0.035860881209373474,7.765173359075561e-05,0.006075575947761536,0.0046418639831244946,0.014812048524618149,-0.0035480905789881945
0.0007825540960766375,0.015511379577219486,0.012523764744400978,-3.920954623026773e-05,-0.010689320974051952,-0.0012126791989430785,-0.0007248683832585812,0.0008753523579798639,-0.002807967597618699,-0.00023428499116562307,0.03751382231712341,-0.009404953569173813,0.10143133997917175,0.10158532857894897,0.04326404258608818,0.25112679600715637,0.1773274689912796,0.09697436541318893,0.027091246098279953,0.10147521644830704,0.03464511036872864,0.08114756643772125,0.00010944873065454885,0.007188931107521057,0.01671956107020378,0.01676274463534355,-0.002521946793422103
-0.03230191394686699,0.012217603623867035,-0.042041100561618805,7.895972521509975e-05,0.0143126854673028,-0.0014771934365853667,-0.0008024926646612585,0.0004887727554887533,-0.0042037563398480415,-0.00011724686191882938,0.02075590007007122,-0.01627250202000141,-0.007955520413815975,-0.0043517001904547215,0.025434883311390877,-0.022552357986569405,-0.04418019577860832,0.007081253454089165,-0.015134241431951523,-0.028535740450024605,-0.012845514342188835,-0.040115587413311005,0.00010962133092107251,0.01817675493657589,0.012626145035028458,0.007668669335544109,-0.003785957582294941
-0.020248884335160255,0.031006257981061935,0.021875392645597458,2.0242310711182654e-05,-0.019779933616518974,-0.0012401322601363063,-0.0015203512739390135,0.0005956517998129129,-0.004374287091195583,-0.00035204095183871686,0.019807005301117897,-0.019064608961343765,0.1391826868057251,0.039822179824113846,0.005037219263613224,0.046343494206666946,0.044305186718702316,0.021302897483110428,0.011836804449558258,0.002971071284264326,0.0034663237165659666,0.12712617218494415,0.0001204223299282603,-0.004481303971260786,-0.011507576331496239,0.014902481809258461,-0.0041794553399086
0.09101061522960663,-0.004471636842936277,0.00835522823035717,-3.637526970123872e-05,0.01597505994141102,-0.002736903028562665,0.0019432810368016362,0.0003473270044196397,-0.0037586719263345003,-9.044602484209463e-05,0.019204288721084595,0.025565562769770622,-0.03381172940135002,-0.02913091517984867,-0.0038807098753750324,-0.04045813903212547,0.01499691791832447,0.06629131734371185,-0.026800641790032387,0.0015513866674154997,-0.023320060223340988,0.028684047982096672,0.00018360729154665023,0.012248236685991287,0.001718243584036827,0.0038981253746896982,-0.002729179570451379
0.11813368648290634,-0.003449939424172044,0.011449982412159443,-8.687129593454301e-08,0.024976346641778946,-0.0010040539782494307,0.01048133336007595,0.0003491785319056362,0.02725842408835888,-2.67151917796582e-05,0.021503977477550507,0.02678934670984745,0.04881870001554489,0.0326557420194149,0.00706199137493968,0.017514169216156006,0.035749491304159164,0.003105978947132826,0.04358715936541557,0.022362452000379562,0.08099694550037384,0.05028396472334862,0.00013881715130992234,0.0042510079219937325,0.0011943557765334845,0.0054487194865942,-0.0012748563895002007
0.04180790111422539,-0.0039797937497496605,0.01600596494972706,-2.5865128918667324e-05,-0.020008433610200882,-0.001863556681200862,-0.0015269153518602252,0.0005476201768033206,-0.002577034989371896,-0.00018361813272349536,0.029831280931830406,0.03459412604570389,0.05117254704236984,0.05641834810376167,0.040306299924850464,0.023350734263658524,0.00013612286420539021,0.06989756226539612,-0.007221576292067766,0.03335690125823021,-0.021209804341197014,0.034854672849178314,0.00011305916268611327,0.009425755590200424,0.005565620958805084,0.010673748329281807,-0.002411224879324436
-0.04032936692237854,0.004738383926451206,0.011018224060535431,5.214089105720632e-05,-0.02250535786151886,-0.0019848013762384653,-0.001371770049445331,0.00040877345600165427,-0.003900123992934823,-0.000260617962339893,0.008966606110334396,0.02850423939526081,0.04288606718182564,-0.00114572758320719,-0.007250564638525248,0.000761259812861681,-0.04644114896655083,-0.02050892263650894,0.016823528334498405,-0.013367564417421818,-0.02736211009323597,0.04576142877340317,0.00010991359158651903,0.019650153815746307,0.008155333809554577,0.009208851493895054,-0.0031326892785727978
-0.022612448781728745,0.008929909206926823,-0.05192148685455322,0.00017651032248977572,0.016990868374705315,-0.0005287341773509979,-0.00040698895463719964,0.00041898799827322364,-0.001922475639730692,-6.079637387301773e-05,0.01388062909245491,-0.012172563932836056,-0.011574802920222282,0.002288773888722062,0.033511389046907425,0.019412811845541,-0.01878506690263748,0.2578984498977661,0.022851500660181046,0.047011442482471466,0.02753729186952114,0.09350965917110443,0.00012470407818909734,0.023848505690693855,0.008912468329071999,0.0029351681005209684,-0.0032056563068181276
-0.04570813477039337,-0.012797074392437935,0.013345209881663322,-0.0005992735386826098,-0.050236329436302185,-0.0007777988212183118,-0.0043627312406897545,0.0004347989452071488,-0.0035596503876149654,-0.0003629876591730863,0.004040086176246405,0.01135233324021101,-0.08011740446090698,-0.010180119425058365,-0.07750274240970612,-0.08071134239435196,-0.06664755940437317,-0.30612701177597046,-0.0027140378952026367,-0.031212512403726578,-0.05180293694138527,-0.234193816781044,0.0001223186554852873,-0.05558181181550026,-0.013245830312371254,0.00036712613655254245,-0.0034368319902569056
-0.02502436935901642,-0.011431817896664143,0.015783600509166718,0.00011201704910490662,-0.020253708586096764,-0.0006717892829328775,-0.0010389928938820958,0.0004840674519073218,-0.004078435245901346,-0.00034694597707130015,0.016433143988251686,0.04099877178668976,0.008109355345368385,-0.0024728821590542793,-0.0016309355851262808,-0.030128851532936096,-0.01647048071026802,0.05065307021141052,0.0011568067129701376,0.007950039580464363,0.0379156693816185,-0.19417503476142883,0.00012821666314266622,-0.023907098919153214,-0.002831720281392336,0.006315303035080433,-0.0043023074977099895
-0.01013987883925438,-0.0158567912876606,0.004665787797421217,8.509728650096804e-05,-0.019297024235129356,-0.0006322372937574983,-0.0007438526954501867,0.00119080173317343,-0.0044890595600008965,-0.001058444962836802,0.014012512750923634,-0.011765067465603352,0.002957453252747655,0.021759899333119392,0.005514288786798716,0.098295196890831,-0.026371898129582405,0.14789730310440063,0.02055135928094387,0.017697444185614586,0.03451184928417206,-0.23359619081020355,0.00013880091137252748,-0.02991463989019394,0.008340466767549515,-0.011957566253840923,-0.0038478549104183912
-0.033833883702754974,-0.004241000395268202,-0.03194243833422661,3.732441473403014e-05,0.019288264214992523,-0.0010046815732493997,0.00019856526341754943,0.000618865538854152,-0.005021478049457073,-0.0001666082243900746,-0.029581250622868538,-0.01143200695514679,0.034303534775972366,0.00810494925826788,0.04161391034722328,0.14042653143405914,0.016464751213788986,0.1696978509426117,0.03194570913910866,0.2905786335468292,0.05486375838518143,0.08513138443231583,0.00011699666356435046,-0.007788300048559904,0.0030771351885050535,0.005419766064733267,-0.00189342035446316
