NumHAcceptors,NumHDonors,anchor_end_PA,anchor_end_SA,anchor_end_CA,anchor_end_BA,anchor_end_O,anchor_end_SiO,anchor_end_N,anchor_end_S,alkyl_num,frag_sym,HOMO_calc,LUMO_calc,dipole,MPI,surface_min,surface_max,TPSA,MolLogP,PSA,control_PCE,MetalOxide_ITO,MetalOxide_NiOx,MetalOxide_SnO2,MetalOxide_TiO2,MetalOxide_ZnO
-0.022669967263936996,-0.004401449579745531,-0.016314852982759476,0.00046831235522404313,0.01648257113993168,-0.0003972174599766731,-0.0010186705039814115,0.0005241568433120847,-0.006197108421474695,-0.0005697087035514414,0.0180116668343544,-0.01056225411593914,0.042158305644989014,-0.01815055124461651,0.008108574897050858,0.13137206435203552,0.0016349595971405506,0.12750564515590668,-0.0015202310169115663,0.005867742467671633,-0.023681361228227615,0.05842278525233269,0.00030247840913943946,-0.009563040919601917,0.005678890272974968,0.00659528374671936,-0.0025868089869618416
0.019536111503839493,-0.013799485750496387,-0.028561130166053772,-0.00011157718836329877,0.010860026814043522,-0.0003356313391122967,-0.0019373490940779448,0.0002781625371426344,-0.006548413075506687,-0.0005993385566398501,0.005647613201290369,-0.020856274291872978,0.031128210946917534,-0.04378274455666542,-0.05443877726793289,-0.05755460262298584,-0.05596492812037468,0.034976761788129807,-0.0366700179874897,-0.034979622811079025,-0.07301495969295502,0.020133687183260918,0.0002157454437110573,-0.024663295596837997,-0.005454477854073048,0.009380952455103397,-0.0027828379534184933
0.05839432775974274,0.010510437190532684,-0.008626014925539494,-0.00021522826864384115,0.00767492176964879,-0.0002335231692995876,-0.0002861296234186739,0.0002701092744246125,-0.0032746458891779184,-0.0002810812438838184,-0.029659148305654526,-0.008087248541414738,0.22115780413150787,0.005275537725538015,0.0311282966285944,0.05425615236163139,-3.2098221709020436e-05,0.07542377710342407,-0.0031641891691833735,0.407472163438797,0.6386662721633911,0.061411309987306595,0.0003022348682861775,-0.01692480593919754,-0.0011047156294807792,0.011322864331305027,-0.002206419361755252
0.02141045220196247,0.001024379045702517,0.009241082705557346,-0.001850935397669673,0.028578542172908783,7.923402881715447e-05,-0.001745323184877634,0.0005831560119986534,-0.0062699345871806145,-0.0003451239026617259,0.014245700091123581,0.028179975226521492,-0.069800466299057,0.02251167595386505,-0.013779881410300732,-0.03792668879032135,0.0008357408223673701,-0.04108085483312607,-0.009265092201530933,0.017047271132469177,-0.03756514936685562,0.12219648063182831,0.0003843033919110894,0.007808739319443703,0.0027809967286884785,-0.04744117334485054,-0.004767259117215872
0.0030927779152989388,-0.0005345151876099408,0.0034418320283293724,-0.003920768387615681,0.020284729078412056,-5.332190994522534e-05,-0.00081959756789729,0.0005727786337956786,-0.0033149791415780783,-0.0005292948917485774,0.023328956216573715,0.01800999790430069,-0.05806965380907059,0.025574585422873497,0.0035186833702027798,-0.035371482372283936,0.017198169603943825,0.10207780450582504,-0.008841379545629025,0.00920795276761055,-0.023213811218738556,0.16439497470855713,0.0004957752535119653,0.004386040382087231,0.011430402286350727,-0.024404622614383698,-0.0032313477713614702
-0.025063153356313705,0.011570308357477188,0.011637261137366295,-0.0001409578981110826,-0.020124083384871483,-0.0003204549429938197,-0.001473712851293385,0.0004105741099920124,-0.005479666870087385,-0.0006625665700994432,0.021297164261341095,-0.020596416667103767,-0.052114084362983704,-0.008904535323381424,-0.005266684107482433,0.03494998440146446,-0.01132181566208601,-0.044752929359674454,0.0007416628650389612,-0.07576116174459457,0.012466270476579666,-0.2938414216041565,0.0001017317408695817,0.0023593285586684942,0.007938317023217678,0.009411990642547607,-0.00611427566036582
-0.007573259994387627,0.00958559475839138,0.010799715295433998,0.00025635756901465356,-0.015316681936383247,-0.00030859000980854034,-0.0020027041900902987,0.00042996660340577364,-0.0036521321162581444,-0.0005151354125700891,0.023007707670331,-0.013565579429268837,-0.01584569178521633,0.04217192158102989,0.007790821138769388,0.11457397043704987,-0.0009699462680146098,0.08878109604120255,0.011458560824394226,0.01094201859086752,0.034757956862449646,-0.32594582438468933,0.00021973288676235825,0.006673647090792656,0.0015462454175576568,-0.0009823509026318789,-0.005224436055868864
-0.01772189699113369,0.007947963662445545,0.01117138471454382,-0.00022519340564031154,-0.0214767437428236,-0.00040657614590600133,-0.0018007775070145726,0.0002700414333958179,-0.0036451772321015596,-0.00047829715185798705,0.014246402308344841,-0.01725691370666027,-0.04445619136095047,0.04727702960371971,-0.0019951655995100737,-0.06011116877198219,-0.0022369599901139736,0.064174123108387,0.009164836257696152,-0.05640318617224693,-0.029618583619594574,-0.3304983675479889,0.00014818424824625254,0.003980183973908424,0.007954456843435764,0.007671859581023455,-0.004729693755507469
-0.06471477448940277,-0.020410319790244102,0.022089174017310143,-0.0016054618172347546,-0.0542183592915535,-0.001039622351527214,-0.0022790897637605667,0.00024596130242571235,-0.008405894041061401,-0.0009420685819350183,0.008146938867866993,-0.03521231934428215,-0.11675654351711273,-0.09455770254135132,-0.040882356464862823,-0.18283234536647797,-0.06963829696178436,-0.1890818029642105,-0.016902629286050797,-0.09586776047945023,-0.05169645696878433,-0.41559040546417236,8.02491995273158e-05,0.04175855964422226,0.015203556977212429,0.008244198746979237,-0.006990836933255196
-0.02627374976873398,-0.016299115493893623,0.019591348245739937,8.048662130022421e-05,-0.017943739891052246,-0.0004488284175749868,-0.0013363753678277135,0.000203868534299545,-0.007489428855478764,-0.0009977222653105855,-0.0007024256628938019,-0.030305398628115654,-0.07012014836072922,-0.05248329043388367,-0.02881772443652153,-0.12609407305717468,-0.014285569079220295,-0.04338023439049721,-0.006410755217075348,-0.013552273623645306,0.01512952335178852,-0.3464685380458832,0.00016753222735133022,0.008990410715341568,0.0003120594483334571,0.014509652741253376,-0.010974772274494171
-0.030743280425667763,-0.005927176680415869,0.00847683660686016,0.0004290798387955874,-0.02440313808619976,-0.0006945714121684432,-0.001775622833520174,0.0008887295261956751,-0.00838224496692419,-0.0002887982118409127,0.013918265700340271,-0.02835267037153244,-0.034851670265197754,-0.026906896382570267,-0.006086342502385378,-0.09804290533065796,0.0012062395690008998,-0.060562267899513245,-0.003721746848896146,0.019285250455141068,0.019221164286136627,0.4086105227470398,0.00077353126835078,0.012483147904276848,0.014658664353191853,-0.06613945215940475,-0.009937246330082417
-0.020418088883161545,-0.0009125908254645765,0.006947153713554144,-0.00018171948613598943,-0.01874157413840294,-0.0003742396947927773,-0.0016236932715401053,0.0004302610468585044,-0.006776453927159309,-0.0007266809698194265,0.017355704680085182,-0.02134752832353115,-0.06095896288752556,-0.023418882861733437,0.0001755059347487986,0.032764580100774765,-0.011759410612285137,-0.046410951763391495,-0.00780156534165144,-0.09261702746152878,0.02169414609670639,-0.20453500747680664,0.00011770248238462955,-0.008790594525635242,-0.006341554224491119,0.009721092879772186,-0.006484220735728741
-0.09619519114494324,-0.02099459245800972,0.020956581458449364,-0.0016549804713577032,-0.06169926002621651,-0.0007053995504975319,-0.001417834428139031,0.00028354593086987734,-0.01319801714271307,-0.0011933677596971393,0.005324281752109528,-0.04579842463135719,-0.17192165553569794,-0.119074746966362,-0.07230638712644577,-0.2377704232931137,-0.09526301175355911,-0.26391664147377014,-0.01730634830892086,-0.13355913758277893,-0.0729062557220459,-0.42698368430137634,0.00013157303328625858,-0.1029813140630722,-0.009633856825530529,0.005622707307338715,-0.008369437418878078
-0.06851652264595032,-0.0038447862025350332,0.01564454473555088,-7.62419804232195e-05,-0.04870010167360306,-0.0004794039123225957,-0.0014228352811187506,0.00030560162849724293,-0.01152018178254366,-0.0014477475779131055,0.009912434034049511,-0.03788592293858528,-0.1279282569885254,-0.08755836635828018,-0.02613076940178871,-0.08970789611339569,-0.029969997704029083,-0.16411596536636353,-0.019305039197206497,-0.10969992727041245,-0.09918367117643356,-0.34977519512176514,0.00014003957039676607,-0.06322908401489258,-0.012470201589167118,0.005980662070214748,-0.009272651746869087
-0.01603386551141739,0.0007381337345577776,0.0062843249179422855,-9.685901022749022e-05,-0.00985242985188961,-0.0003037084243260324,-0.001199284684844315,0.0004155335482209921,-0.008118602447211742,-0.0007487132679671049,0.020405184477567673,-0.0188364889472723,-0.006685788277536631,-0.009442000649869442,0.01343690138310194,0.0750444307923317,0.04056744650006294,0.013294144533574581,-0.003258775221183896,-0.05873394012451172,0.026877444237470627,-0.13683468103408813,0.00018838309915736318,0.001937184133566916,0.0006957784644328058,0.010898856446146965,-0.004594344645738602
-0.015333760529756546,0.00199328176677227,0.006395481061190367,-7.887167885201052e-05,-0.006720075849443674,-0.00031567527912557125,-0.00044543229159899056,0.0005370212020352483,-0.007721990812569857,-0.0007550294976681471,0.025745799764990807,-0.013633000664412975,0.029516398906707764,0.04076124727725983,0.015873804688453674,0.10337288677692413,0.06052122637629509,0.028525764122605324,0.000500630063470453,-0.019930750131607056,0.04154818505048752,-0.11127813905477524,0.00014786163228563964,0.0031312063802033663,0.0013406205689534545,0.011583817191421986,-0.0047722249291837215
-0.03025495633482933,-0.004586152266710997,0.005635843612253666,0.00014578778063878417,0.008257697336375713,0.005144339520484209,-0.00045587203931063414,0.0009083368931896985,-0.005170790478587151,-0.0002860171371139586,0.031559690833091736,-0.020227689296007156,0.0012289154110476375,0.021814126521348953,-0.024050455540418625,-0.04106518626213074,0.042051468044519424,0.09748729318380356,0.006845665629953146,-0.0022824062034487724,-0.024504009634256363,0.16745202243328094,-0.010428753681480885,0.006445491686463356,0.009462187997996807,0.002541143447160721,-0.004437767434865236
-0.023454371839761734,-0.0035075279884040356,0.00618295231834054,0.00011916575022041798,0.012268922291696072,0.00453173229470849,-0.0009584916406311095,0.001113653415814042,-0.004657790530472994,-0.00020140812557656318,0.030585352331399918,-0.02023935131728649,0.018028387799859047,-0.02174045890569687,0.015440018847584724,-0.016448702663183212,0.060964468866586685,0.10975833982229233,0.007636248599737883,0.0126754529774189,0.02615421637892723,0.19419854879379272,-0.007912811823189259,0.006441740319132805,0.010480154305696487,0.0027220717165619135,-0.004514179192483425
-0.03461937978863716,-0.005662589333951473,0.005893427412956953,6.856730033177882e-05,0.008465675637125969,0.0046393852680921555,-0.0009690427104942501,0.000740213377866894,-0.004862507339566946,-0.0002516756358090788,0.025262821465730667,-0.021611865609884262,-0.04092061147093773,-0.04970257356762886,-0.05034109577536583,-0.07046185433864594,0.00028635619673877954,0.05523272603750229,-0.00027505471371114254,-0.023429740220308304,-0.02920927293598652,0.09365185350179672,-0.010304964147508144,0.004570599179714918,-0.00037869549123570323,-0.0007507652626372874,-0.004280270077288151
-0.03716805949807167,-0.013391049578785896,-0.03336761146783829,0.00011143940355395898,0.00826223473995924,-0.00032155998633243144,-0.002006313530728221,0.0009124251082539558,-0.010013456456363201,-0.0002747894322965294,-0.46628519892692566,-0.023671593517065048,-0.047585371881723404,-0.076917365193367,-0.020732074975967407,-0.07823336124420166,-0.07725153863430023,-0.03625522553920746,0.014032089151442051,-0.08152493834495544,-0.08702827244997025,0.0932050496339798,0.0001401446934323758,0.0061857630498707294,-0.00848259124904871,-0.06517070531845093,-0.004552182741463184
-0.036395151168107986,-0.01178810466080904,-0.04302806034684181,-0.0009327787556685507,0.012731670401990414,-0.00045358564238995314,-0.0015798027161508799,0.0010474170558154583,-0.008131160400807858,-0.0002611061790958047,-0.17295235395431519,-0.021394241601228714,-0.10449495166540146,-0.05324409529566765,-0.03709100931882858,-0.07719903439283371,-0.13103967905044556,-0.047957804054021835,0.006951072718948126,-0.07383283972740173,-0.0005056618247181177,0.15840156376361847,0.00026065914425998926,0.009682339616119862,-0.005558347795158625,-0.05246523395180702,-0.0058904956094920635
-0.0158904567360878,-0.01077345758676529,-0.022810084745287895,0.00010191576438955963,0.013064137659966946,-0.0005502637359313667,-0.001223875442519784,0.0007925053942017257,-0.006514775566756725,-0.0001868435210781172,-0.12465108186006546,-0.017719125375151634,-0.01488893385976553,-0.02000369317829609,0.014196869917213917,-0.05598008632659912,0.01314822118729353,0.07691457867622375,0.021700125187635422,-0.05225057899951935,-0.02407635748386383,0.2381720244884491,0.0003760256804525852,0.009022985585033894,-0.0066719562746584415,-0.0438389927148819,-0.004667186178267002
-0.03458573669195175,0.001671300153248012,-0.03727307915687561,0.000729993509594351,0.023473627865314484,-0.001166804926469922,-0.0008252687403000891,0.0005309621919877827,-0.007132492959499359,-0.0002544843009673059,0.024267610162496567,-0.01867086812853813,-0.05246168375015259,0.005787057336419821,0.008527752943336964,0.012609054334461689,-0.029683297500014305,-0.012578618712723255,-0.03266679868102074,0.007104614283889532,-0.02345290221273899,0.3145473897457123,0.0005230309907346964,0.022697051987051964,0.011808023788034916,-0.04676537588238716,-0.005190226249396801
-0.007771944161504507,-0.006049556657671928,-0.00611004326492548,0.0008877352811396122,0.017969541251659393,-0.0001605916186235845,-0.0008920614491216838,0.0005837907083332539,-0.0038759796880185604,-0.0002565305039752275,0.031375911086797714,-0.011041221208870411,0.020391708239912987,0.003592143766582012,0.011804603040218353,0.004519638139754534,0.04734363779425621,0.16463890671730042,0.02824833057820797,0.03579060360789299,-0.017672866582870483,0.3547804653644562,0.0005940450355410576,0.01019637007266283,0.021369127556681633,-0.019115444272756577,-0.003795760218054056
0.006243519950658083,-0.005325771402567625,-0.00881553441286087,-0.000687126477714628,0.020897848531603813,-0.00014725977962370962,0.0006555368308909237,0.0014099387917667627,-0.005025144666433334,-0.00023084187705535442,0.055116597563028336,-0.011760751716792583,0.08151258528232574,0.018594637513160706,0.008525957353413105,0.04607534036040306,0.05322585999965668,0.16189388930797577,0.0364975668489933,0.005143478978425264,-0.005544866900891066,0.4098261594772339,0.00044137798249721527,0.007608472835272551,0.023107783868908882,-0.02581379935145378,-0.0038457175251096487
0.05954323709011078,-0.008061612956225872,0.008505997247993946,-4.316226841183379e-05,-0.020949741825461388,-0.0005770075367763638,-0.002056375378742814,0.0002576991100795567,-0.005222053732722998,-0.00023092541960068047,0.019099263474345207,0.029461227357387543,0.014039944857358932,0.014221768826246262,0.01881049945950508,-0.1070541962981224,-0.04164296016097069,0.07547464966773987,-0.014611473307013512,-0.02511165477335453,-0.05577097460627556,0.025041697546839714,0.00011921777331735939,0.019863750785589218,-0.004150030668824911,-0.07416825741529465,-0.002661864273250103
0.058532509952783585,0.0013207874726504087,0.012369895353913307,0.0006441619480028749,-0.017710326239466667,-0.0004060322535224259,-0.0006007775664329529,0.0003035368863493204,-0.005718429572880268,-0.0014005594421178102,0.016708217561244965,0.033594463020563126,-0.012247024103999138,0.027090072631835938,0.009423467330634594,-0.022182205691933632,-0.027381770312786102,0.0190892331302166,6.534275598824024e-05,-0.05467754602432251,-0.05013543367385864,-0.041795384138822556,0.00014279404422268271,0.009830284863710403,-0.0023571427445858717,0.010031197220087051,0.0750012993812561
0.07782743126153946,0.01011667586863041,0.010906332172453403,0.0006180831114761531,-0.01151061151176691,-0.0003158435574732721,-0.0003788950853049755,0.0006400205311365426,-0.003209902672097087,-0.0012190499110147357,0.01570041850209236,0.03845696523785591,0.188818097114563,0.0638408213853836,0.04142988100647926,0.015954522415995598,-0.07523034512996674,-0.007258606143295765,-0.008862163871526718,0.24208004772663116,0.06263450533151627,0.008137268014252186,0.0002358033525524661,0.024268552660942078,-0.0006651771254837513,0.010979659855365753,0.07386211305856705
-0.015538123436272144,0.00012029430945403874,0.004690471570938826,-0.0003916670975740999,-0.011164113879203796,-9.328221494797617e-05,-0.000826702918857336,0.0005041293334215879,-0.004340022336691618,-0.0010163368424400687,0.019033651798963547,-0.016103414818644524,-0.07773194462060928,0.04014750197529793,0.004654558841139078,0.06048903986811638,0.040635038167238235,0.050629936158657074,-0.00017535164079163224,-0.011752292513847351,0.02177507057785988,-0.13380473852157593,0.00022604881087318063,-0.0017502815462648869,8.075160440057516e-05,0.006753921043127775,-0.005136462394148111
-0.029558541253209114,-0.003857484320178628,0.007492531556636095,-1.3849259630660526e-05,-0.02083379402756691,-0.0002928249887190759,-0.0017677200958132744,0.00037543539656326175,-0.005238643381744623,-0.0009495778358541429,0.018668033182621002,-0.019589444622397423,-0.01717313937842846,-0.015548642724752426,-0.006816207896918058,0.02423960529267788,-0.01644953340291977,-0.05982792750000954,-0.006266152486205101,-0.05991390720009804,0.021349310874938965,-0.14525620639324188,0.00010049108823295683,0.001381097361445427,0.004810504615306854,0.009580516256392002,-0.007097216788679361
-0.029756318777799606,-0.005143982358276844,0.005282747093588114,0.00016208489250857383,-0.016024546697735786,-7.302837911993265e-05,-0.0008834595791995525,0.0002921754203271121,-0.0037619813811033964,-0.0007849985850043595,0.022845342755317688,0.01810225285589695,-0.07003756612539291,0.0247935950756073,-0.002545534400269389,-0.040875546634197235,-0.007558410055935383,0.0724622905254364,-0.002876059850677848,-0.0528876818716526,-0.033573273569345474,-0.16079457104206085,4.470428393688053e-05,0.0064702206291258335,0.003251755377277732,0.005661942530423403,-0.005052418913692236
-0.020984413102269173,0.002108331536874175,0.0050355661660432816,0.001956978579983115,0.012660355307161808,-0.0004538626817520708,-0.0012845536693930626,0.0005224996712058783,-0.003506598062813282,-0.0003107936936430633,0.025853600353002548,-0.007263823412358761,-0.05488678067922592,0.016585901379585266,0.0231514610350132,-0.012676325626671314,0.046319637447595596,0.10159377753734589,0.012379609979689121,-0.03281838819384575,-0.023630334064364433,0.02955561690032482,0.00024368133745156229,-0.01380665972828865,-0.003972833044826984,0.005043392069637775,-0.003268810687586665
0.042453330010175705,-0.007438058964908123,0.0028497250750660896,0.000997499213553965,0.026842648163437843,0.014308370649814606,0.00022102295770309865,0.0010696109384298325,-0.005026696715503931,-0.0004897461039945483,0.0392361581325531,-0.008123085834085941,0.06850676238536835,0.030938006937503815,0.016279716044664383,-0.02714662440121174,0.07492288202047348,0.1306140124797821,0.03482672572135925,0.06825752556324005,-0.008047102019190788,0.4555928111076355,0.0009297457872889936,0.00963224284350872,0.01964973472058773,-0.022076334804296494,-0.002746331039816141
0.03963543847203255,-0.00684684282168746,0.0029660260770469904,0.0008483235142193735,0.024028243497014046,0.013438282534480095,-0.0003262035024818033,0.0013116876361891627,-0.005138224922120571,-0.00037022156175225973,0.03681130334734917,-0.009546218439936638,0.06054416671395302,0.028783030807971954,0.005816712975502014,-0.021438855677843094,0.06379596889019012,0.11856062710285187,0.03060445934534073,0.05310290679335594,-0.004249398596584797,0.41273239254951477,0.0009034777758643031,0.007910246029496193,0.017148777842521667,-0.027558868750929832,-0.002667267108336091
0.06525887548923492,-0.005856415722519159,0.008369751274585724,0.0005990801146253943,0.02164839394390583,0.012270867824554443,-0.00044994690688326955,0.0006324620335362852,-0.005528043024241924,-0.0002675938594620675,0.02332521602511406,-0.014170818030834198,0.05555228516459465,0.02757933922111988,0.01211506500840187,-0.010483188554644585,-0.09134522825479507,0.12021288275718689,-0.004849688615649939,0.029845159500837326,-0.045396577566862106,0.333008736371994,0.0003812768845818937,0.018298368901014328,0.004907161463052034,-0.027448734268546104,-0.002583100227639079
-0.029417812824249268,-0.005646055098623037,0.004551311023533344,0.0006708565633744001,-0.02123979479074478,-0.0008259519818238914,-0.0008905671420507133,0.000734366534743458,-0.005766923073679209,-0.00019163297838531435,0.03616734594106674,-0.020756572484970093,-0.005057877860963345,-0.016278086230158806,0.0031152041628956795,-0.0325167290866375,-0.0018051194492727518,-0.01000184565782547,-0.00320990476757288,0.035606659948825836,0.019617896527051926,0.33657437562942505,0.0004126409476157278,0.009252795949578285,0.023848436772823334,-0.05487006902694702,-0.006009500473737717
-0.021541692316532135,-0.005355110391974449,0.008197817020118237,0.0006597645115107298,-0.01308930478990078,-0.0004644396249204874,-0.00022205448476597667,0.0008484235149808228,-0.005991584155708551,-0.0002071694761980325,0.043283719569444656,0.033406857401132584,0.035840120166540146,0.01952260173857212,0.032743196934461594,-0.0061650690622627735,0.08837788552045822,0.014939744956791401,0.0018319019582122564,0.05186838284134865,0.05416925624012947,0.36217615008354187,0.0007964293472468853,0.00725120585411787,0.01297635119408369,-0.05159762129187584,-0.005025339312851429
-0.05314669385552406,-0.009710604324936867,0.011539547704160213,0.00015461200382560492,-0.03949616849422455,-0.001658575376495719,-0.0010628460440784693,0.0007517007179558277,-0.009510149247944355,-0.0002933446958195418,-0.13702145218849182,-0.02089344523847103,-0.04470206797122955,-0.024885445833206177,0.013526218011975288,-0.050480060279369354,0.005818202625960112,-0.07162250578403473,-0.008444015868008137,0.017464689910411835,-0.04647811874747276,0.16641482710838318,0.0003669061989057809,0.012073719874024391,0.0013356655836105347,-0.05871441587805748,-0.007004892453551292
-0.019600605592131615,0.007483684457838535,0.0075503187254071236,2.221201611973811e-06,-0.01769879087805748,-0.00035756852594204247,-0.002054824260994792,0.0004008401883766055,-0.005966866388916969,-0.0005712852580472827,0.027765804901719093,0.026736674830317497,-0.02885388396680355,-0.01231077965348959,-0.0026401986833661795,0.03335952386260033,-0.009841212071478367,-0.03138241171836853,-0.0018001163844019175,-0.05348823219537735,0.02226751297712326,0.007613016292452812,0.00017238748841919005,0.001821779296733439,-0.0061810072511434555,-0.06697405874729156,-0.004304924048483372
0.020027929916977882,-0.008245411328971386,-0.008752222172915936,0.00017861759988591075,0.009615673683583736,-0.0002799432841129601,-0.0006367263267748058,0.0005391990416683257,-0.005727048497647047,-0.00035457193735055625,-0.03876686468720436,-0.012323993258178234,0.13488496840000153,-0.024105366319417953,0.012074721045792103,0.14212754368782043,0.03136037662625313,0.12190725654363632,-0.005806762725114822,0.2227427065372467,-0.09630363434553146,0.054407645016908646,0.00026451487792655826,-0.005176072008907795,0.00769926980137825,0.010974652133882046,-0.002470494946464896
0.07637067139148712,0.0005344812525436282,0.0020447978749871254,0.0008271882543340325,-0.016246240586042404,-0.0007575912750326097,-0.0011651796521618962,8.77545535331592e-05,-0.00632869778200984,-0.0002682764898054302,0.016828231513500214,0.024638762697577477,0.03330980986356735,0.008003318682312965,0.00749403377994895,-0.024150986224412918,0.01581607013940811,0.027278149500489235,0.011044546030461788,0.009533528238534927,-0.043136585503816605,0.030934343114495277,0.00016171642346307635,0.006696297787129879,0.001864036195911467,0.010715866461396217,-0.0018330577295273542
0.06551828980445862,-0.0022627986036241055,0.0017746583325788379,0.0006558742607012391,-0.016854753717780113,-0.0007308120839297771,-0.0010481774806976318,0.00022853448172099888,-0.005450769793242216,-0.0006029225769452751,0.01814873330295086,0.020769445225596428,0.021294783800840378,0.010526098310947418,0.0049845087341964245,-0.023777972906827927,0.015331871807575226,0.02130417339503765,-0.0006400031270459294,0.00397254666313529,-0.049211278557777405,0.015318742953240871,0.0002096636890200898,0.008447442203760147,-1.5083205653354526e-06,0.010581335984170437,0.053454115986824036
-0.029127271845936775,0.007036917842924595,0.01411331258714199,-1.774241536622867e-05,0.02147717960178852,-0.000544185983017087,0.0050247409380972385,0.00042645528446882963,-0.003955170512199402,-0.0007466275710612535,0.0041129388846457005,-0.015334375202655792,-0.0292848851531744,-0.020208757370710373,-0.0026668664067983627,0.08587349206209183,-0.08820414543151855,-0.09850122034549713,0.031246943399310112,-0.009983734227716923,-0.049702178686857224,0.07485754042863846,0.00010988808935508132,0.020467855036258698,0.009038944728672504,0.007441608235239983,-0.003832204733043909
0.038164425641298294,0.0027797825168818235,0.006018852349370718,0.00040010965312831104,0.040268443524837494,-0.0002150532673113048,-0.0019924864172935486,-0.008606416173279285,-0.007957655936479568,-0.0005118398112244904,0.022745953872799873,-0.01645752415060997,0.021889274939894676,0.0070689464919269085,0.010027610696852207,0.09995642304420471,0.012011603452265263,-0.09305932372808456,0.014802372083067894,-0.06335422396659851,0.01842469722032547,0.13421230018138885,0.0002997665433213115,0.005679815076291561,-0.001593913184478879,0.009450109675526619,-0.004780954215675592
0.040473572909832,-0.0014358778716996312,0.002274329774081707,0.0008446165593340993,0.017192305997014046,-0.0013375342823565006,0.0007263053557835519,0.0006727851578034461,0.02354373037815094,-0.0004790652892552316,0.01659570075571537,0.015866423025727272,0.01655295118689537,0.009865829721093178,0.006767011247575283,-0.007339514791965485,0.014680483378469944,0.0856805220246315,-0.018841037526726723,0.02410273067653179,-0.025936026126146317,0.15411442518234253,0.0003941338218282908,0.003901338903233409,-0.008753902278840542,0.0026642614975571632,-0.0027585052885115147
0.03169164061546326,-0.0020635947585105896,0.005232592113316059,0.00048526242608204484,0.030899517238140106,0.0008451917092315853,0.004748351406306028,0.0030057732947170734,0.038646429777145386,-0.00026558159152045846,0.03190838173031807,-0.013412567786872387,0.07612575590610504,0.3968406319618225,0.04327944666147232,0.16790689527988434,0.08882861584424973,-0.05481522157788277,0.02640206180512905,0.07677476108074188,0.03915884718298912,0.3919830918312073,0.0005766140529885888,0.0026009948924183846,0.01605960726737976,0.010468530468642712,-0.003263329155743122
0.02423062175512314,0.0005595340626314282,0.010895546525716782,8.194915426429361e-05,0.02810528874397278,-0.0012732632458209991,-0.00237716524861753,0.0002350868162466213,-0.0038940776139497757,-0.0008471420151181519,0.008879792876541615,-0.020107144489884377,0.0174650177359581,0.03105815127491951,0.025389229878783226,-0.08977057039737701,-0.09796063601970673,-0.058209098875522614,-0.011867500841617584,-0.025854071602225304,-0.04432470351457596,0.03290484473109245,0.0002264187642140314,0.030559048056602478,0.008623779751360416,0.005485555622726679,-0.0030817699152976274
-0.027291415259242058,-0.011086414568126202,0.006577861029654741,0.0004136902862228453,0.04980141669511795,-0.0002163438912248239,0.008014841936528683,0.0017231454839929938,0.04681066423654556,-0.0006301448447629809,0.030112741515040398,-0.014218229800462723,0.05894112214446068,0.386363685131073,-0.016330912709236145,0.06159687787294388,-0.01002578902989626,-0.053104810416698456,0.02594972774386406,0.0664229467511177,0.07117847353219986,0.21196234226226807,0.0005996794789098203,-0.00789280328899622,0.011328826658427715,-0.03607393056154251,-0.0042052846401929855
0.010293642058968544,-0.006507392507046461,0.004899093881249428,-0.0009217023034580052,-0.01593830995261669,-0.0004300884320400655,-0.0009752030018717051,0.00039623919292353094,-0.0035236566327512264,-0.0002654501295182854,0.024940859526395798,0.02343067154288292,-0.053943268954753876,0.032280225306749344,0.005328779108822346,-0.027638792991638184,0.0073540047742426395,0.06749609112739563,-0.014755024574697018,0.01985575072467327,-0.032595738768577576,-0.018076637759804726,0.00018141769396606833,0.007050172425806522,0.0009913218673318624,-0.06822367757558823,-0.0033474136143922806
0.014091341756284237,-0.0015613059513270855,0.0031740732956677675,0.00017082664999179542,-0.009501720778644085,-0.0004128704604227096,-0.0004664501757360995,0.0002457147929817438,-0.0031448742374777794,-0.0003259357181377709,0.02018050104379654,0.024862080812454224,-0.005343066994100809,0.047603268176317215,0.005297880619764328,-0.009346535429358482,-0.0025054309517145157,0.05758429691195488,-0.013859568163752556,-0.03424203768372536,-0.030710360035300255,0.00523389270529151,0.00013081746874377131,0.009068656712770462,-0.0003721103130374104,0.01035963837057352,-0.0033070521894842386
0.02946971170604229,-0.003046149155125022,0.008425865322351456,0.00034698841045610607,-0.016614696010947227,-0.0010218142997473478,-0.0008465033024549484,0.0003109667159151286,-0.004659406375139952,-0.00039019688847474754,0.024766189977526665,0.022788068279623985,0.029231183230876923,0.02548249438405037,0.006524300668388605,-0.023807615041732788,0.009057740680873394,-0.0006818950641900301,-0.012679757550358772,-0.009234322234988213,-0.016066648066043854,-0.011516863480210304,0.00014672311954200268,0.004236087203025818,-0.0013370983069762588,0.01142140757292509,-0.0033260115887969732
0.10972601920366287,0.0020572629291564226,0.000851054210215807,-0.0002500169211998582,-0.018722837790846825,-0.00021908838243689388,-0.005830627866089344,0.00039873519563116133,-0.013548554852604866,-0.00020985695300623775,0.013349167071282864,0.03639034926891327,0.03181829676032066,-0.2879944145679474,-0.006554775405675173,0.01813795603811741,0.004247094038873911,0.0012537359725683928,-0.037483833730220795,0.22919800877571106,-0.041025131940841675,0.007012110203504562,0.0001649385376367718,-0.0067567285150289536,8.650888048578054e-05,0.010348351672291756,-0.0021873812656849623
-0.02730993553996086,-0.005093006417155266,0.006010917015373707,0.0003733055491466075,0.007560331840068102,0.007532582618296146,-0.0007759662694297731,0.00036333114258013666,-0.005068960599601269,-0.00032123763230629265,0.022916743531823158,0.020269615575671196,-0.013694201596081257,-0.013145942240953445,0.016989240422844887,0.029417216777801514,0.07332590967416763,0.1171402782201767,0.017145922407507896,0.007555119693279266,-0.013136139139533043,0.027424408122897148,0.0005909663741476834,-0.0300198532640934,0.005099589470773935,0.005436548497527838,-0.0032389811240136623
-0.015548478811979294,-0.004439566284418106,0.007770622614771128,1.765651541063562e-05,0.021299617365002632,0.005330135114490986,-0.001876825001090765,0.0007108243880793452,-0.006612314842641354,-0.0008217015420086682,0.02495497651398182,0.015328139066696167,-0.018502572551369667,-0.0225293580442667,-0.011072692461311817,0.07727215439081192,0.049937617033720016,-0.07173266261816025,0.00612287875264883,0.014024695381522179,0.03050331212580204,-0.014182176440954208,0.00027060898719355464,-0.007075716741383076,0.0016239086398854852,0.008817991241812706,-0.004611652810126543
-0.03329702466726303,0.005849140230566263,0.013410869985818863,-0.00026042701210826635,0.019558334723114967,-0.0005824834806844592,-0.0029122771229594946,0.00045092633808963,-0.0062009114772081375,-0.0004661788116209209,0.02488602139055729,0.020897600799798965,-0.03644687682390213,0.012680793181061745,0.0005108847981318831,-0.09892550855875015,0.025098329409956932,-0.0540933795273304,0.004919157829135656,-0.03806573525071144,-0.01645311340689659,0.0013247194001451135,0.0001627252931939438,-0.0363897867500782,-0.006910647265613079,0.008467300795018673,-0.0041788499802351
-0.031089002266526222,0.004707591142505407,0.009590653702616692,-0.0005517405807040632,-0.037014950066804886,-0.0005365831311792135,-0.0058854930102825165,0.0004069351125508547,-0.00432463176548481,-0.00022290131892077625,0.01897723786532879,0.019124755635857582,-0.01547443587332964,0.0035171036142855883,-0.009311891160905361,-0.03826029226183891,-0.018582390621304512,-0.16825175285339355,0.006594149861484766,-0.05203360691666603,-0.036146555095911026,0.003108963370323181,8.825407712720335e-05,-0.037500038743019104,-0.017955048009753227,0.008890735916793346,-0.004053791053593159
0.07839270681142807,-0.001899444730952382,0.012842206284403801,6.302019028225914e-05,0.008985413238406181,-0.0010838996386155486,0.005378760863095522,0.00018777426157612354,-0.004222413524985313,-0.0002656348515301943,0.01939687505364418,0.022049421444535255,0.04578421637415886,0.022885702550411224,0.0116436667740345,-0.022955847904086113,-0.014829649589955807,0.023344041779637337,0.0018663376104086637,-0.003206303110346198,-0.028947269544005394,0.006672763731330633,0.00013083686644677073,0.014570292085409164,0.0026203528977930546,0.006890220567584038,-0.002541765570640564
-0.020646436139941216,-0.0026067066937685013,0.007371853105723858,-0.0004770565137732774,-0.016716139391064644,-0.0027101747691631317,-0.001563669415190816,0.00038810374098829925,-0.004094343166798353,-0.0006268923170864582,0.02816331386566162,-0.018882427364587784,-0.025118090212345123,0.04755091294646263,-0.05783488228917122,-0.039638567715883255,0.017434291541576385,0.012853942811489105,-0.02813699282705784,-0.03151348978281021,0.01594487577676773,-0.02399851568043232,0.0001973650505533442,0.004378532525151968,0.0003706502611748874,0.011472705751657486,-0.004099750425666571
-0.025242261588573456,-0.005121204536408186,0.004165822174400091,-0.00031662979745306075,-0.014274034649133682,0.00029553522472269833,-0.0007138658547773957,0.0003051581443287432,-0.003092789789661765,-0.0006804026779718697,0.015348539687693119,-0.013662642799317837,-0.08043766766786575,0.00598134845495224,-0.006830567494034767,-0.07236717641353607,0.012332461774349213,0.05817341431975365,-0.03215214982628822,-0.0320168100297451,-0.021765999495983124,-0.04004844278097153,0.00011734056170098484,0.005687486380338669,-0.005285138264298439,0.008218841627240181,-0.004183968994766474
-0.026281611993908882,-0.005978506989777088,0.00659056194126606,-0.0005643254844471812,-0.014019463211297989,-0.0007651991327293217,-0.0011425686534494162,0.0004703821032308042,-0.005051622167229652,-0.0007283632294274867,-0.01267600990831852,-0.018522679805755615,-0.05637179687619209,0.002565308939665556,-0.07179660350084305,-0.06433966010808945,-0.0006460032309405506,-0.02678060345351696,-0.03556317090988159,-0.02555847354233265,-0.025327326729893684,-0.033498410135507584,0.0001337803405476734,0.004701452329754829,0.0029246057383716106,0.011805044487118721,-0.004320619627833366
-0.03249776363372803,-0.0005433318438008428,0.009548383764922619,0.000461545743746683,-0.019761864095926285,-0.0007205359870567918,-0.0015339588280767202,0.00021218167967163026,-0.005074549466371536,-0.00048164359759539366,0.00755878072232008,0.03299188241362572,0.027335433289408684,0.01776866614818573,0.021271634846925735,-0.06806259602308273,-0.0734817162156105,0.08412071317434311,0.0009830177295953035,-0.013733175583183765,-0.02537471055984497,0.0011215945705771446,7.53095664549619e-05,0.03295886144042015,0.005923887714743614,0.006232243962585926,-0.003083702176809311
0.019179262220859528,-0.003005767473950982,0.009440889582037926,-0.00018074216495733708,-0.014576341025531292,-0.0008378747152164578,-0.0010470952838659286,5.190489173401147e-05,-0.003441796638071537,-0.0004006961826235056,0.01675093173980713,0.023239295929670334,-0.04332341253757477,-0.03132493793964386,0.017032358795404434,-0.08182518929243088,-0.11453289538621902,0.04985234886407852,-0.015487425960600376,-0.023090004920959473,-0.02298670820891857,-0.01952657848596573,7.821917824912816e-05,0.02766881138086319,0.005039317067712545,0.0075771198607981205,-0.004073430318385363
-0.023938627913594246,-0.005987419281154871,0.007111854385584593,0.00013063274673186243,-0.012604781426489353,-0.0007702407310716808,-0.0007378044538199902,0.00020956214575562626,-0.004813064821064472,-0.00026476994389668107,0.02017827518284321,-0.017688993364572525,-0.020413395017385483,-0.0186168160289526,-0.014049085788428783,-0.043955959379673004,-0.004115894436836243,0.014497038908302784,-0.01485508494079113,-0.021594300866127014,0.01204290147870779,0.004154984373599291,0.00015333920600824058,0.008572927676141262,-0.012948109768331051,0.012444672174751759,-0.0053688641637563705
0.014777039177715778,-0.0020916336216032505,0.006894729100167751,5.304197111399844e-05,0.021272562444210052,-0.000545675924513489,-0.0022047904785722494,-0.006660271901637316,-0.004787936341017485,-0.0009369353065267205,-0.002040720311924815,-0.01539850514382124,-0.027354465797543526,-0.018270591273903847,0.004563553724437952,0.07469318062067032,0.02013932541012764,-0.12183404713869095,0.012990294955670834,-0.051184430718421936,-0.027944810688495636,-0.01198823843151331,0.00014264769561123103,0.006756538525223732,0.0010852747363969684,0.009682965464890003,-0.0038464912213385105
-0.012731418013572693,-0.007034407928586006,0.004097447264939547,-0.0001081344234989956,0.017642462626099586,-0.0009309733286499977,-0.002913812641054392,-0.011729581281542778,-0.009201831184327602,-0.0006778854876756668,-0.015130396001040936,-0.017512241378426552,-0.10339035838842392,-0.0686652883887291,-0.03548924997448921,0.02173604629933834,0.012538708746433258,-0.21608048677444458,-0.0014596583787351847,-0.06301321089267731,-0.023833412677049637,-0.07329730689525604,0.0001230623893206939,0.0021026176400482655,6.500184099422768e-05,0.006995758041739464,-0.004780159331858158
-0.03094814531505108,-0.011940199881792068,0.00712209427729249,0.00011853690375573933,-0.03227631002664566,-0.00032094624475575984,-0.0015202341601252556,0.001674966188147664,-0.008935877121984959,-0.0008190465741790831,0.04655493423342705,-0.02411184087395668,-0.04249291121959686,-0.020114265382289886,-0.007118954323232174,0.060995955020189285,-0.009323216043412685,-0.07314153015613556,-0.025607092306017876,-0.08791444450616837,0.02165960520505905,-0.04387721046805382,0.0003314822679385543,0.0005153249949216843,-0.0032776030711829662,-0.07211023569107056,-0.006697630509734154
-0.04311084374785423,-0.011954225599765778,0.005581273697316647,0.00036031054332852364,-0.03520262986421585,-0.00045227978262118995,-0.0004610491741914302,0.0002951585338450968,-0.011124931275844574,-0.0007089056307449937,0.002219668822363019,-0.027181250974535942,-0.06300413608551025,0.008312337100505829,-0.12908810377120972,-0.061226118355989456,0.013659624382853508,-0.011573052033782005,-0.026965884491801262,0.015940075740218163,-0.0294833704829216,-0.06186646595597267,0.0006366953602991998,0.005514516960829496,0.001227194326929748,-0.0816878154873848,-0.0057713803835213184
-0.06954430788755417,-0.021987205371260643,-0.00012457706907298416,5.94427838223055e-05,-0.05232824757695198,-0.00043065292993560433,-0.0019359876168891788,0.0008604973554611206,-0.012271965853869915,-0.0008331896387971938,-0.513457715511322,-0.028495552018284798,-0.11522968858480453,-0.05659278482198715,-0.1255715936422348,0.03218700364232063,-0.0249555055052042,-0.09195949137210846,-0.025475742295384407,-0.11037032306194305,-0.08097318559885025,-0.1680789291858673,0.00015552539844065905,-0.0013853185810148716,-0.009056828916072845,-0.10242530703544617,-0.006940232124179602
-0.06825180351734161,-0.025557290762662888,0.004518536385148764,-3.7299410905689e-05,-0.05204986408352852,-0.00029702650499530137,-0.002564367838203907,0.0014583865413442254,-0.014115219004452229,-0.0010744433384388685,-0.982080340385437,-0.02735423855483532,-0.12036654353141785,-0.07258619368076324,-0.000907654408365488,-0.002176945563405752,-0.05520809441804886,-0.10163993388414383,-0.019887402653694153,-0.08606243133544922,-0.05600786581635475,-0.15631668269634247,0.00018500436272006482,-0.005295343231409788,-0.0034835522528737783,-0.11461386829614639,-0.005479606334120035
-0.00022035426809452474,0.009333088994026184,0.0035049784928560257,0.0003662231902126223,-0.014742444269359112,0.00023776170564815402,-0.000996795599348843,0.0021186652593314648,-0.004152390174567699,-0.000488506630063057,0.032772161066532135,-0.013385126367211342,0.0030871331691741943,0.061926551163196564,0.025125235319137573,0.1460968405008316,0.012496145442128181,0.1585383415222168,0.025951270014047623,0.0418950617313385,0.05164448544383049,0.2622499167919159,0.0005092947976663709,0.009281058795750141,0.005586300976574421,-0.008937301114201546,-0.004171775653958321
-0.024037210270762444,0.009164952673017979,0.004905644804239273,-0.00013099143689032644,-0.016086334362626076,-0.00043178279884159565,-0.0014643985778093338,0.0005364236421883106,-0.007918029092252254,-0.0005681856418959796,0.02843146026134491,-0.02105558104813099,-0.026234792545437813,0.004975212272256613,-0.012368210591375828,0.03467286750674248,0.020277824252843857,-0.008161695674061775,0.002104266546666622,-0.05764615535736084,0.010302922688424587,-0.04631989076733589,0.00018332345644012094,-0.002497337991371751,-0.0017061812104657292,-0.06918975710868835,-0.0037901827599853277
-0.04227035120129585,-5.237502045929432e-05,0.011114316061139107,-7.397263834718615e-05,-0.04764711484313011,-0.00048768954002298415,-0.002329012379050255,0.00037559130578301847,-0.01049385778605938,-0.0005238462472334504,0.021822571754455566,-0.028279853984713554,-0.07998723536729813,-0.0398336760699749,-0.011410262435674667,-0.049357831478118896,-0.014188311994075775,-0.10070966184139252,-0.005170549266040325,-0.07686043530702591,-0.07497943192720413,0.03030925616621971,0.00013277500693220645,0.019967198371887207,-0.013952212408185005,-0.06759516894817352,-0.004859296139329672
-0.028363704681396484,-0.012385076843202114,0.009473809041082859,-2.3043379769660532e-05,-0.02651134692132473,-0.0005734035512432456,-0.0019419274758547544,0.00035581854172050953,-0.009206635877490044,-0.00045486033195629716,-0.020488200709223747,-0.03178718313574791,-0.06066955253481865,-0.07143428176641464,-0.03819728642702103,-0.12764117121696472,-0.0166416484862566,-0.0499352291226387,-0.008712434209883213,-0.03941920027136803,0.003046841360628605,-0.0935489758849144,0.000560241867788136,0.007913398556411266,0.005434793885797262,-0.11857391893863678,-0.007880911231040955
0.02317686565220356,0.008865270763635635,0.0060127596370875835,0.0005323071382008493,0.0409015528857708,-0.0022093849256634712,-0.00041888467967510223,-0.011289653368294239,-0.010206854902207851,-0.0004059686616528779,0.02373279631137848,-0.013180287554860115,0.04305852949619293,0.17434485256671906,0.013220898807048798,0.11275766789913177,0.0023393367882817984,-0.08380181342363358,0.022132508456707,0.030605856329202652,0.015460562892258167,0.29597288370132446,0.0004425478109624237,-0.005793955642729998,0.00916051771491766,-0.04162432998418808,-0.0037551845889538527
0.06027296185493469,0.01028718426823616,-0.0003289456944912672,-0.00013517845945898443,0.024039825424551964,-0.00014115762314759195,0.0009064217447303236,0.0017228502547368407,0.033627741038799286,-6.302234396571293e-05,0.01713136024773121,0.027563296258449554,0.1889667809009552,0.005057894624769688,-0.0008748006075620651,0.12720206379890442,0.032406724989414215,-0.07672978192567825,-0.007580077275633812,0.31495970487594604,-0.055555909872055054,0.2109103947877884,0.0003232332528568804,-0.013179009780287743,0.006300752051174641,0.009290538728237152,-0.00344133866019547
0.11366675794124603,0.01465053204447031,-0.0019678622484207153,0.0004886899259872735,0.021749727427959442,0.0008227740763686597,0.003978227265179157,0.0018694462487474084,0.042996469885110855,-0.00017118379764724523,0.025638211518526077,0.017341794446110725,0.2701522707939148,0.1036461591720581,0.022505372762680054,0.13608744740486145,0.037688739597797394,-0.06585051119327545,-0.00417000288143754,0.2967783808708191,0.057601459324359894,0.26510101556777954,0.00034762173891067505,-0.009974081069231033,0.004657004028558731,0.010636989958584309,-0.003228107001632452
-0.037162672728300095,0.0063458518125116825,0.018471810966730118,-0.000887815491296351,0.017753630876541138,-0.0003744928690139204,-0.003121832385659218,0.00046558136818930507,0.03189720958471298,-0.0007079050410538912,0.00690544955432415,-0.0133100226521492,-0.004514921456575394,-0.024872317910194397,0.006977820303291082,0.13517910242080688,-0.1933978796005249,-0.12257343530654907,0.013827487826347351,-0.04998044669628143,-0.06353078037500381,-0.19940294325351715,0.00021897751139476895,-0.060289423912763596,-0.00831473246216774,0.006796797271817923,-0.005617045797407627
0.013837878592312336,-0.005340172443538904,0.007498583290725946,-0.001620810478925705,0.019925754517316818,-0.0003795752418227494,-0.002289258176460862,-0.010793150402605534,-0.0060623870231211185,-0.0005541059654206038,0.007838528603315353,-0.014430542476475239,-0.06655613332986832,-0.020742619410157204,0.004444777965545654,0.10995173454284668,0.04539881646633148,-0.11432979255914688,0.015995122492313385,-0.043153684586286545,-0.013081930577754974,0.039957061409950256,0.00012676954793278128,-0.01721036247909069,0.003947154153138399,0.008534419350326061,-0.004365392029285431
0.021907972171902657,0.00583286676555872,0.006582917645573616,-4.966027699992992e-05,0.0288749597966671,-0.0007440562476404011,-0.0017326755914837122,-0.005483105778694153,-0.01017705723643303,-0.00043022161116823554,0.003941456787288189,-0.019649524241685867,0.043172046542167664,-0.011006709188222885,-0.004829388111829758,0.10697977244853973,0.01671621762216091,-0.09955516457557678,0.018785400316119194,-0.05197066068649292,0.007279353681951761,0.006973723880946636,0.00016145987319760025,-0.017850002273917198,0.0037382624577730894,0.00816392619162798,-0.0038401337806135416
-0.010817103087902069,0.003163071582093835,0.00919085182249546,1.746367706800811e-05,0.03069552779197693,0.0001650310296099633,-0.0007872031419537961,0.00094122055452317,-0.005701838992536068,0.014108091592788696,0.02216782234609127,-0.01428040862083435,-0.0083163445815444,0.017709245905280113,0.00030036718817427754,0.13348388671875,0.07844701409339905,-0.08506374806165695,0.04398893937468529,0.029524024575948715,0.04562981799244881,-0.03555137664079666,0.000259685970377177,0.010192899033427238,0.00800259131938219,0.009235316887497902,0.12404701858758926
-0.02234063670039177,-0.0031166430562734604,0.008585355244576931,0.000445765646873042,-0.009853661991655827,-5.161195986147504e-06,-0.0015462522860616446,0.0008910889737308025,-0.006675789598375559,6.430294888559729e-05,0.01847018674015999,-0.020629841834306717,-0.017873113974928856,-0.006408464629203081,0.002951697912067175,-0.0888635441660881,0.012010104022920132,-0.032464347779750824,-0.0025116202887147665,0.0273952204734087,0.02905428595840931,0.39367973804473877,0.000865560257807374,0.014190527610480785,0.019119365140795708,0.016737831756472588,0.1464930772781372
-0.028820905834436417,-0.003920521587133408,0.008548145182430744,0.00041456983308307827,-0.01907067745923996,-0.0019875639118254185,-0.001746234716847539,0.0009161186753772199,-0.005979486275464296,5.6112079619197175e-05,0.016481611877679825,-0.021680042147636414,-0.01788073591887951,-0.015206177718937397,-0.0006153628928586841,-0.0860866978764534,0.007387317717075348,-0.03985955938696861,-0.004777536727488041,0.01954134739935398,0.023300739005208015,0.3080296516418457,0.0007026612292975187,0.014536603353917599,0.019724227488040924,0.012085288763046265,0.13433575630187988
-0.07369029521942139,-0.012113514356315136,0.011132159270346165,-0.0008619147702120245,-0.06059907749295235,-0.003230227157473564,-0.0014488156884908676,0.0008897539228200912,-0.009399917908012867,-0.00024645027588121593,0.01897413842380047,-0.030543876811861992,-0.07607873529195786,-0.093382827937603,-0.04230465739965439,-0.1694328635931015,-0.06938371807336807,-0.19184435904026031,-0.013854047283530235,-0.10791077464818954,-0.06247223913669586,0.20649871230125427,0.00025362003361806273,0.047027699649333954,-0.004036253318190575,-0.04185572266578674,-0.005392459686845541
0.006484524346888065,-0.014628985896706581,0.0063993618823587894,0.0003083510382566601,0.024403709918260574,-0.0002783530217129737,-0.0013591788010671735,0.0003611635765992105,0.017224088311195374,-0.0003926887293346226,0.01936080865561962,0.036184459924697876,-0.09773131459951401,-0.2026010900735855,-0.010870012454688549,-0.08502708375453949,0.011461479589343071,-0.07510558515787125,-0.019798308610916138,-0.006470759864896536,-0.08202362060546875,0.021761812269687653,0.00012256727495696396,-0.022632764652371407,-0.013329355977475643,0.006827278062701225,-0.0036972148809581995
0.016494184732437134,0.011004556901752949,0.0057564424350857735,-0.00012962418259121478,0.04633251577615738,-0.0006485513295046985,-0.0023769258987158537,-0.004982504062354565,-0.009946169331669807,-0.0004507540143094957,0.00629047118127346,-0.016414327546954155,0.04274079203605652,-0.016313709318637848,-0.007521039340645075,0.0898294597864151,0.015388675965368748,-0.0903412327170372,0.021811168640851974,-0.05296136066317558,0.011465203016996384,0.017821436747908592,0.00015580740000586957,0.0059923748485744,0.0024598930031061172,-0.06423315405845642,-0.004007648676633835
-0.016950175166130066,0.01687760092318058,0.010227461345493793,-0.00012816334492526948,-0.01826762966811657,-0.00025200017262250185,-0.0013645277358591557,0.00036191861727274954,-0.008235672488808632,-0.0007365451892837882,0.023514728993177414,-0.02142520062625408,-0.010866248048841953,0.009607840329408646,0.0011027100263163447,0.06688407063484192,0.03252137824892998,-0.004596389830112457,0.005172168370336294,-0.06184772774577141,0.022100325673818588,-0.26927655935287476,0.00018332345644012094,-0.0020169143099337816,-0.0021004737354815006,-0.06408335268497467,-0.004842488560825586
-0.02101697400212288,0.015845762565732002,0.011799933388829231,-0.0007897091563791037,-0.025063395500183105,-0.00028127533732913435,-0.0017782733775675297,0.0003766460868064314,-0.006897806189954281,-0.0007145131239667535,0.023596972227096558,-0.021694019436836243,-0.060172274708747864,-0.006854034028947353,-0.0036716065369546413,0.03197424113750458,-0.011809484101831913,-0.050125524401664734,0.00039634143467992544,-0.08274717628955841,0.016491714864969254,-0.29797306656837463,0.00011264282511547208,0.0018817140953615308,-0.00618059141561389,-0.05920824036002159,-0.005979415960609913
-0.056197334080934525,-0.026301756501197815,0.02235589176416397,-0.0016526072286069393,-0.06188343092799187,-0.0009855874814093113,-0.002376338467001915,0.00027230067644268274,-0.010418882593512535,-0.0009545505745336413,0.009947407990694046,-0.037369657307863235,-0.1029570922255516,-0.10567913204431534,-0.047158971428871155,-0.19034089148044586,-0.06655656546354294,-0.1895938217639923,-0.012278000824153423,-0.10755752772092819,-0.057150691747665405,-0.42986294627189636,9.819881233852357e-05,0.041542187333106995,-0.008871627040207386,-0.06883490830659866,-0.007038970477879047
-0.10433278232812881,0.004400778561830521,0.009795261546969414,-0.00015716424968559295,-0.04675973206758499,-0.00016731074720155448,-0.007569766603410244,0.0003722870023921132,-0.010420440696179867,-0.0003283435362391174,0.009738915599882603,-0.04294281452894211,-0.23262540996074677,-0.4769499599933624,-0.030568629503250122,-0.1763552725315094,-0.013471521437168121,0.04807516187429428,-0.08715531975030899,-0.1109560877084732,-0.07209790498018265,-0.48312652111053467,0.00021310936426743865,-0.0029409953858703375,-0.020146435126662254,-0.09610109776258469,-0.004206403158605099
-0.02103237435221672,-0.007839682511985302,-0.014352246187627316,-7.101767550921068e-05,0.011218540370464325,-0.000926736684050411,-0.0013824504567310214,0.0007022577337920666,-0.005053515546023846,-0.00034422255703248084,0.03395001217722893,-0.017276443541049957,0.00949495006352663,-0.048434145748615265,-0.10255564004182816,-0.0469503253698349,0.004821093287318945,0.07040807604789734,0.020227916538715363,-0.06383723020553589,-0.007490156684070826,0.18423907458782196,0.00013617824879474938,-0.031207775697112083,0.004105308558791876,0.005424469709396362,-0.0038623688742518425
-0.08883966505527496,-0.021421292796730995,-0.18542106449604034,-0.0004512932791840285,-0.01910896599292755,-0.0005365134566091001,-0.0016726328758522868,0.0003612753644119948,-0.011639061383903027,-0.001380242290906608,-0.019302235916256905,-0.05887167900800705,-0.2175423800945282,-0.22776161134243011,-0.11666511744260788,-0.30493026971817017,-0.41610822081565857,-0.12322795391082764,-0.09662843495607376,-0.08546823263168335,-0.1829429268836975,-0.6557439565658569,0.0003410347562748939,-0.16886219382286072,-0.032729003578424454,0.005771886091679335,-0.008899535052478313
-0.04838045686483383,-0.02544260397553444,-0.08581423759460449,-5.887517909286544e-05,0.005204445216804743,-0.0006614910671487451,-0.0010548398131504655,0.0003009473148267716,-0.007473824080079794,-0.0004678188415709883,-0.0006672654999420047,-0.0231862161308527,-0.09932363778352737,-0.095508873462677,-0.01491179596632719,-0.1169009804725647,-0.1559024155139923,-0.050419580191373825,0.011990820057690144,-0.04307441785931587,-0.08303509652614594,-0.44039037823677063,0.0003421488800086081,-0.07801231741905212,-0.028089936822652817,0.005862500984221697,-0.00474724592640996
-0.031313516199588776,-0.007825478911399841,-0.05457056686282158,-0.00044477093615569174,0.012100649066269398,-0.0003896499110851437,-0.001802594168111682,0.0003252783790230751,-0.003577023046091199,-0.0003568897664081305,0.009189839474856853,-0.023747719824314117,-0.016713034361600876,0.04570725932717323,-0.0019486419623717666,-0.03111093118786812,0.023513905704021454,0.12257940322160721,-0.03814127668738365,-0.024089666083455086,-0.041094813495874405,-0.44810664653778076,0.00035507752909325063,-0.021737592294812202,0.0047970726154744625,0.0037740522529929876,-0.004686582833528519
-0.026089167222380638,0.00030345030245371163,-0.021905286237597466,0.0002112107613356784,0.011982954107224941,-0.0006941810133866966,-0.0009643692756071687,0.00017796152678783983,-0.0038885839749127626,-0.00047840457409620285,0.01626172848045826,-0.014365915209054947,-0.003636070527136326,-0.031889114528894424,0.0024616033770143986,-0.05569509416818619,-0.029284857213497162,0.057471077889204025,-0.023677732795476913,-0.022339727729558945,-0.01573321595788002,-0.05561601743102074,0.00022897282906342298,0.017256207764148712,0.0021796070504933596,0.003164630616083741,-0.004961726255714893
-0.026407286524772644,-0.006373745389282703,0.007966415025293827,6.13780357525684e-05,-0.010548962280154228,-0.000890078954398632,-0.0008666393114253879,0.00034061106271110475,-0.004683017730712891,-0.0003950695972889662,0.017748115584254265,-0.018040889874100685,-0.019484544172883034,-0.021822459995746613,-0.02176717482507229,-0.05274880677461624,-0.0016021657502278686,0.015807300806045532,-0.018177291378378868,-0.026258813217282295,0.009026720188558102,-0.05197179317474365,0.00015333920600824058,0.006913745775818825,-0.012996133416891098,0.012724674306809902,-0.005223441403359175
0.042851772159338,0.0087418919429183,0.0071670543402433395,0.00012479262659326196,0.04770926758646965,-0.0005837216158397496,-0.0004305147158447653,-0.009799385443329811,-0.009680505841970444,-0.0009236024925485253,0.01910533756017685,-0.016322044655680656,0.029446786269545555,-0.001181962201371789,0.01957753673195839,0.12620443105697632,0.02877913974225521,-0.10505847632884979,-0.0024775750935077667,-0.030026540160179138,-0.02388162910938263,0.11279083043336868,0.0003258204669691622,0.0019118376076221466,-0.0019250272307544947,-0.055465590208768845,-0.004562986083328724
0.04370108246803284,-0.0027068231720477343,0.008306959643959999,0.000145996076753363,0.020149992778897285,-0.0003381519636604935,0.0076137869618833065,0.0007140112575143576,-0.0050171129405498505,-0.0004902760265395045,0.014463740400969982,0.020188938826322556,-0.051807720214128494,0.01386186107993126,0.002495030639693141,0.1252351850271225,0.006498301401734352,-0.07190363109111786,0.012086299248039722,0.010991956107318401,-0.009387347847223282,0.027015045285224915,0.0001150976459030062,0.006599569693207741,0.004977727774530649,0.012011989019811153,-0.0033265408128499985
-0.02530256099998951,-0.0006506025092676282,0.003217038931325078,-0.0004381420149002224,0.008644758723676205,-0.000560646178200841,0.0019234297797083855,0.0003020955191459507,-0.004428969696164131,-0.0008235274581238627,0.018695348873734474,-0.011083048768341541,-0.06888400763273239,-0.03801695257425308,0.006845248397439718,-0.048370394855737686,0.006695459596812725,0.046859461814165115,0.011806639842689037,0.0035780342295765877,-0.015910593792796135,-0.026122581213712692,0.0002695784205570817,0.003167227376252413,-0.005444008391350508,0.0063372645527124405,-0.00452358927577734
-0.01863112859427929,-0.001665600691922009,0.006784565281122923,-0.000319605489494279,0.015303127467632294,-0.0007072309963405132,0.00709341187030077,0.0008198645664379001,-0.0026218334678560495,-0.0005151480436325073,0.026515282690525055,0.0169027391821146,-0.08291791379451752,-0.02566325105726719,0.0033153872936964035,0.09000296890735626,-0.0019393553957343102,-0.11598260700702667,0.008209440857172012,0.027439089491963387,0.016534682363271713,-0.010640878230333328,0.00018717770581133664,0.007137577049434185,0.005218442529439926,0.0065758368000388145,-0.005103378556668758
-0.030572559684515,0.00017192779341712594,-0.03331662341952324,-0.0006064868066459894,0.009836415760219097,-0.0006248278077691793,-0.0011110841296613216,0.0001841401244746521,-0.003735380945727229,-0.0007416054140776396,0.010370936244726181,-0.013251980766654015,-0.06302855163812637,-0.02993161790072918,-0.010305093601346016,-0.07624222338199615,-0.08050059527158737,0.07232479751110077,-0.03278453275561333,-0.032251521944999695,-0.0034798886626958847,-0.02753441594541073,0.00017512781778350472,0.016528209671378136,-0.00018695696780923754,0.005134250037372112,-0.004800072871148586
0.029218511655926704,0.0025432975962758064,-0.0008828042773529887,2.504063331798534e-06,0.013802322559058666,-0.0001953432074515149,-0.003920568618923426,0.0007046596729196608,-0.010255028493702412,-0.0008350737625733018,0.018094100058078766,0.01060228981077671,0.15717823803424835,-0.038833245635032654,-0.07902754098176956,0.0715218260884285,0.023211229592561722,-0.08630872517824173,0.012855017557740211,0.2203100025653839,0.09135666489601135,-0.0007626346778124571,0.00016093470912892371,-0.012450166046619415,0.005810103379189968,0.006121254991739988,-0.0024097904097288847
-0.012861532159149647,0.005631105042994022,0.007966996170580387,-2.1429041225928813e-05,0.02169388346374035,-0.000528150238096714,-0.00044308786164037883,0.000881182320881635,0.036248188465833664,-0.0007119194488041103,0.008846264332532883,0.019585030153393745,0.06870469450950623,0.014803165569901466,-1.1458236258476973e-05,0.16170214116573334,0.05185844376683235,-0.10258808732032776,0.03943128138780594,0.007309390231966972,0.03436939790844917,0.03425595536828041,0.0001536732306703925,-0.00727712269872427,0.012907428666949272,0.008356924168765545,-0.0037285429425537586
-0.038705989718437195,-0.014579461887478828,-0.03302564099431038,9.172687714453787e-05,0.00927964597940445,-0.0003789067268371582,-0.0014059606473892927,0.00039657767047174275,-0.010565533302724361,-0.000660453864838928,-0.08227553963661194,-0.017234301194548607,-0.032357778400182724,-0.06878474354743958,-0.021998664364218712,0.0413179025053978,-0.07591264694929123,-0.02684568054974079,-0.014270915649831295,-0.04822281002998352,-0.06740428507328033,-0.0012525077909231186,0.0001325698831351474,-0.01629372499883175,-0.0014338780893012881,0.011286910623311996,-0.003172007855027914
-0.02324552834033966,-0.007370512932538986,0.00844234973192215,2.4453114747302607e-05,0.028592007234692574,-0.00044032942969352007,0.005280573386698961,0.0006178918993100524,0.043335847556591034,-0.00040621808147989213,0.01911027915775776,0.02705737203359604,0.00023620900174137205,-0.006973321549594402,0.0033959688153117895,0.09704706817865372,0.0162173081189394,-0.053575992584228516,0.010838011279702187,0.0016139743383973837,0.029422977939248085,0.027436513453722,0.00013642468547914177,-0.021674130111932755,0.010240201838314533,0.009034373797476292,-0.004756070673465729
0.04615729674696922,0.0035489220172166824,0.0056240190751850605,-0.002164677018299699,0.01414599921554327,-0.0008262369083240628,-0.0012480156728997827,9.018054697662592e-05,-0.004212435334920883,-0.000476399261970073,0.007376247551292181,-0.01580267958343029,0.001952044083736837,-0.008130466565489769,0.020278319716453552,-0.04328543692827225,0.024148566648364067,0.07169687747955322,0.015457522124052048,0.009184855967760086,-0.008486035279929638,-0.008385896682739258,0.0002662830229382962,0.013205880299210548,0.0020057293586432934,0.007713728584349155,-0.003952322993427515
0.03181202709674835,0.007424327079206705,0.007097442634403706,0.0009919116273522377,0.02196173183619976,-0.00038335160934366286,0.0053007714450359344,0.0005934187211096287,-0.004333262797445059,-0.0005801207153126597,0.024691805243492126,0.025754813104867935,0.0376325286924839,0.049113161861896515,-0.00036248567630536854,0.1495015174150467,0.011743191629648209,-0.08731978386640549,-0.019656522199511528,-0.04112493246793747,-0.025449829176068306,0.014206410385668278,0.00015785904543008655,0.005305841099470854,0.007266397587954998,0.00784778781235218,-0.0032114065252244473
0.0370340533554554,0.0007873720023781061,0.008165130391716957,0.0004156172799412161,0.02285318821668625,-0.000333807518472895,0.009679933078587055,0.0004980654921382666,-0.000998937408439815,-0.00041317823342978954,0.02472849376499653,0.023209229111671448,-0.02235090173780918,0.06334888190031052,0.04177125170826912,0.014934959821403027,0.031305521726608276,-0.09685368835926056,-0.009481575340032578,-0.02817295491695404,-0.0066714356653392315,0.03085925802588463,9.450942889088765e-05,0.008965551853179932,0.01753971353173256,0.010360798798501492,-0.0036775267217308283
0.02754613198339939,-0.005180295556783676,0.010959520936012268,-8.149936911650002e-05,0.022285815328359604,-0.0008062024717219174,-0.0009134838473983109,0.00027812120970338583,-0.00441000098362565,-0.0003310989704914391,0.02202734537422657,-0.014479562640190125,-0.012313744984567165,0.005712045356631279,0.019658872857689857,-0.04348520562052727,0.0214023869484663,0.004492161329835653,-0.024888884276151657,0.0046350425109267235,-0.011269968003034592,0.03650153428316116,0.00024711963487789035,0.013740772381424904,0.0013437612215057015,0.008519718423485756,-0.0041330959647893906
-0.018468407914042473,0.0014631442027166486,0.009131425060331821,7.214400102384388e-05,-0.012787365354597569,-0.0004087486886419356,-0.001384698087349534,0.0006841267459094524,-0.004753602668642998,-0.00045455782674252987,0.024789687246084213,0.024718530476093292,-0.030210265889763832,-0.014647022821009159,-0.0014825775288045406,0.04033326730132103,-0.011300274170935154,-0.016629446297883987,-0.001249777851626277,-0.04955042153596878,0.023142509162425995,-0.006167176179587841,0.0001616174849914387,0.002936677308753133,0.00763464393094182,0.010302625596523285,-0.0047490778379142284
-0.009997988119721413,-4.887879185844213e-06,0.007937131449580193,5.8740359236253425e-05,-0.004562212619930506,-0.0004559890949167311,-0.0002590896328911185,0.0006937334546819329,-0.0034257841762155294,-0.0006258878274820745,0.026231467723846436,0.023154987022280693,0.00975470058619976,0.027302738279104233,-0.007133855018764734,0.10415305197238922,0.055406805127859116,0.030910992994904518,-0.0007913846056908369,-0.0222685094922781,0.01955696940422058,0.0030603876803070307,0.0001247542822966352,0.003197559155523777,0.005732804071158171,0.012340839020907879,-0.004649356473237276
-0.01968580298125744,-0.0007504869718104601,0.007396693341434002,7.140955131035298e-05,-0.012239841744303703,-0.0003700302622746676,-0.0003544322098605335,0.0006955418502911925,-0.004450046923011541,-0.0006833176012150943,0.008180879056453705,0.02729402482509613,-0.01110510341823101,0.020105890929698944,-0.016166774556040764,0.046743959188461304,-0.004597623832523823,-0.004614649340510368,-0.003513396019116044,-0.05416110157966614,0.00223171547986567,-0.007640251889824867,0.00012837772374041378,0.0015885676257312298,0.00783047080039978,0.013262067921459675,-0.005452056881040335
-0.022006595507264137,0.0035303777549415827,0.00436034332960844,-0.000116842842544429,-0.009303870610892773,-0.00034950795816257596,-0.0012584867654368281,0.0004920881474390626,-0.007940251380205154,-0.000499520858284086,0.022852376103401184,-0.019398409873247147,-0.02252054400742054,-0.004730743821710348,-0.00854375958442688,0.048074230551719666,0.03924332559108734,0.002861578017473221,0.0023266933858394623,-0.05887718126177788,0.016627268865704536,-0.0031638233922421932,0.0001777302095433697,0.0020777867175638676,0.000468747311970219,0.011282960884273052,-0.003962953574955463
-0.011394517496228218,-0.0003333180502522737,0.003607950173318386,-0.0004258621484041214,-0.012962495908141136,-0.0003213791933376342,-0.001455660560168326,0.0005416676867753267,-0.003927687183022499,-0.0005598386633209884,0.02307162992656231,-0.008534186519682407,-0.04974110797047615,0.04221181198954582,0.006033503450453281,0.08105529844760895,0.039553817361593246,0.11317622661590576,0.00516846589744091,0.015284939669072628,0.004147012252360582,0.022419584915041924,0.00017877575010061264,-0.0008444348350167274,-0.003000436117872596,0.0072882771492004395,-0.0035645656753331423
-0.03889888525009155,-0.007515313569456339,0.014878986403346062,-0.0006512015825137496,0.02187962457537651,-0.0009953462285920978,0.004952163901180029,0.000201627699425444,0.017704389989376068,-0.0006787977181375027,0.020152369514107704,0.031478364020586014,-0.03878530487418175,-0.040778495371341705,-0.0021689715795218945,-0.08859600871801376,-0.11044754832983017,-0.0595155730843544,-0.017846688628196716,-0.0376361720263958,0.015580931678414345,-0.013552393764257431,8.803250966593623e-05,0.027466358616948128,0.0007178084924817085,0.005111618898808956,-0.005801857449114323
-0.024886218830943108,0.0024576219730079174,0.007840710692107677,0.00016827465151436627,0.020961161702871323,-0.001209593378007412,0.004162222612649202,0.0002704501966945827,-0.0040872651152312756,-0.0007158525986596942,0.028716210275888443,-0.012676980346441269,-0.05675270035862923,0.02340218611061573,0.0018259421922266483,-0.08793818950653076,0.030173800885677338,-0.06620726734399796,0.005177111364901066,-0.022747250273823738,-0.024548547342419624,-0.01681789942085743,0.00023639685241505504,0.01587532088160515,0.003943220246583223,0.005489861126989126,-0.004810783080756664
-0.039864473044872284,-0.03359929844737053,0.0021951308008283377,0.0006021912558935583,0.020233670249581337,-0.0023829524870961905,-0.009090950712561607,0.0002918701502494514,0.001017705537378788,-0.00037191572482697666,0.012132572941482067,0.02589927799999714,-0.20738080143928528,-0.5162739157676697,-0.09949731826782227,-0.2205846905708313,-0.039735741913318634,-0.34593984484672546,-0.0333474725484848,-0.09110743552446365,-0.24321648478507996,-0.04108211025595665,0.00014651907258667052,-0.03926655650138855,-0.015588270500302315,0.0042840540409088135,-0.004203647840768099
0.012693916447460651,-0.009972733445465565,0.006881064269691706,0.0005760460044257343,0.023569796234369278,-0.0007560964440926909,-0.0038296899292618036,0.0004270762437954545,0.01876707375049591,-0.0003498942533042282,0.018019050359725952,0.03517325222492218,-0.07857929915189743,-0.3220670521259308,-0.05551457405090332,-0.06137328967452049,0.034367386251688004,-0.10354118049144745,-0.01931629329919815,0.019052088260650635,-0.048739414662122726,0.015473708510398865,0.00014651907258667052,-0.021199677139520645,-0.004822064191102982,0.006116402801126242,-0.0033735933247953653
0.016293775290250778,-0.008215188048779964,0.006348052062094212,0.0006851106882095337,0.02067694626748562,-0.0007563375402241945,-0.0014069749740883708,0.0004270762437954545,0.02266797609627247,-0.0005253871786408126,0.019782420247793198,0.03684529662132263,-0.053873460739851,-0.24499450623989105,-0.03767238184809685,-0.009129159152507782,0.042518213391304016,-0.03038656897842884,-0.015028620138764381,0.03830588981509209,-0.019357558339834213,0.028695305809378624,0.00014171724615152925,-0.014951770193874836,0.0024170272517949343,0.007046069018542767,-0.003350429469719529
0.1708976775407791,0.0011220641899853945,0.004969639703631401,0.000692780246026814,0.018389912322163582,-4.2435156501596794e-05,0.0002133326488547027,0.0007639400428161025,0.02982890047132969,-0.00034852989483624697,0.019605524837970734,0.044131092727184296,0.048039644956588745,-0.08238726854324341,-0.021381190046668053,-0.04684114456176758,0.06709342449903488,0.06679574400186539,0.018495164811611176,0.04452364891767502,-0.050642229616642,0.045172810554504395,0.0002541721914894879,-0.011145238764584064,0.003249172354117036,0.00911468081176281,-0.0021013638470321894
0.0317133329808712,0.0015430694911628962,0.0023420366924256086,-6.57325072097592e-05,-0.015480431728065014,-0.00035811986890621483,-0.00042871275218203664,0.000544296985026449,-0.009401215240359306,-0.0006190798012539744,0.015054915100336075,-0.014690791256725788,0.1881159245967865,0.012367579154670238,0.000980560202151537,0.03919381648302078,0.012202417477965355,-0.03273981064558029,0.00911687407642603,0.25034794211387634,-0.041735220700502396,0.04475095123052597,0.00011923488636966795,-0.0026543333660811186,0.005762309767305851,0.01073252223432064,-0.0028243823908269405
-0.02756550721824169,-0.008883417584002018,-0.037362392991781235,1.0126985216629691e-05,0.011057039722800255,-0.0005394723266363144,-0.0011236048303544521,0.0003953415434807539,-0.0052169631235301495,-0.0003939325106330216,0.037514932453632355,-0.014802556484937668,0.018092067912220955,0.01840043067932129,0.017055673524737358,-0.03930486738681793,-0.024898184463381767,0.017851805314421654,0.01675513945519924,-0.027984563261270523,-0.01111031323671341,-0.036904316395521164,0.0002568485797382891,-0.03522510826587677,-0.005050364416092634,0.010383427143096924,-0.00533533189445734
0.0701814815402031,-0.004167977720499039,0.013555909506976604,0.00035934828338213265,0.011575826443731785,-0.0007368360529653728,-0.0009343677666038275,0.00044586267904378474,0.029101330786943436,-0.0010916892206296325,0.020559711381793022,0.034855011850595474,0.030556494370102882,0.03487870469689369,-6.864207534817979e-05,-0.018617505207657814,0.01834612525999546,0.0035808808170259,-0.008602341637015343,0.009749901480972767,-0.01922512799501419,-0.0737837478518486,0.00032673982786946,-0.023335177451372147,0.006383667699992657,0.006112392526119947,-0.005302817560732365
0.04743321239948273,0.00015755154890939593,0.015742098912596703,9.952245454769582e-05,0.022438587620854378,-0.0007458878681063652,-0.00152862211689353,-0.004101226571947336,-0.004622955806553364,-0.0006044548354111612,0.014501860365271568,0.016187680885195732,0.004282212350517511,0.015101395547389984,0.010158712975680828,0.10460737347602844,-0.017497340217232704,-0.055217087268829346,-0.0056307315826416016,0.00835487898439169,-0.015268797054886818,-0.015171343460679054,0.0001821233454393223,0.018981946632266045,0.015502925030887127,0.007761641871184111,-0.00623719859868288
-0.02599399909377098,0.006303741130977869,0.013319777324795723,-0.0008171055815182626,0.023621397092938423,-0.0005634187255054712,0.011637589894235134,0.0005662535550072789,-0.0026331914123147726,-0.0005774349556304514,0.016633203253149986,-0.007187569048255682,0.0002693713176995516,0.0023104462306946516,0.03972591832280159,0.10113821923732758,-0.013654395006597042,-0.07179152965545654,0.03083052858710289,0.01332644559442997,-0.015493436716496944,0.0626712515950203,0.00021565014321822673,0.01651628315448761,0.01354444120079279,0.0067400624975562096,-0.0036865489091724157
-0.0032574827782809734,0.0012738090008497238,0.004225239623337984,0.0007481632055714726,-0.009890173561871052,-0.00034499538014642894,0.00026788661489263177,0.0005217334255576134,-0.002246703952550888,-0.0004256180545780808,0.02651987411081791,0.023695312440395355,0.026465237140655518,0.086923748254776,0.02712690643966198,0.10457080602645874,0.07137824594974518,0.12392675131559372,-0.004723824094980955,0.03303280100226402,0.04410874843597412,0.030624210834503174,0.0002093412185786292,0.0023210470099002123,0.005936136934906244,0.009291582740843296,-0.0035222205333411694
-0.02986959181725979,-0.0007328097126446664,-0.05701879411935806,8.105801680358127e-05,-0.008955510333180428,-0.00044888927368447185,-0.0005528355832211673,0.00020967544696759433,-0.004757653456181288,-0.0004953923053108156,0.025106750428676605,0.0339106023311615,0.005513953045010567,-0.02579205483198166,-0.019512200728058815,-0.04787996783852577,-0.14594650268554688,0.11632052809000015,-0.010812103748321533,-0.029586687684059143,-0.09511023014783859,-0.16972807049751282,5.0189777539344504e-05,0.02897465229034424,0.013608155772089958,0.008201487362384796,-0.005614828318357468
0.052355073392391205,0.004341393243521452,0.007323354482650757,0.0010089094284921885,-0.00388389197178185,-0.00041240386781282723,-0.001192992553114891,0.00017463081167079508,-0.004292073659598827,-0.00020819783094339073,0.020941315218806267,0.020603401586413383,0.000954975257627666,0.02149483561515808,0.010085051879286766,-0.03562222793698311,-0.020152928307652473,0.07353239506483078,8.495757356286049e-05,0.004946304485201836,-0.04096542298793793,0.00793221965432167,0.000123949081171304,0.01138256210833788,0.007857302203774452,0.009584727697074413,-0.0035572368651628494
-0.021573692560195923,-0.0018389911856502295,0.003950196318328381,-0.0010248242178931832,0.014679543673992157,-0.0005032853223383427,-0.0007364043267443776,0.0003179351333528757,-0.0032871663570404053,-0.0006928210495971143,0.026779891923069954,-0.016644787043333054,-0.020781569182872772,-0.023259079083800316,0.013136263936758041,-0.06036292016506195,0.028997084125876427,0.06540560722351074,-0.025737127289175987,-0.011882621794939041,0.0027149340603500605,0.007303951773792505,0.00021102548635099083,0.006760227959603071,-0.0034926370717585087,0.006726798135787249,-0.004849656019359827
0.012181052938103676,-0.0038842966314405203,0.006146895699203014,0.0021757695358246565,0.016330644488334656,-0.0008576601976528764,-0.0018081879243254662,0.00017908694280777127,-0.0036910490598529577,-0.0007077857735566795,0.015964435413479805,-0.0129233468323946,-0.06493701040744781,-0.025551894679665565,0.01559267658740282,-0.07272496819496155,0.010804928839206696,-0.0049610137939453125,-0.021593142300844193,-0.03283520042896271,-0.007969007827341557,0.004377719480544329,0.00021596637088805437,0.009242335334420204,0.0013069291599094868,0.007020523771643639,-0.005084480624645948
0.008333172649145126,-0.00599479116499424,0.004065023269504309,-0.0021452740766108036,0.012932569719851017,-0.0007680983399040997,-0.001601002411916852,0.00012617112952284515,-0.004155540373176336,-0.000700277800206095,-0.0006417437689378858,-0.013827137649059296,-0.054027196019887924,-0.035478007048368454,0.008571252226829529,-0.09389021247625351,-0.0072525013238191605,0.04918862134218216,-0.03331650793552399,-0.030718117952346802,-0.01771051436662674,-0.022603802382946014,0.00026242039166390896,0.010119284503161907,-0.00547542842105031,0.006494525354355574,-0.0048332372680306435
0.006425146013498306,-0.006378808058798313,0.004351496696472168,-0.008748144842684269,0.01166160311549902,-0.0008174648974090815,-0.0007836289005354047,0.00012865441385656595,-0.005092398263514042,-0.00046896192361600697,-0.01140579953789711,-0.014439178630709648,-0.04256122186779976,-0.04225710406899452,0.0011713276617228985,-0.09021970629692078,-0.007385067641735077,0.04416251927614212,-0.03644789382815361,-0.027750637382268906,-0.02491874434053898,-0.024491682648658752,0.0002324290107935667,0.008053072728216648,-0.006104225758463144,0.00615346385166049,-0.0047334181144833565
0.025557035580277443,0.016566943377256393,0.00719941733404994,9.86817613011226e-05,0.03442259132862091,-0.0005845281411893666,0.002021860098466277,0.0021245721727609634,0.05957565829157829,-8.249542588600889e-06,-0.0459502711892128,-0.011317810975015163,0.058302994817495346,0.4981600344181061,0.02894067019224167,0.19591622054576874,0.031873784959316254,-0.062334176152944565,0.02443194016814232,0.06733882427215576,0.17754341661930084,0.24001477658748627,0.0004065363318659365,0.020487148314714432,0.011901967227458954,0.012227674946188927,-0.0032862122170627117
-0.03056439571082592,-0.008434795774519444,0.009609193541109562,0.000963241676799953,0.031054500490427017,-0.0027436972595751286,0.00443139486014843,0.0002915112127084285,0.032972875982522964,-0.0005896309157833457,0.027604447677731514,0.024030648171901703,-0.017167262732982635,0.04196341335773468,-0.039319392293691635,-0.04393765702843666,-0.01498718187212944,-0.04737447202205658,-0.011409972794353962,-0.018956242129206657,-0.03379147872328758,-0.0008140926947817206,0.0001369139354210347,0.01617293246090412,-0.002590310061350465,-0.0456744059920311,-0.004559807479381561
0.07889588922262192,0.0016635966021567583,-0.008182622492313385,0.00084641546709463,0.008737113326787949,-0.0003171150165144354,-0.0008299720357172191,0.00022948045807424933,-0.001624477095901966,-0.0002468454767949879,0.014925607480108738,0.01019398681819439,-0.03972602263092995,0.01969325728714466,0.007820256054401398,-0.036906782537698746,-0.012237215414643288,0.0672748014330864,0.011330162174999714,-0.009045346640050411,0.17869801819324493,0.02169150672852993,8.893461927073076e-05,0.009760964661836624,0.004199025221168995,0.008782932534813881,-0.002659702207893133
0.099802166223526,0.0012191717978566885,0.002790202386677265,9.745177521836013e-05,-0.023567980155348778,-0.0002648706722538918,0.017231829464435577,0.00046252040192484856,-0.007790345698595047,-0.0002910288458224386,0.015712374821305275,-0.03197599947452545,0.006801800336688757,-0.269222617149353,0.013310784474015236,-0.008343296125531197,0.034569378942251205,0.05035804957151413,-0.007575874216854572,0.01991819031536579,-0.009443637914955616,0.021143419668078423,0.00017373909940943122,0.0011130436323583126,-0.0009514142293483019,0.012905850075185299,-0.002553179394453764
-0.014265891164541245,-0.0022647182922810316,0.004618004430085421,-0.0001366070646326989,0.02266037091612816,-0.0006060445448383689,-0.00215515517629683,0.0005074287764728069,0.037410885095596313,-0.0009992447448894382,0.02685302123427391,-0.009852654300630093,0.22218933701515198,0.00047835378791205585,-0.010334580205380917,0.11357400566339493,0.046175774186849594,-0.13075284659862518,0.05207030847668648,0.009927873499691486,0.10408282279968262,-0.004047804046422243,0.0001795795396901667,0.0018612074200063944,-0.008904744870960712,0.005988622084259987,-0.0033205715008080006
-0.030890051275491714,-0.009887243621051311,0.004408387932926416,1.3650280379806645e-05,0.026253465563058853,-0.000517809356097132,0.01000181119889021,0.0004828213423024863,0.05232445150613785,-0.0004676826938521117,-0.33273592591285706,-0.014690160751342773,-0.0011045936262235045,0.30319279432296753,-0.005224584601819515,0.07804977893829346,0.02552509680390358,-0.039000608026981354,0.009006614796817303,0.016052527353167534,0.019702380523085594,-0.01395726390182972,0.0001714398676995188,-0.011692083440721035,-0.0037358375266194344,0.010052314028143883,-0.003422400914132595
0.009173739701509476,-0.008052371442317963,0.006634964141994715,0.0004959772923029959,-0.015125484205782413,-0.0002564891765359789,-9.384909935761243e-05,0.0003221424703951925,-0.004850173834711313,-0.0003653348539955914,0.015378400683403015,0.017665274441242218,-0.04662427678704262,0.039594169706106186,-0.017140647396445274,0.030563296750187874,-0.13723309338092804,0.05764148011803627,-0.03235016018152237,-0.06488947570323944,-0.03333161771297455,0.007470162119716406,8.158972195815295e-05,0.015518774278461933,0.00344048417173326,0.009828377515077591,-0.0034102152567356825
-0.02296711504459381,-0.0037393781822174788,0.007914225570857525,-0.00039606954669579864,0.01878795400261879,-0.0004002302885055542,0.005936792120337486,0.0003821364662144333,-0.006577655673027039,-0.0009719227673485875,0.01733352057635784,-0.019054509699344635,-0.04335456341505051,0.0038886205293238163,-0.0036794361658394337,0.04526466503739357,-0.0038452325388789177,-0.20541664958000183,0.014013629406690598,-0.06796304136514664,-0.011071543209254742,-0.017279217019677162,0.00012515572598204017,0.006343318615108728,-0.005708320531994104,0.007900476455688477,-0.004894836340099573
-0.024017557501792908,0.006702646613121033,0.005113361869007349,-0.00016043362847995013,-0.022601719945669174,-0.0005709916586056352,-0.0020872619934380054,0.0004943822277709842,-0.007572372443974018,-0.0007697944529354572,0.02335832267999649,-0.015639616176486015,-0.06530781090259552,-0.029858097434043884,-0.005021070595830679,0.011837003752589226,-0.005123624578118324,-0.04498257115483284,-0.0011937390081584454,-0.01359451562166214,-0.007168610114604235,-0.031303901225328445,9.496245183981955e-05,0.0021133602131158113,0.0013571997405961156,0.01240724977105856,-0.005410927347838879
-0.021867785602808,0.0070836953818798065,0.004602063912898302,-0.00011983610602328554,-0.022719012573361397,-0.0005694152205251157,-0.0014217550633475184,0.0005349607672542334,-0.006843558046966791,-0.0007562131504528224,0.018596461042761803,-0.013846921734511852,-0.05626288801431656,-0.015562272630631924,0.006941555999219418,0.028096048161387444,-0.004665114916861057,-0.04807238280773163,-0.00044998753583058715,0.011629420332610607,0.014551805332303047,-0.022548165172338486,9.39027959248051e-05,0.0006806927849538624,0.0030690596904605627,0.013375429436564445,-0.0049849203787744045
-0.02602919563651085,-0.0013768060598522425,0.005587808787822723,-0.00012676327605731785,0.008734399452805519,-0.00043440109584480524,-0.001072087325155735,0.0002455643261782825,-0.003412035061046481,-0.00048314695595763624,0.023786086589097977,0.018565842881798744,-0.021834107115864754,0.006170694716274738,0.0004810667596757412,-0.05615847930312157,0.010113371536135674,0.06541379541158676,-0.012931015342473984,-0.015531961806118488,-0.015335018746554852,-0.014107009395956993,0.00015510476077906787,0.008894571103155613,0.0006437142146751285,0.005472601391375065,-0.004094550386071205
-0.04064255580306053,-0.00367539725266397,0.008226749487221241,-0.00020234152907505631,-0.02268192544579506,-0.0007565360283479095,-0.001329830614849925,0.00022140704095363617,-0.005257433746010065,-0.00037913164123892784,0.019675392657518387,0.01465565711259842,0.009494359605014324,0.004507941193878651,-0.012007399462163448,-0.07127176970243454,-0.061367664486169815,0.024965591728687286,-0.0257228072732687,-0.024689719080924988,-0.03843959420919418,0.00972710270434618,7.53095664549619e-05,0.028350692242383957,0.010912425816059113,0.007716365158557892,-0.0032343140337616205
0.029276486486196518,0.003964027389883995,0.004382305312901735,0.0002303513028891757,-0.011293229646980762,-0.00064316694624722,-0.00020386021060403436,0.0002196561690652743,-0.0029115797951817513,-0.0003151601122226566,0.018750201910734177,0.019862638786435127,0.0006115259020589292,0.025155045092105865,0.01364079862833023,-0.005109544377774,0.035351015627384186,0.07246436178684235,0.014719805680215359,0.001468270318582654,-0.010409707203507423,-0.004467735532671213,0.00018266119877807796,0.007147918455302715,-0.0014517756644636393,0.009854582138359547,-0.0033423658460378647
-0.042925894260406494,-0.010260901413857937,-0.03613723814487457,0.0001611378975212574,0.012285465374588966,-0.0004492835432756692,-0.0011285130167379975,0.00022768485359847546,-0.01038913894444704,-0.0006123679340817034,-0.08572955429553986,-0.018540482968091965,-0.006258880253881216,-0.06629233807325363,-0.0023823005612939596,-0.035069599747657776,-0.04408125951886177,-0.017781533300876617,-0.01133333146572113,-0.0487770214676857,-0.0647052675485611,0.04704113304615021,0.0002611795789562166,-0.028245480731129646,-0.004054260440170765,0.010719403624534607,-0.002914845012128353
-0.03596989065408707,-0.00356451328843832,-0.017082175239920616,9.110677638091147e-06,0.009292359463870525,-0.0003292476467322558,-0.0007007246022112668,0.00047194049693644047,-0.004397677723318338,-0.0003175110323354602,-0.05620753392577171,-0.009409470483660698,0.015907008200883865,-0.013451783917844296,0.0007252918439917266,0.05706403777003288,-0.0038293516263365746,0.05545775964856148,-0.005395723506808281,0.23876824975013733,0.045042797923088074,0.03288179636001587,0.00030893782968632877,-0.014739989303052425,0.0026606619358062744,0.009189050644636154,-0.002713167341426015
0.0257433895021677,-0.003555183531716466,0.00491798622533679,0.0001187352099805139,-0.015284707769751549,-0.0007459305925294757,-0.00026623604935593903,0.0003317974624224007,-0.004219007678329945,-0.00035330819082446396,0.017953041940927505,0.02460331842303276,0.035576194524765015,0.020457904785871506,0.003588114632293582,-0.009857859462499619,0.006074979901313782,0.07330629974603653,-0.022921862080693245,0.0160507932305336,-0.0171316210180521,-0.01665922999382019,9.128585224971175e-05,0.0031735748052597046,0.0016650405013933778,0.010660174302756786,-0.002963708946481347
-0.025733735412359238,0.006768842693418264,0.0049988883547484875,-0.0002546003961469978,-0.016322366893291473,-0.0006589277763850987,-0.0009445374016650021,0.00041286490159109235,-0.0044857836328446865,-0.0002727213141042739,0.021574627608060837,-0.01593964919447899,-0.053037483245134354,-0.016193702816963196,0.007809546310454607,-0.0655956044793129,-0.00647776061668992,-0.01907491497695446,0.005576833616942167,0.009562772698700428,0.019971759989857674,0.022671710699796677,0.00016697650426067412,0.012568920850753784,0.0031485611107200384,0.011204466223716736,-0.005916114896535873
-0.021682875230908394,-0.005478698760271072,0.006555528845638037,0.00020816948381252587,-0.009637072682380676,-0.0005549467168748379,-0.001565963146276772,0.00043005685438401997,-0.004845700692385435,-0.00040747388266026974,0.02335595339536667,0.020062020048499107,0.0031009335070848465,0.0252199899405241,-0.0029778482858091593,0.10030144453048706,0.04268734157085419,0.025783007964491844,-0.011512328870594501,0.029673289507627487,-0.03442724794149399,0.0053563606925308704,9.80912009254098e-05,0.0031570179853588343,0.0038174139335751534,0.010208682157099247,-0.0038999158423393965
-0.020158415660262108,-0.005310749635100365,0.008004611358046532,0.00017224576731678098,-0.010978816077113152,-0.0003535047871991992,-0.001236837706528604,0.00043356887181289494,-0.004899719730019569,-0.0002907842572312802,0.020118966698646545,0.019964423030614853,-0.003006358165293932,0.018250178545713425,-0.008990131318569183,0.05789484083652496,0.04183010384440422,-0.023503514006733894,-0.011471702717244625,0.02772996947169304,0.002927785972133279,0.0004932486917823553,8.262127812486142e-05,0.002378517761826515,-0.0003876151458825916,0.011831372044980526,-0.004040214698761702
-0.023883633315563202,-0.0047301556915044785,0.01103693526238203,0.0001094442413887009,-0.012468928471207619,-0.0006904691690579057,-0.0013442732160910964,0.0002167055499739945,-0.0043211327865719795,-0.00035823657526634634,0.02025001309812069,0.026482772082090378,-0.009639343246817589,-0.008279013447463512,-0.003965039737522602,-0.05513865128159523,-0.010983898304402828,0.004815870895981789,-0.01300731860101223,-0.01937873661518097,0.017048265784978867,-0.022450082004070282,0.00018801193800754845,0.004075716249644756,-0.0042841811664402485,0.011383106000721455,-0.00536197517067194
0.02010933682322502,0.0014406531117856503,0.005888990126550198,0.00028424945776350796,-0.006528331898152828,-0.0005035757785663009,-0.0003217922931071371,0.000259191234363243,-0.0033315543550997972,-0.00044128228910267353,0.021600021049380302,0.023856114596128464,-0.015793243423104286,0.016869591549038887,-0.0021084086038172245,-0.002773105399683118,0.02769317850470543,0.06301306188106537,-0.008649138733744621,0.0019434525165706873,0.0035085019189864397,0.013826080597937107,0.00010888676479225978,0.004829696845263243,-0.0026323776692152023,0.010872249491512775,-0.00427835900336504
0.044907428324222565,-0.005733955185860395,0.004453669302165508,-0.0029760622419416904,0.01686052791774273,-0.001201828010380268,-0.0017529769102111459,0.00023542418784927577,-0.005737560801208019,-0.00028891910915262997,0.0057775704190135,-0.016446322202682495,0.03816212713718414,-0.009918071329593658,0.020306719467043877,-0.061757009476423264,0.0005700464826077223,0.05900556594133377,-0.02562578395009041,-0.004320657812058926,-0.02509974129498005,0.006549119018018246,0.0003236131160520017,0.003842287929728627,-0.0037964789662510157,0.007951322942972183,-0.003744221990928054
0.045097921043634415,-0.005008262116461992,0.012371459975838661,-0.0026602311991155148,0.007649960462003946,-0.0003384341252967715,-0.0020404160022735596,0.00026082253316417336,-0.0042220898903906345,-0.00037362659350037575,0.025594698265194893,0.029027100652456284,-0.030619461089372635,0.031761765480041504,0.006938818376511335,-0.04136902093887329,0.010341256856918335,-0.01918482407927513,-0.00894161593168974,-0.0374654196202755,-0.04310121014714241,0.015970934182405472,0.00011240528692724183,0.011264157481491566,0.009129519574344158,0.010233823210000992,-0.003913921304047108
-0.018083343282341957,0.004561465699225664,0.008211169391870499,-0.00013954959285911173,0.023075822740793228,-0.000493541534524411,-0.0020028366707265377,0.0005684669595211744,-0.006761989090591669,0.011184637434780598,0.027025293558835983,-0.013944774866104126,0.04040808230638504,0.008666105568408966,-0.013838058337569237,0.08882667869329453,0.03310229256749153,-0.09565724432468414,0.04375360533595085,-0.04772493243217468,0.01816786825656891,-0.009547585621476173,0.00013824497000314295,0.0002147429040633142,-0.0074919783510267735,0.007791216019541025,-0.004196207504719496
0.029369007796049118,0.005158202722668648,0.00477970764040947,0.00012183841317892075,-0.022593243047595024,-0.0003843613085336983,-0.002644600346684456,0.000798884080722928,-0.007055213209241629,-0.0007762719760648906,-0.3790287971496582,-0.016713425517082214,-0.0009044026373885572,0.06492096930742264,0.009472477249801159,0.05351034551858902,0.009774797596037388,-0.02811182104051113,-0.021240515634417534,0.011914609931409359,-0.017684562131762505,0.06555194407701492,7.699798152316362e-05,0.00430993502959609,0.0074152578599750996,0.01704973168671131,-0.0035332932602614164
-0.04749402776360512,0.0035153909120708704,0.006231736391782761,4.045246168971062e-05,0.012602806091308594,-0.0005012241308577359,-0.002265501767396927,0.0005551873473450541,0.014523407444357872,-0.0016474700532853603,0.0247826986014843,0.009086093865334988,-0.0019571015145629644,0.0007773716351948678,-0.010157973505556583,0.07972041517496109,0.038589876145124435,-0.04095537215471268,0.004408970475196838,-0.034436196088790894,0.009916936978697777,-0.011784911155700684,0.00014678692969027907,-0.0001894922024803236,-0.011600936762988567,0.007324529811739922,-0.0033360181841999292
-0.04028334096074104,0.0025459849275648594,0.01236383244395256,0.00015393573266919702,0.01150674931704998,-0.0008319095941260457,-0.0012484983308240771,0.0002592944074422121,0.01953682117164135,-0.0011300912592560053,0.027346566319465637,0.016694379970431328,0.018815461546182632,0.012275160290300846,0.0068322401493787766,0.0018302458338439465,0.029054366052150726,0.006925836205482483,0.012544726952910423,0.001919809728860855,-0.02277541160583496,0.021303029730916023,0.00015496260311920196,0.004044575151056051,-0.0019701856654137373,0.007919256575405598,-0.0029992759227752686
0.0393868051469326,0.0009339656680822372,0.005050939973443747,-0.0002651984104886651,-0.009863175451755524,-0.00036233451100997627,-0.0012471441878005862,0.00027057615807279944,-0.00329271936789155,-0.00030850080656819046,0.004748273175209761,0.021682703867554665,-0.05891593545675278,0.02117139659821987,0.010684100911021233,-0.030845658853650093,0.014428544789552689,0.021812962368130684,0.012032502330839634,-0.013257646933197975,-0.006437390577048063,-0.012539573945105076,0.00010034127626568079,0.007903922349214554,0.0013657539384439588,0.011438277550041676,-0.0034034454729408026
0.008144455030560493,-0.0017457142239436507,0.000995564740151167,0.0004996589850634336,-0.022505534812808037,-0.0009026858024299145,-0.0005413505714386702,0.00030897013493813574,-0.004891244228929281,-0.0006623765802942216,-0.008824799209833145,0.02027783915400505,0.019616587087512016,0.0066342344507575035,-0.028372960165143013,-0.0345052145421505,0.017383335158228874,0.05986257269978523,-0.04737265780568123,-0.024436764419078827,-0.030771426856517792,0.013916503638029099,7.4872878030873835e-06,0.0018798637902364135,-0.0021153888665139675,0.013156556524336338,-0.002757836366072297
0.04937858134508133,-0.0019193985499441624,0.0064441668801009655,7.628638559253886e-05,-0.012681595981121063,-0.0010411592666059732,-0.0011116417590528727,0.0002673339913599193,-0.004728994332253933,-0.0002985670871566981,0.023087332025170326,0.02587357722222805,0.023660773411393166,0.014457538723945618,0.0025184922851622105,-0.0749736875295639,0.012591737322509289,0.022692453116178513,0.00027391896583139896,0.005142408888787031,-0.023604705929756165,0.03595595061779022,0.00015432099462486804,0.011395392008125782,0.00915402639657259,0.010543798096477985,-0.0028782549779862165
0.020142599940299988,0.004038554150611162,0.007076309993863106,-5.4262171033769846e-05,0.018409334123134613,-0.0003834592062048614,-0.001606962876394391,0.00038601068081334233,0.02078966423869133,-0.0009545531356707215,0.01766153983771801,0.012963430024683475,0.07061240077018738,-0.033767472952604294,0.0013367534847930074,0.05054502934217453,0.025252679362893105,-0.055278148502111435,0.009477134793996811,-0.02570146881043911,-0.03395968675613403,0.021489225327968597,0.00011119262489955872,0.001381286303512752,-0.010156750679016113,0.008851530961692333,-0.0028137050103396177
0.01555107906460762,-0.015224318951368332,0.006371882278472185,-0.00013600135571323335,0.020412461832165718,-0.0005087153986096382,-0.0014651252422481775,0.00019178677757736295,0.024216998368501663,-0.001484176144003868,0.028087308630347252,-0.013253334909677505,0.05792432650923729,-0.017972080036997795,-0.03145726025104523,0.11093397438526154,0.019482752308249474,-0.10863035172224045,0.02541513741016388,-0.0040496462024748325,0.0024301260709762573,-0.033787358552217484,0.00018811391782946885,0.0004958739737048745,-0.011279193684458733,0.006620035041123629,-0.0035987626761198044
-0.01998785138130188,-0.003734807251021266,0.006752016022801399,0.00026795107987709343,0.01160375028848648,0.007057228125631809,-0.0017425173427909613,0.0003291182511020452,-0.0031715123914182186,-0.0003878753341268748,0.029534155502915382,-0.015883971005678177,-0.004994666203856468,0.0017119620461016893,0.025500984862446785,-0.003258475800976157,0.054691411554813385,0.08470237255096436,0.014753487892448902,-0.012389902025461197,0.02129189483821392,-0.004685395397245884,1.6645850337226875e-05,0.005805776454508305,-0.00208784150891006,0.006348010618239641,-0.004041345324367285
0.013056636787950993,0.0038193613290786743,0.006519857328385115,7.021684723440558e-05,0.02376713417470455,0.014737250283360481,-0.0003654967586044222,0.0004612994089256972,-0.006486664991825819,-0.0005429871380329132,0.03216024860739708,-0.01793486811220646,0.0029794625006616116,-0.0018525636987760663,0.014409809373319149,0.003768843598663807,0.06718520820140839,-0.03649456053972244,0.004343539010733366,0.016221916303038597,0.02347801811993122,0.029851891100406647,0.0002858048537746072,-0.026625443249940872,0.020800042897462845,0.01112612895667553,-0.004269199911504984
0.022069022059440613,-0.0053718965500593185,0.008529670536518097,-4.418469325173646e-05,0.01965578831732273,0.00881210621446371,-0.0023185238242149353,0.0002472025225870311,-0.005057313945144415,-0.0013147208373993635,0.02577541396021843,-0.017113568261265755,-0.06479211896657944,-0.011584091000258923,-0.02234853245317936,0.07584814727306366,0.024939358234405518,-0.1235329732298851,0.006520089693367481,-0.06000518053770065,-0.02354796603322029,0.004026185255497694,0.00014661488239653409,0.006191391032189131,0.0030430860351771116,0.008294719271361828,-0.003975484054535627
0.0324021577835083,0.008431538939476013,-0.02840181440114975,0.0014977988321334124,0.01102201733738184,-0.0006580106564797461,-0.00048431946197524667,0.0001426491216989234,-0.0035910732112824917,-0.0003989357501268387,0.0212691742926836,-0.011128154583275318,0.021912163123488426,0.01118918601423502,0.013080717995762825,-0.01807335950434208,0.0018397436942905188,0.10133770853281021,0.012126731686294079,0.013263021595776081,-0.0054617999121546745,0.06258364021778107,0.0002311321732122451,0.02676948346197605,0.0064607420936226845,0.0039907037280499935,-0.004925377666950226
0.019303902983665466,-0.012282408773899078,0.005833354778587818,1.1143675692437682e-05,0.02410149946808815,-0.0005563468439504504,0.0058074998669326305,0.0004588484880514443,-0.0072683291509747505,-0.0006670519942417741,0.021358240395784378,0.01782890595495701,0.018631916493177414,0.008134829811751842,0.00045943306758999825,0.02892385795712471,0.013343014754354954,-0.05074123665690422,0.007179501466453075,-0.04145529121160507,-0.016363566741347313,0.00816148892045021,0.00012823940778616816,0.0037079264875501394,-0.005031373351812363,0.010438275523483753,-0.002985200844705105
0.036680079996585846,0.0020003269892185926,0.0036209372337907553,-0.001224367180839181,0.006442359648644924,-0.0006909632356837392,-0.0008923621498979628,0.00011719038593582809,-0.002918542129918933,-0.0003936061984859407,0.0017622163286432624,0.019758988171815872,-0.016713768243789673,0.0050735557451844215,0.013966772705316544,-0.04214538261294365,0.020616620779037476,0.05316640064120293,0.00489280978217721,-0.01869097538292408,-0.012334136292338371,-0.004724539816379547,0.0001555304042994976,0.010196320712566376,0.0009449325152672827,0.008375981822609901,-0.0036127856001257896
-0.02351747453212738,0.007588547188788652,0.015536781400442123,-0.0003262435784563422,0.02458474598824978,-0.0006682666135020554,0.005291408393532038,0.0003297886287327856,-0.0027262375224381685,-0.0006739561795257032,0.014142876490950584,-0.009914644993841648,-0.025945493951439857,-0.012813560664653778,-0.012544292956590652,0.09701355546712875,-0.08950543403625488,-0.08812492340803146,0.03348195552825928,0.0018350149039179087,-0.028507521376013756,0.07150252163410187,0.00024279845820274204,0.017703652381896973,0.010530519299209118,0.00779641792178154,-0.003830052213743329
-0.025033822283148766,0.011668480932712555,0.01635953038930893,-3.1444924388779327e-06,0.026899900287389755,-0.0006788367172703147,0.012464158236980438,0.0004143839469179511,-0.002332964912056923,-0.0005580034921877086,0.017478475347161293,-0.010410888120532036,0.017448164522647858,-0.008102579973638058,0.04107416793704033,0.12624748051166534,-0.04838813468813896,-0.0585794635117054,0.037157878279685974,0.012980539351701736,-0.02050306834280491,0.0886833444237709,0.0002462643024045974,0.02127048373222351,0.018081646412611008,0.008657092228531837,-0.003756253980100155
-0.011773345060646534,0.0004792107210960239,0.007873055525124073,5.459260137286037e-05,-0.007741610519587994,-0.0003112881095148623,-0.0014011262683197856,0.0004506512777879834,-0.005772485863417387,-0.0007697709952481091,0.023991240188479424,0.02470913715660572,-0.007006317377090454,0.0008287462405860424,-0.013947653584182262,0.0526810847222805,0.04194916784763336,0.009267029352486134,0.004128654487431049,-0.008140119723975658,0.023865438997745514,0.019176248461008072,0.00014905475836712867,1.4882542018312961e-05,0.0019125218968838453,0.01162660215049982,-0.003930407576262951
-0.024379810318350792,0.007365703117102385,0.016170646995306015,-0.00018209930567536503,-0.010534021072089672,-0.00029252422973513603,-0.0020229171495884657,0.00048364122631028295,-0.0020119163673371077,-0.0002397791249677539,0.020966049283742905,0.03096131980419159,-0.03214674070477486,0.020904723554849625,0.014313475228846073,-0.04982440918684006,-0.07869986444711685,0.018291626125574112,-0.0030787214636802673,-0.01473600510507822,0.024801865220069885,0.025945328176021576,0.00010588194709271193,0.022319529205560684,0.019718296825885773,0.009909753687679768,-0.0039028727915138006
-0.013181078247725964,0.0006385623128153384,0.0031979663763195276,0.0002834585902746767,-0.014267983846366405,-0.00016323867021128535,-0.0008988999179564416,0.00037513559800572693,-0.004652272444218397,-0.0006461048033088446,0.023296909406781197,-0.01221506018191576,0.015013943426311016,0.04011418670415878,0.01711367629468441,0.06087491288781166,0.049500107765197754,0.10447955876588821,0.010259075090289116,0.017790604382753372,0.02345227636396885,0.01384410448372364,0.00023480816162191331,0.0007390082464553416,-0.0007446727249771357,0.0072351424023509026,-0.003556915558874607
-0.0303905438631773,-0.00628399895504117,0.008360073901712894,-0.0002632667019497603,0.011996513232588768,-0.0013854163698852062,-0.0011331582209095359,0.00023657169367652386,0.027850156649947166,0.006420791149139404,0.021002519875764847,0.018201425671577454,0.033265817910432816,-0.005669794045388699,0.005045896861702204,-0.06537861377000809,0.04230223223567009,0.01310989260673523,0.0022620144300162792,-0.011334272101521492,-0.03653931990265846,-0.01470927707850933,0.0001848846150096506,0.008280487731099129,-0.006254193838685751,0.006651893258094788,-0.0032231328077614307
0.04971842095255852,0.007673192769289017,0.006845954805612564,0.00010745266627054662,-0.01830940507352352,-0.0006202621734701097,-0.0016523365629836917,0.00043758927495218813,-0.0055179288610816,-0.0005394768668338656,0.022450963035225868,-0.01723581552505493,0.004770893603563309,0.013931982219219208,-0.0036486657336354256,0.049486927688121796,-0.0010722493752837181,-0.00811685062944889,-0.018264029175043106,-0.03722115978598595,-0.026563093066215515,0.02078908123075962,0.00014009323786012828,0.004985615145415068,0.0040848045609891415,0.012141991406679153,-0.0031535301823168993
0.05606845021247864,0.0067846267484128475,0.008189390413463116,6.53705355944112e-05,-0.018901729956269264,-0.0006205630488693714,-0.0018303761025890708,0.0003081564209423959,-0.005974222905933857,-0.0005267211818136275,0.011826714500784874,-0.016300436109304428,0.01994500309228897,0.02052108384668827,0.014006669633090496,0.0012992172269150615,0.0193573459982872,-0.00328691303730011,-0.016226181760430336,-0.03423517197370529,-0.020273463800549507,0.026318548247218132,0.00014009323786012828,0.003000593511387706,0.008782667107880116,0.012794902548193932,-0.0032178079709410667
-0.021072257310152054,0.0020032310858368874,0.010774730704724789,0.00011237198486924171,0.026826458051800728,-0.0016201067483052611,-0.0005148216150701046,0.00028097935137338936,0.030976934358477592,0.0021274560131132603,0.02900717779994011,0.021706925705075264,0.001568811945617199,0.00939099583774805,-0.0016002270858734846,-0.06296509504318237,0.03856532275676727,-0.03594130650162697,-0.0036522638984024525,0.011963828466832638,-0.019027674570679665,0.024576783180236816,0.0004121377132833004,0.00866356585174799,-0.00857648067176342,0.008629790507256985,-0.00456859590485692
0.03315126895904541,0.008111362345516682,0.011420306749641895,0.00012730345770251006,-0.022687872871756554,-0.0003610189014580101,-0.0030197948217391968,0.0004051264259032905,-0.007664269767701626,-0.00041965735726989806,0.015320023521780968,0.017781559377908707,-0.017237916588783264,0.010898636654019356,-0.003687627613544464,0.015699883922934532,-0.06341120600700378,-0.04210657253861427,-0.021770013496279716,-0.008388014510273933,-0.051894620060920715,-0.0012465852778404951,0.00010195498180110008,-0.023270253092050552,-0.0060247876681387424,0.009330411441624165,-0.0032090770546346903
-0.019372493028640747,-0.003178368555381894,0.006481700576841831,0.0006148401880636811,-0.004897726234048605,-0.0005035301437601447,-0.0017229235963895917,0.0016924752853810787,-0.004402883816510439,-0.0005195277626626194,0.036101195961236954,0.027788735926151276,0.025789350271224976,0.0199368204921484,0.0049326978623867035,0.16686102747917175,0.06999792903661728,0.13502728939056396,0.02860887162387371,0.034974511712789536,-0.0021145178470760584,0.1327616274356842,0.000282631313893944,-0.00500341085717082,0.012010815553367138,0.008335315622389317,-0.004112229682505131
0.02589513175189495,-0.0004929677816107869,0.005909031257033348,0.00042837674845941365,-0.013856392353773117,-0.0006214280147105455,-0.0005441688699647784,0.00022715484374202788,-0.004380453377962112,-0.0004271320067346096,0.016511864960193634,0.025088805705308914,0.013415385968983173,0.010486663319170475,0.00951521284878254,-0.025268813595175743,0.006135949864983559,0.022576959803700447,-0.025354677811264992,-0.009904024191200733,-0.016563568264245987,-0.017973607406020164,0.0001960420049726963,0.005485286936163902,-0.005801409017294645,0.011877497658133507,-0.0035389100667089224
-0.01272548921406269,0.010954083874821663,0.00788981281220913,8.476114089717157e-06,0.04179268702864647,0.0002579581632744521,-0.0009241161169484258,0.0009136958979070187,0.0370468944311142,-0.0008101026760414243,0.027391687035560608,0.02786622755229473,0.06035543605685234,0.003389020450413227,0.011263299733400345,0.08181069046258926,0.06612470000982285,-0.04136001691222191,0.018096767365932465,0.016677411273121834,0.035096555948257446,0.0292475875467062,0.00015313886979129165,0.0018685099203139544,0.01717655174434185,-0.04657413810491562,-0.002968916203826666
0.010010314173996449,0.00027838104870170355,-0.018841292709112167,0.0004919112543575466,0.007317197974771261,-0.00039474255754612386,-0.0005805499968118966,0.00013398959708865732,-0.0022888146340847015,-0.0005006066639907658,0.019330661743879318,0.015092493034899235,-0.0823902040719986,0.0008984568994492292,-0.004911490250378847,-0.04774878919124603,0.010944869369268417,0.07049088925123215,-0.0013677987735718489,-0.025810420513153076,-0.015910914167761803,-0.04877026751637459,0.00023018506180960685,0.00330843566916883,-0.0048263114877045155,0.006561719812452793,-0.0035656411200761795
-0.034186284989118576,0.004107458516955376,0.015143475495278835,2.6913403416983783e-07,0.013094429858028889,-0.0008719953475520015,-0.0008064494468271732,0.0002764919481705874,0.02387341298162937,-0.0003823919396381825,0.021045297384262085,0.017023488879203796,0.04048953950405121,0.01961006224155426,0.003599387826398015,-0.021241934970021248,-0.03587886691093445,0.00910723302513361,0.00659220153465867,-0.04810308292508125,-0.01404613722115755,0.040740277618169785,-3.065561395487748e-05,0.009319848380982876,0.002643673215061426,0.007723685819655657,-0.002964308252558112
0.023013334721326828,-0.005040383897721767,0.004365979228168726,0.0003663907991722226,0.009228790178894997,0.006226975005120039,-0.0006980856414884329,0.0002266651572426781,-0.0028457846492528915,-0.00048147456254810095,0.0279761403799057,0.019442718476057053,0.0007613168563693762,0.02039257623255253,0.011982979252934456,-0.0428200326859951,0.04016457498073578,0.0744476169347763,0.016058752313256264,-0.009456819854676723,-0.01674121990799904,0.014668860472738743,0.00028496154118329287,0.00748680904507637,-0.004844656214118004,0.007139640860259533,-0.00350788701325655
-0.025590863078832626,-0.003984133247286081,0.004117473028600216,-0.00029046976123936474,-0.011888864450156689,0.0001923877716762945,-0.0006690075970254838,0.00030484420130960643,-0.0029761914629489183,-0.0006667101406492293,0.016893818974494934,0.01852249540388584,-0.08671589940786362,0.0023504351265728474,-0.008734682574868202,-0.07607889920473099,0.010149555280804634,0.04965522140264511,-0.03330405429005623,-0.032010722905397415,-0.025610676035284996,-0.04403769224882126,0.00010180057870456949,0.005473621655255556,-0.005135825369507074,0.008179049007594585,-0.004059416241943836
0.005675394553691149,-0.0031956317834556103,0.005958356894552708,4.936577897751704e-05,0.018280988559126854,-0.0007672933861613274,0.0052252295427024364,0.0002537039399612695,-0.002094543306156993,-0.0010389928938820958,0.027290089055895805,0.019285183399915695,-0.06906826794147491,0.02020348235964775,-0.056722864508628845,-0.07109398394823074,0.015112402848899364,-0.030164295807480812,-0.025202803313732147,-0.029927510768175125,-0.021953970193862915,-0.017451025545597076,0.00013844112982042134,0.007593110203742981,-0.0026503431145101786,0.007213383447378874,-0.004063064232468605
0.030455458909273148,-0.00118424987886101,0.00778637221083045,9.3807429948356e-05,-0.016306396573781967,-0.0005130137433297932,-0.00022509630070999265,0.00014932334306649864,-0.004869405645877123,-0.0010859309695661068,0.02330568991601467,0.02370145171880722,0.007990214973688126,0.015022591687738895,-0.01795310340821743,-0.012614133767783642,0.027775466442108154,-0.02828589640557766,-0.008372059091925621,0.014146203175187111,-0.020191822201013565,-0.01019603293389082,0.0001615089422557503,0.005280639510601759,0.0012725524138659239,0.014012848027050495,-0.004549079574644566
-0.007741129025816917,0.0008956315577961504,0.009827081114053726,-7.82458228059113e-05,0.019892506301403046,-0.00038526326534338295,-0.002036696532741189,0.0004857689782511443,0.03320204094052315,-0.0009787710150703788,0.01852148212492466,-0.01224010344594717,0.006640885025262833,0.05126069113612175,0.0031884959898889065,0.11534595489501953,-0.08947225660085678,-0.07114416360855103,0.03344762697815895,-0.021454323083162308,0.03990531712770462,0.04348956048488617,0.00015789085591677576,0.019321760162711143,0.00590519979596138,0.009379486553370953,0.08750960230827332
-0.014868785627186298,0.0014126329915598035,0.007832222618162632,0.0001874616282293573,-0.007783778943121433,-0.00031106220558285713,-0.0013530455762520432,0.0003851625951938331,-0.003302288008853793,-0.00035346997901797295,0.025969132781028748,0.02323673851788044,-0.02466505579650402,0.031858377158641815,0.0026276640128344297,0.05717738717794418,0.041979528963565826,0.021580543369054794,0.003901603166013956,-0.04111328721046448,0.035689663141965866,0.030335234478116035,0.0001616174849914387,0.002936358330771327,0.006689730565994978,0.010592702776193619,-0.003991345874965191
-0.029230240732431412,0.011994779109954834,0.01742006465792656,-5.813700408907607e-05,0.025203995406627655,-0.0009771184995770454,-0.00039417625521309674,0.0004205692675895989,0.03881344199180603,-0.0003166508686263114,0.02237182855606079,0.038992900401353836,0.031630195677280426,-0.015717297792434692,0.00897021684795618,-0.12862223386764526,-0.1234622672200203,-0.028321893885731697,0.001187883666716516,0.022831587120890617,0.03016117587685585,0.01775849610567093,0.0001833604765124619,0.03412247821688652,-0.0018011736683547497,-0.04260909557342529,-0.004539195913821459
-0.01728859730064869,0.003607782069593668,0.01240779273211956,-0.00013777217827737331,0.035276979207992554,-0.0002959211706183851,-0.0010474072769284248,0.0004657099489122629,0.026834243908524513,-0.0011962959542870522,0.017293788492679596,-0.015661530196666718,-0.021751947700977325,0.018457429483532906,-0.005236254073679447,0.07875209301710129,0.0058577293530106544,-0.11631371080875397,0.0025746964383870363,-0.031103413552045822,0.015234502032399178,-0.1060137003660202,0.00012216294999234378,0.004235908389091492,0.005058147944509983,-0.049901433289051056,-0.006072166375815868
-0.021653763949871063,-0.001284863450564444,0.0025507500395178795,-0.0003949172096326947,0.012520968914031982,-0.0005526731256395578,0.001780994702130556,0.00034101976780220866,-0.00455206073820591,-0.0003371982602402568,0.020290227606892586,-0.012132137082517147,-0.04894319549202919,-0.030786044895648956,0.005547272507101297,-0.040643416345119476,0.013756905682384968,0.054916318506002426,0.00812334381043911,0.0047572460025548935,-0.017805257812142372,0.01911066845059395,0.0002695784205570817,0.0039295717142522335,-0.004572134930640459,0.006648588459938765,-0.004469289910048246
0.04475654661655426,-0.0017404090613126755,0.01664489321410656,-0.00026339516625739634,-0.013790994882583618,-0.0006886987248435616,-0.0010241572745144367,0.0003565079823601991,-0.0028505995869636536,-0.001183118554763496,0.030333980917930603,0.04881463944911957,0.03408453240990639,0.03223999962210655,0.03293607011437416,-0.025886254385113716,-0.12575474381446838,0.08035591244697571,-0.024564512073993683,0.012268256396055222,-0.010993306525051594,-0.18343648314476013,0.00014447576540987939,0.030429963022470474,-0.004429836291819811,0.0075209541246294975,0.09301230311393738
-0.008587561547756195,-0.00535645242780447,-0.025888927280902863,-0.00018433446530252695,0.008211557753384113,-0.00022207375150173903,-0.0020361796487122774,0.0004891973803751171,-0.009064708836376667,-0.0006082379259169102,-0.5536360740661621,-0.012347398325800896,-0.003719817381352186,-0.006561490707099438,0.0131562240421772,0.06758824735879898,-0.023080557584762573,-0.01915852166712284,0.006719102151691914,0.2643308937549591,0.02749222330749035,-0.04580429941415787,0.00012139850878156722,-0.018023844808340073,-0.0005020839744247496,0.015244981274008751,-0.004371631890535355
0.08587628602981567,0.0071954866871237755,0.0010613786289468408,0.0005546553293243051,-0.01308990828692913,-0.00025092772557400167,0.0007058443734422326,0.0005710900877602398,-0.008442935533821583,-0.0003017402486875653,0.01851866953074932,0.025754742324352264,0.24083708226680756,0.08369211107492447,0.06639380007982254,0.06558427959680557,0.021327519789338112,-0.0071520195342600346,-0.0028627803549170494,0.32129576802253723,0.033095188438892365,0.030656255781650543,0.00010624455171637237,-0.010374264791607857,0.005437883082777262,0.010669860057532787,-0.0024611318949609995
0.09201207011938095,0.007816795259714127,0.0021166251972317696,0.0003446538175921887,-0.018043415620923042,-0.0002394059265498072,0.00025321292923763394,0.0004066408728249371,-0.006013988051563501,-0.00026551741757430136,0.01574712060391903,0.024381287395954132,0.22232496738433838,0.07316885888576508,0.056384120136499405,0.10414964705705643,-0.05270255357027054,-0.09097794443368912,-0.01339451689273119,0.32379665970802307,0.022073810920119286,0.024147063493728638,9.24475971260108e-05,-0.033163778483867645,-0.0005862997495569289,0.009505650028586388,-0.0024876906536519527
0.03392034396529198,-0.006152598187327385,-0.0020227106288075447,-6.935124474694021e-06,-0.009408441372215748,-0.00019239868561271578,0.0006343628047034144,0.0005165071343071759,-0.00790984183549881,-0.00024506039335392416,0.01607026718556881,0.02536419965326786,0.16249734163284302,0.03754559904336929,0.009879110381007195,0.040081173181533813,0.011465001851320267,-0.018880069255828857,-0.01606678031384945,0.23817859590053558,0.01880383864045143,0.009749366901814938,0.00016949305427260697,-0.014956035651266575,0.0018429954070597887,0.011712196283042431,-0.002101530320942402
-0.033240970224142075,-0.007233156356960535,-0.035087667405605316,-0.00022222797269932926,0.008441077545285225,-0.0009015386458486319,-0.0011880642268806696,0.0004098564386367798,-0.004903022665530443,-0.000718832656275481,0.018864311277866364,-0.01549159362912178,-0.07703231275081635,-0.051066767424345016,-0.02341848984360695,-0.06247363239526749,-0.06866911798715591,-0.0008130265632644296,-0.007956186309456825,-0.0376465879380703,-0.02014819346368313,-0.0375969260931015,0.00019645766587927938,0.01185549795627594,-0.0007565227570012212,0.006991249043494463,-0.00503892358392477
0.02378261648118496,0.005543147679418325,-0.020278815180063248,0.0011663794284686446,0.008561283349990845,-0.0007878128089942038,-0.000969407323282212,5.244314525043592e-05,-0.0037448543589562178,-0.0002826771233230829,0.008311294950544834,-0.011369585059583187,-0.014344846829771996,-0.019549064338207245,0.0054868413135409355,-0.03680234029889107,-0.010886472649872303,0.0762263759970665,-0.005466538947075605,-0.016382811591029167,-0.009867032989859581,-0.05709623917937279,0.0002311321732122451,0.024542775005102158,0.005237001925706863,0.0061283232644200325,-0.0042976634576916695
0.0004260389832779765,0.006252409890294075,0.006455748341977596,0.0003029148210771382,0.023550888523459435,-7.17553702997975e-05,0.0059368666261434555,0.0001404851209372282,0.0283847376704216,-0.0008391487062908709,0.019913138821721077,0.01712828502058983,0.014489129185676575,0.03318121284246445,0.0007879897602833807,0.06172375753521919,0.025810448452830315,-0.0925431028008461,0.01011946052312851,-0.03664122149348259,0.01768672652542591,0.016886331140995026,0.00014162689330987632,0.003235277021303773,-0.008805451914668083,0.008370454423129559,-0.003144835587590933
-0.02822464518249035,-0.006789123173803091,0.005601952318102121,1.5841436834307387e-05,-0.007895153947174549,-0.00040839743451215327,-0.0007956649642437696,0.0005339229246601462,-0.004094214644283056,-0.00023953095660544932,0.028564032167196274,0.029837971553206444,-0.062279049307107925,-0.0039957738481462,0.008308657445013523,-0.019105389714241028,0.030101722106337547,0.10270357877016068,-0.026058528572320938,0.020197872072458267,0.020558953285217285,0.0029415807221084833,0.00018850404012482613,-0.016552641987800598,0.008515273220837116,0.009279340505599976,-0.0037822534795850515
0.035538654774427414,0.0011144774034619331,0.014097551815211773,-0.0007723557646386325,0.018024403601884842,-0.0004324265755712986,0.002712021581828594,5.3060408390592784e-05,0.018245195969939232,-0.0006841417052783072,0.014830479398369789,0.03221891447901726,-0.02360713668167591,-0.003108436008915305,0.0023328824900090694,-0.06829279661178589,-0.1279894858598709,-0.03280123695731163,0.008924771100282669,-0.01243127603083849,-0.033813074231147766,0.008273215964436531,0.00011291801638435572,0.030245982110500336,0.00896912906318903,0.006614948622882366,-0.004168158862739801
0.018546050414443016,-0.0005386581760831177,0.0037726545706391335,0.0007725795730948448,-0.00838864129036665,-0.0006215956527739763,-0.001354364794678986,0.0003467573842499405,-0.003147423267364502,-0.0001098281136364676,0.02290412224829197,0.02237127348780632,-0.012250023894011974,0.05089656636118889,0.019651377573609352,-0.00561739644035697,0.03196701779961586,0.08668104559183121,-0.010017682798206806,0.02652551606297493,-0.010766953229904175,0.0006763592245988548,0.00020834640599787235,0.008299614302814007,0.0024098248686641455,0.008529328741133213,-0.003388698911294341
0.034731294959783554,0.0058539812453091145,0.008145567029714584,-5.515983502846211e-05,0.02294359914958477,-0.0007910457206889987,-0.0009738600929267704,-0.004437833093106747,-0.008928239345550537,-0.0006798692629672587,0.007089007645845413,-0.016583088785409927,0.06217760965228081,-0.007765075191855431,0.017601381987333298,0.1352376788854599,0.03937103599309921,-0.1045183315873146,0.027885783463716507,-0.0023962778504937887,-0.009208976291120052,0.04024283215403557,0.00017746769299264997,-0.010399633087217808,0.002842130372300744,0.00876627303659916,-0.0036953033413738012
0.02578139677643776,-0.003911007195711136,0.009391478262841702,-0.0004740987787954509,0.021699171513319016,-0.00048000423703342676,-0.0022389614023268223,0.0007360954768955708,-0.005429316312074661,0.013101483695209026,0.023369548842310905,-0.006839657202363014,0.05439711734652519,-0.0018889615312218666,0.02672482654452324,0.17796280980110168,0.05258064717054367,-0.08744922280311584,0.06108700484037399,0.007755929604172707,-0.008080834522843361,0.047434866428375244,0.00023274451086763293,-0.011907577514648438,0.006998919416218996,0.009198912419378757,-0.002578580053523183
0.019309818744659424,-0.004793285857886076,0.005967007949948311,-0.0001307968923356384,0.021251987665891647,-0.0012266379781067371,0.004353669472038746,0.0005540917627513409,-0.006980781443417072,-0.0005301363416947424,0.02077380381524563,-0.012160740792751312,0.044235147535800934,0.017138006165623665,0.007789273746311665,0.10244262218475342,-0.0017154845409095287,-0.10835809260606766,0.014171903021633625,-0.014663307927548885,-0.02032657340168953,0.01317902933806181,0.00018948805518448353,-0.022683320567011833,0.003275752766057849,0.007033318281173706,-0.003092086873948574
-0.0147666335105896,-0.002301963744685054,0.008771319873631,3.217891207896173e-05,0.022788023576140404,-0.0003486044879537076,0.006945035420358181,0.0004535923362709582,-0.005846470128744841,-0.0006727870786562562,0.02151964232325554,0.027909766882658005,-0.012661383487284184,0.003760185092687607,-0.003003222867846489,0.07886694371700287,0.005468099378049374,-0.0876023918390274,0.01831759698688984,-0.04198707267642021,0.02529136836528778,0.010262125171720982,0.00013127131387591362,0.007499185856431723,0.0004606008587870747,0.008433475159108639,-0.004621114116162062
-0.02038688026368618,-0.0067306323908269405,0.007239324506372213,-2.9121707484591752e-05,-0.023697851225733757,-0.000809468503575772,-0.0021484827157109976,0.0004550760786514729,-0.005546590778976679,-0.0006312817567959428,0.025886429473757744,-0.016015879809856415,0.048421718180179596,-0.010777891613543034,0.0007430673576891422,0.07301618158817291,-0.0015004591550678015,-0.039913710206747055,-0.0020956823136657476,0.010693883523344994,0.015310423448681831,0.017563823610544205,0.00016703258734196424,0.006577003747224808,-0.004554800223559141,0.008994538336992264,-0.004329569172114134
-0.009981202892959118,0.008615907281637192,0.00827051978558302,1.3150019185559358e-05,-0.001655434025451541,-0.000420536904130131,-0.0015125421341508627,0.0005788462003692985,-0.0032362905330955982,-0.0004947412526234984,0.03543078899383545,-0.00784333236515522,0.0033884693402796984,0.023760642856359482,0.021891549229621887,0.14938049018383026,0.06902452558279037,0.04449118673801422,0.013193700462579727,0.0494806207716465,0.030122404918074608,0.023151306435465813,0.00020551815396174788,0.005388801917433739,0.006237732246518135,0.012033842504024506,-0.004131931811571121
-0.0026678016874939203,0.014285565353929996,0.009920570999383926,-1.5055350559123326e-05,-0.006760511547327042,-0.0006581431953236461,-0.0006942584877833724,0.0006304454291239381,-0.004679118748754263,-0.0005644791526719928,0.031081633642315865,-0.010177738033235073,0.09123659878969193,0.04812895134091377,0.020270388573408127,0.2000570148229599,0.07565685361623764,0.04553721100091934,0.03077535890042782,0.031451910734176636,0.01796172745525837,0.07709848880767822,0.00014881072274874896,0.004403434228152037,0.011125871911644936,0.01316432747989893,-0.0029044176917523146
-0.030460624024271965,0.003736460581421852,-0.03131300210952759,2.9669259674847126e-05,0.010518018156290054,-0.0009647269616834819,-0.0011576885590329766,0.00019339295977260917,-0.004402042366564274,-0.0003308882296551019,0.010880684480071068,-0.01276006642729044,0.003856712020933628,-0.016902102157473564,0.0014260803582146764,-0.024123800918459892,-0.015204878523945808,0.02356983907520771,-0.023123398423194885,-0.01719827577471733,-0.01594499871134758,-0.03912539780139923,0.0002205658092861995,0.02670382708311081,0.012752030044794083,0.006972524803131819,-0.004760803189128637
-0.04047781601548195,0.0013966757105663419,0.026376307010650635,-0.00010967750131385401,0.000780993141233921,0.0005390666774474084,-0.0015959199517965317,0.0002378976350883022,-0.00589627493172884,-0.00034931424306705594,0.01953042484819889,-0.02412750944495201,0.08026407659053802,0.0005485317669808865,0.05126027390360832,-0.0373985655605793,0.05252884700894356,0.0004909820854663849,0.013829631730914116,-0.024228351190686226,-0.015300157479941845,-0.06157154589891434,0.00013745414617005736,-0.0329199880361557,0.002354640979319811,0.012910476885735989,-0.00533838989213109
0.0588245652616024,-0.005906906444579363,0.005271651782095432,0.0003134101571049541,0.008851167745888233,-0.0007527935085818172,0.0015653356676921248,0.0002624567423481494,-0.003858906449750066,-0.000291831063805148,0.021360091865062714,0.0266146007925272,-0.01827313005924225,-0.02040437050163746,-0.0013229697942733765,-0.042776014655828476,0.01791737787425518,0.06707946211099625,-0.02722747065126896,-0.0046431138180196285,-0.021400736644864082,0.017652930691838264,0.00020445506379473954,0.011260772123932838,-0.00015062787861097604,0.007247483357787132,-0.0029153120703995228
0.08567605167627335,-0.006007065065205097,0.002831466030329466,0.001125727198086679,0.014570415019989014,-0.002395804040133953,0.006929288152605295,0.00030687396065331995,0.03131769597530365,-0.0004691096255555749,0.022618038579821587,0.021763835102319717,0.06547845155000687,0.03711183741688728,-0.03184476122260094,-0.018240880221128464,0.045712146908044815,-0.0106666823849082,0.002902192994952202,0.02074708603322506,-0.005596713162958622,0.03652024641633034,0.0001401550107402727,-0.019035523757338524,0.007623905781656504,0.008718165569007397,-0.00232812506146729
0.02796614170074463,-0.006185080856084824,0.009127829223871231,0.00016267488535959274,-0.013255982659757137,-0.0007781037711538374,-0.0005892796907573938,0.00012236888869665563,-0.00484504085034132,-0.0003851873625535518,0.035501956939697266,0.01954539306461811,0.040394436568021774,0.016034696251153946,0.016469350084662437,0.005784271750599146,0.010829440318048,0.019547129049897194,-0.007930089719593525,0.027455035597085953,-0.012538744136691093,0.008062651380896568,-2.3038388462737203e-05,0.0051353382878005505,0.00044893717858940363,0.012739496305584908,-0.003012149827554822
-0.038485489785671234,0.0027573721017688513,0.01179132703691721,-3.216356344637461e-05,-0.023652397096157074,-0.0009974375134333968,-0.0012655513128265738,0.00018616163288243115,-0.005515223369002342,-0.00024139336892403662,0.009951162151992321,0.02146771177649498,0.02316685952246189,-0.009015526622533798,-0.012469935230910778,-0.019349753856658936,-0.040424078702926636,-0.0129655497148633,-0.00432696333155036,-0.008695300668478012,-0.01680181547999382,0.02967676892876625,0.00011516431550262496,0.026104792952537537,0.0104452483355999,0.008477723225951195,-0.003784294705837965
-0.02891705557703972,0.017906077206134796,-0.04342184215784073,-0.00021549742086790502,0.009219076484441757,-0.00043775307130999863,-0.0007470395066775382,0.0004383706545922905,-0.002469342201948166,-0.00026499139494262636,0.014799760654568672,-0.008002448827028275,-0.029806075617671013,-0.008975972421467304,0.006817679852247238,0.005367613863199949,-0.03385879471898079,0.10239781439304352,0.01620601676404476,0.022874740883708,0.012874740175902843,0.04827354848384857,0.00020484182459767908,0.016893163323402405,0.016855420544743538,0.006909169722348452,-0.003633310552686453
-0.039428189396858215,0.0012591199483722448,0.014095177873969078,-0.0011231142561882734,-0.03936874121427536,-0.0003880400618072599,-0.003310746978968382,0.00028059224132448435,-0.004884062800556421,-0.0001845786755438894,0.011001807637512684,0.027380401268601418,-0.07727508991956711,-0.005647360347211361,-0.02423180267214775,-0.08708200603723526,-0.04492868483066559,-0.2576769292354584,-0.011677076108753681,-0.006916766054928303,-0.04639863595366478,-0.16094887256622314,0.00014619201829191297,-0.04988723248243332,-0.014005456119775772,0.005274719092994928,-0.006146230734884739
-0.02772720716893673,-0.006357194390147924,0.010841632261872292,0.00014535874652210623,-0.008963285945355892,-0.00022794703545514494,-0.0012314110063016415,0.00028175770421512425,-0.005173352546989918,-0.0006668642745353281,0.020696358755230904,0.030537722632288933,-0.012374397367238998,0.0026444951072335243,0.0037123775109648705,-0.022982338443398476,0.0011733497958630323,0.032505426555871964,0.0003006962360814214,0.00809215847402811,0.02338319644331932,-0.13654036819934845,0.00021299959917087108,-0.015108011662960052,-0.0015230796998366714,0.0073680756613612175,-0.004490208812057972
-0.01951248198747635,-0.007822246290743351,0.00523009616881609,-0.00011532839562278241,-0.013929039239883423,-0.00031909707468003035,-0.002018730854615569,0.00043559918412938714,-0.004539848770946264,-0.0007592137553729117,0.02171754278242588,-0.013169820420444012,-0.03149276599287987,0.018291695043444633,0.008547607809305191,0.10893483459949493,0.004758944269269705,0.10049489140510559,0.005441522225737572,0.015585258603096008,0.03573368489742279,-0.16236171126365662,0.000244562397710979,-0.019695395603775978,0.004140554927289486,-0.0016135615296661854,-0.005003572441637516
-0.024469152092933655,-0.0057876231148839,-0.010480358265340328,0.00022856508439872414,0.01455389242619276,-0.00033325841650366783,-0.0009049745858646929,0.0005947960889898241,-0.005908997263759375,-0.0004435034061316401,-0.043648991733789444,-0.00994762685149908,0.04465263709425926,-0.0065626404248178005,0.023831339552998543,0.1244116723537445,0.03267762064933777,0.13371916115283966,0.007520763203501701,0.2108277976512909,-0.05356574431061745,0.058925025165081024,0.00029816009919159114,0.0019399137236177921,0.011098876595497131,0.009404205717146397,-0.002493981271982193
