NumHAcceptors,NumHDonors,anchor_end_PA,anchor_end_SA,anchor_end_CA,anchor_end_BA,anchor_end_O,anchor_end_SiO,anchor_end_N,anchor_end_S,alkyl_num,frag_sym,HOMO_calc,LUMO_calc,dipole,MPI,surface_min,surface_max,TPSA,MolLogP,PSA,control_PCE,MetalOxide_ITO,MetalOxide_NiOx,MetalOxide_SnO2,MetalOxide_TiO2,MetalOxide_ZnO
-0.013853798620402813,-0.0005064943106845021,-0.07660470902919769,-6.75475166644901e-05,0.020173611119389534,-2.0696297724498436e-05,-0.0002177941642003134,2.4940121875260957e-05,-0.004712250083684921,-1.84680047823349e-05,0.02598693035542965,-0.0063354214653372765,-0.007158266380429268,-0.03424770012497902,0.014920409768819809,0.1895279735326767,-0.020733503624796867,0.2949611246585846,-0.013193178921937943,0.031042294576764107,-0.01960301212966442,0.08049805462360382,4.253838415024802e-05,-0.03646838292479515,-0.003013713052496314,0.003380279056727886,-0.001191512099467218
0.03620583191514015,-0.0041433521546423435,-0.06494298577308655,-0.00011141534923808649,0.022475406527519226,-0.00020108935132157058,-0.0003523768682498485,2.4940121875260957e-05,-0.009763628244400024,-1.84680047823349e-05,-0.007643259596079588,-0.022277042269706726,0.16851022839546204,-0.16674114763736725,-0.11882930248975754,-0.07945670187473297,-0.08901932835578918,0.13514558970928192,-0.009896243922412395,-0.052830398082733154,-0.09886422008275986,0.03557658940553665,4.253838415024802e-05,-0.04110138118267059,-0.00873671192675829,0.00541557464748621,-0.001112405676394701
0.07918861508369446,-0.0018484669271856546,-0.04488339275121689,-0.0001118836589739658,0.08237770199775696,-6.67643325868994e-05,-0.00013250553456600755,2.4940121875260957e-05,-0.00034165391116403043,-1.84680047823349e-05,-0.018391137942671776,-0.012570668943226337,0.5887240767478943,0.08316563069820404,0.08292630314826965,-0.013855780474841595,0.06160391867160797,0.17468972504138947,0.08709506690502167,0.9043234586715698,0.07690121978521347,0.12562833726406097,3.245192419853993e-05,-0.025399990379810333,-0.004515921697020531,0.012173309922218323,-0.0008149666246026754
0.02370459772646427,0.0019288839539512992,0.018032141029834747,0.0014069974422454834,0.042923618108034134,-0.0001059599599102512,-0.0007149366429075599,2.4940125513239764e-05,-0.004759256262332201,-2.102640428347513e-05,0.047594618052244186,0.02996857464313507,-0.036645472049713135,0.0013035321608185768,-0.042485106736421585,-0.018138162791728973,-0.00921678263694048,-0.08053045719861984,-0.007133034523576498,-0.0016818189760670066,-0.0699433833360672,0.2479846179485321,4.253838415024802e-05,0.01855362206697464,-0.0022208818700164557,-0.05734577029943466,-0.0025460505858063698
0.001035626046359539,-0.0005752342403866351,0.004643235821276903,0.001706107403151691,0.03347042202949524,-0.00010091616422869265,-0.0003286795981694013,2.4940125513239764e-05,-0.0020986779127269983,-3.3679312764434144e-05,0.05479186028242111,0.02185550145804882,-0.06087819114327431,0.00737051060423255,-0.02727675624191761,-0.019822025671601295,0.019449016079306602,0.18130707740783691,-0.014354946091771126,-0.0069261048920452595,-0.06974060088396072,0.3419168293476105,4.253838415024802e-05,0.005223053507506847,-0.00348155340179801,-0.038002580404281616,-0.0013277443358674645
-0.03608044981956482,0.030848553404211998,0.020003939047455788,-0.00019729259656742215,-0.04280555248260498,-5.414482075138949e-06,-0.0013729772763326764,2.4940125513239764e-05,-0.0052564674988389015,-3.2782678317744285e-05,0.030803678557276726,-0.018827877938747406,-0.03734274208545685,-0.017121953889727592,0.012795083224773407,0.022030498832464218,0.016260676085948944,-0.0679045096039772,0.018388383090496063,-0.0993930846452713,0.0347394123673439,-0.630921483039856,4.253838415024802e-05,0.011665788479149342,0.01297440379858017,0.017813758924603462,-0.004344632849097252
-0.00911682564765215,0.02961760014295578,0.005961120128631592,-0.00019729259656742215,-0.022599436342716217,4.810881364392117e-06,-0.0003460365114733577,2.4940125513239764e-05,-0.003433410543948412,-2.0058549125678837e-05,0.03619098290801048,-0.010664998553693295,0.013963354751467705,0.04533388093113899,0.022779634222388268,0.14307399094104767,0.052771106362342834,0.15269264578819275,0.014430233277380466,0.0022858520969748497,0.04729943722486496,-0.7027477025985718,4.253838415024802e-05,0.013698935508728027,0.006488780025392771,0.0028129774145781994,-0.0024532361421734095
-0.020721659064292908,0.028790561482310295,0.0059289028868079185,-0.0003919654991477728,-0.02530081383883953,-1.7884045519167557e-05,-0.0004214753571432084,2.4940125513239764e-05,-0.002884268295019865,-2.0058549125678837e-05,0.030648209154605865,-0.028522131964564323,-0.062204308807849884,-0.0012638842454180121,0.01821184530854225,-0.096091628074646,0.07206711918115616,0.10962072014808655,0.027452092617750168,-0.037748079746961594,-0.009749362245202065,-0.7107250690460205,4.253838415024802e-05,0.010659098625183105,0.017873723059892654,0.01496061123907566,-0.0018755430355668068
-0.05230167508125305,-0.03954891487956047,0.015567013062536716,-0.00012996638542972505,-0.0926206037402153,-3.652326995506883e-05,-0.00026063460973091424,2.4940121875260957e-05,-0.005041000433266163,-3.2782678317744285e-05,0.0213016327470541,-0.035253629088401794,-0.2677242159843445,-0.18199756741523743,-0.033962760120630264,-0.15177226066589355,-0.1929910033941269,-0.30604302883148193,0.015767987817525864,-0.042358528822660446,-0.022112762555480003,-1.0846830606460571,4.253838415024802e-05,0.08011417835950851,0.020761961117386818,0.012781847268342972,-0.0030854297801852226
-0.0436432845890522,-0.03998827561736107,0.011084945872426033,-8.446788706351072e-05,-0.04232373461127281,-6.90757660777308e-05,-0.000236934851272963,0.00010008516255766153,-0.00528279785066843,-3.2782678317744285e-05,-0.0026066892314702272,-0.04718125984072685,-0.1749694049358368,-0.02215588465332985,-0.013034283183515072,-0.15483509004116058,0.02177598886191845,-0.07403597235679626,0.01751946657896042,-0.06578706204891205,0.028360802680253983,-0.6962911486625671,4.253838415024802e-05,0.022696902975440025,0.014192964881658554,0.026788311079144478,-0.005985470954328775
-0.0317889079451561,-0.004030494950711727,0.009693506173789501,-8.446788706351072e-05,-0.054527584463357925,6.0511149058584124e-05,-0.0002211663668276742,0.00010008516255766153,-0.005952660925686359,-2.102640428347513e-05,0.04012637212872505,-0.025402946397662163,-0.08191725611686707,-0.012300383299589157,0.029566170647740364,-0.06657954305410385,-0.018887275829911232,-0.13819023966789246,-0.002647578716278076,-0.008436943404376507,0.034438274800777435,0.767424464225769,4.253838415024802e-05,0.0184074304997921,-0.008156155236065388,-0.07352329790592194,-0.006041344255208969
-0.036858975887298584,-0.021658627316355705,0.01968386396765709,-0.00019729259656742215,-0.0456874817609787,-2.112757647410035e-05,-0.0013593952171504498,2.4940125513239764e-05,-0.006913941819220781,-3.2782678317744285e-05,0.03328612074255943,-0.016137998551130295,-0.05966459959745407,-0.04796390235424042,-0.008124861866235733,-0.011946048587560654,-0.035192761570215225,-0.04938695952296257,-0.024028828367590904,-0.10873498767614365,0.03448862582445145,-0.28607022762298584,4.253838415024802e-05,-0.05431061610579491,-0.008468684740364552,0.01558730285614729,-0.004165488760918379
-0.07451006025075912,0.023036707192659378,0.01435166783630848,-0.00012996638542972505,-0.11695260554552078,-5.2236362535040826e-05,-0.0002307286049472168,2.4940121875260957e-05,-0.006570814177393913,-3.2782678317744285e-05,0.02107323706150055,-0.03189738094806671,-0.37283390760421753,-0.22876715660095215,-0.074491947889328,-0.25680169463157654,-0.10302967578172684,-0.6263464689254761,-0.012066565454006195,-0.06456095725297928,-0.040362294763326645,-0.7330324649810791,4.253838415024802e-05,-0.20017707347869873,-0.021998662501573563,0.008089344948530197,-0.0030800565145909786
-0.06982335448265076,-0.024076640605926514,0.016126275062561035,-0.00012996638542972505,-0.1079622209072113,-2.783165837172419e-05,-0.00032727260258980095,0.00010008516255766153,-0.004419672302901745,-3.2782678317744285e-05,0.020382286980748177,-0.05212293192744255,-0.3158542811870575,-0.2311292290687561,-0.00873687956482172,-0.20548975467681885,-0.052082572132349014,-0.5160132646560669,-0.013183321803808212,-0.10889849066734314,-0.04513463005423546,-0.7111359238624573,4.253838415024802e-05,-0.17310024797916412,-0.01035363506525755,0.010373513214290142,-0.004516584798693657
-0.021122945472598076,-0.012366557493805885,0.01485465094447136,-0.00022349283972289413,-0.02309599332511425,-4.3810447095893323e-05,-0.00131840945687145,2.4940125513239764e-05,-0.006427745800465345,-3.2782678317744285e-05,0.04315557703375816,-0.015520076267421246,0.020652370527386665,-0.040890883654356,0.0232541523873806,0.04580163210630417,0.11243102699518204,0.07787705212831497,-0.021674877032637596,-0.09045828133821487,0.050646595656871796,-0.08107398450374603,2.1934569303994067e-05,-0.025311613455414772,-0.004397413227707148,0.018735311925411224,-0.0030634142458438873
-0.013859586790204048,-0.010840428061783314,0.007981435395777225,-0.000168099271832034,-0.017268016934394836,-6.987179949646816e-05,-0.00044693236122839153,2.4940125513239764e-05,-0.005402832757681608,-3.2782678317744285e-05,0.047604404389858246,-0.0111515112221241,0.1166113093495369,0.0925687775015831,0.04229510575532913,0.08548516035079956,0.16200411319732666,0.1151566430926323,-0.01272222213447094,-0.02284207008779049,0.060517869889736176,0.021689698100090027,2.1934569303994067e-05,-0.022543588653206825,0.0001638794201426208,0.02066965214908123,-0.0033818932715803385
-0.02741844952106476,-0.004070396535098553,0.004406563472002745,-0.0001623760035727173,0.014362774789333344,0.00048705810331739485,-0.00013967340055387467,2.4940125513239764e-05,-0.004816580563783646,-5.8513334806775674e-05,0.05237125977873802,-0.017067313194274902,-0.013664240948855877,0.012356367893517017,-0.02423412911593914,-0.08140213787555695,0.02185939811170101,0.13457080721855164,-0.040278349071741104,-0.039776191115379333,-0.0839548408985138,0.25681230425834656,-0.0015303910477086902,0.006838788744062185,-0.003872891888022423,-0.0020631765946745872,-0.002275845967233181
-0.016912994906306267,-0.004441630560904741,0.006437876261770725,-0.0001168775197584182,0.01528872363269329,0.00019536857143975794,-0.00013967340055387467,2.4940125513239764e-05,-0.004044550005346537,-5.8513334806775674e-05,0.052688904106616974,-0.0124925896525383,0.021436138078570366,-0.031197769567370415,0.01070785615593195,-0.052984073758125305,0.04961887374520302,0.17306998372077942,-0.03223004937171936,-0.021196797490119934,0.08306301385164261,0.3653554916381836,-0.0015303910477086902,0.011458077467978,-0.0014767185784876347,-0.000798935943748802,-0.0020989635959267616
-0.032305244356393814,-0.004296755883842707,0.005691705271601677,-0.0003895755216944963,0.011577065102756023,0.00019536857143975794,-0.00013967340055387467,2.4940125513239764e-05,-0.005070480518043041,-5.8513334806775674e-05,0.04551722854375839,-0.0220722034573555,-0.05171724036335945,-0.08627811819314957,-0.08736493438482285,-0.1572541445493698,0.015906918793916702,0.14885357022285461,-0.05900539085268974,-0.07733000814914703,-0.08625081181526184,0.1803225576877594,-0.0015303910477086902,0.008721175603568554,-0.009481110610067844,-0.005046835169196129,-0.0022105667740106583
-0.049484383314847946,-0.003251349087804556,-0.12853462994098663,-0.000357165903551504,0.014579787850379944,0.00026272100512869656,-0.0001752212701831013,2.4940125513239764e-05,-0.006512141786515713,-1.5783625713083893e-05,-1.5584328174591064,-0.0160911213606596,-0.042147308588027954,-0.1224706768989563,0.002995095681399107,-0.04320818558335304,-0.06798873096704483,-0.07207802683115005,0.0015066687483340502,-0.07654748857021332,-0.06075862795114517,0.22021432220935822,2.5707437089295126e-05,0.00933717843145132,-0.0057157184928655624,-0.08959769457578659,-0.0015545323258265853
-0.0526028610765934,-0.00964893028140068,-0.14176928997039795,-0.000168959770235233,0.019597243517637253,2.107820546370931e-05,-0.00019472645362839103,7.362223550444469e-05,-0.008510192856192589,-1.5783625713083893e-05,-0.34634628891944885,-0.029700489714741707,-0.09734708815813065,-0.02360675297677517,-0.21309392154216766,-0.15632110834121704,-0.12547101080417633,-0.1709928810596466,-0.0012299033114686608,-0.06187652051448822,0.031214382499456406,0.24508030712604523,4.253838415024802e-05,0.01616007275879383,-0.005816310178488493,-0.06915517896413803,-0.0034936699084937572
-0.028552871197462082,-0.003084726631641388,-0.06625743210315704,-0.000357165903551504,0.02365195006132126,0.0002017644146690145,-0.0002569581556599587,2.4940125513239764e-05,-0.005037152208387852,-1.1924314094358124e-05,-0.25866833329200745,-0.013556288555264473,0.0020157292019575834,-0.04561870917677879,0.055123236030340195,-0.030757684260606766,-0.03382730484008789,0.24301894009113312,0.016874216496944427,-0.05980221554636955,-0.03889993578195572,0.466550350189209,4.253838415024802e-05,0.013068845495581627,-0.0054659307934343815,-0.0047162785194814205,-0.00166576006449759
-0.03064640238881111,0.0008860743255354464,-0.07173504680395126,-0.00012390376650728285,0.028291678056120872,6.150252011138946e-05,-0.0001955573243321851,0.0007354552508331835,-0.007164159324020147,-1.5783625713083893e-05,0.04017328470945358,-0.021329756826162338,-0.05671129748225212,0.043399568647146225,0.027650903910398483,0.0095325643196702,-0.07479271292686462,-0.09256592392921448,-0.0164053775370121,-0.046490710228681564,-0.08098850399255753,0.6055001020431519,4.253838415024802e-05,0.029093999415636063,-0.008910486474633217,-0.030073702335357666,-0.0025094766169786453
-0.007277833763509989,0.0014612035593017936,-0.06911147385835648,-0.0003511032846290618,0.031039254739880562,0.00012436295219231397,-0.00024073950771708041,2.4940125513239764e-05,-0.0048302351497113705,-1.1924314094358124e-05,0.07826457172632217,-0.0067063733004033566,0.03602513298392296,0.016162579879164696,-0.052043236792087555,0.014172420836985111,0.04092223569750786,0.46437686681747437,0.03697914257645607,0.025697479024529457,-0.018877480179071426,0.7027073502540588,4.253838415024802e-05,0.016838520765304565,0.001841788413003087,0.017223738133907318,-0.0015998260350897908
-0.006627088878303766,0.0006562735652551055,-0.04353436827659607,-0.0003919654991477728,0.03005285933613777,0.0006690933369100094,-0.00024260814825538546,7.362223550444469e-05,-0.002193767810240388,-1.1924314094358124e-05,0.055493876338005066,-0.0022302805446088314,0.00926368311047554,0.021266920492053032,0.12882626056671143,0.05164315924048424,0.043499257415533066,0.4284079074859619,0.04559517279267311,-0.008010199293494225,0.0008174331160262227,0.9292714595794678,4.253838415024802e-05,0.01668284647166729,0.004034026525914669,0.03135628253221512,-0.00163181871175766
0.05810574069619179,-0.0007284145103767514,0.0061087883077561855,-0.00012106467329431325,-0.03943614661693573,-0.00015911406080704182,-0.00043972625280730426,2.4940121875260957e-05,-0.004134033340960741,-1.788838198990561e-05,0.04399432614445686,0.04158392921090126,-0.039201099425554276,0.008940477855503559,-0.02585557848215103,-0.10698733478784561,-0.0684913843870163,0.10758402943611145,-0.017757272347807884,-0.018563151359558105,-0.06946417689323425,0.04169101268053055,4.253838415024802e-05,0.03830268234014511,-0.017047543078660965,-0.10319805145263672,-0.0011274093994870782
0.07075364887714386,-0.004998358897864819,0.017978839576244354,-0.0003047352365683764,-0.029363613575696945,-0.0001817291631596163,-0.000865022127982229,1.8565504433354363e-05,-0.004347170237451792,-2.174321525671985e-05,0.0389479324221611,0.036626286804676056,-0.049965787678956985,-0.03467627242207527,-0.036675386130809784,-0.056178320199251175,-0.06539418548345566,0.09434665739536285,-0.0057837944477796555,-0.037894587963819504,-0.05594625696539879,-0.03111131489276886,4.253838415024802e-05,0.040446992963552475,-0.00582865159958601,0.015003754757344723,0.032969024032354355
0.07878290116786957,-0.0007843823404982686,0.012382673099637032,-0.00029966398142278194,-0.059768300503492355,-6.902335007907823e-05,-0.0003178193583153188,1.8565504433354363e-05,-0.004341128282248974,-3.2782678317744285e-05,0.027682796120643616,0.03826172649860382,0.5539416074752808,0.05361269414424896,0.048145029693841934,-0.023873647674918175,-0.042409587651491165,-0.04741455987095833,-0.031007451936602592,0.6229184865951538,0.05410725250840187,0.049450699239969254,4.253838415024802e-05,0.024012697860598564,-0.0018192824209108949,0.013729136437177658,0.03630954399704933
-0.019565919414162636,-0.013425544835627079,0.005754255224019289,-0.0004964025574736297,-0.020166466012597084,1.5311525203287601e-06,-0.0003949202655348927,2.4940125513239764e-05,-0.004186736419796944,-5.8513334806775674e-05,0.04010825604200363,-0.010381173342466354,-0.0809144601225853,0.001993337878957391,-0.00012003524170722812,0.07904283702373505,0.07259844243526459,0.14968866109848022,-0.017948133870959282,0.014106583781540394,0.047284144908189774,-0.23933519423007965,4.253838415024802e-05,0.0109788179397583,0.002874162048101425,0.006727822124958038,-0.0020420816726982594
-0.03553418070077896,-0.0200212299823761,0.019742915406823158,-0.00016249297186732292,-0.05039419233798981,-2.112757647410035e-05,-0.001235884614288807,2.4940125513239764e-05,-0.003976868465542793,-3.2782678317744285e-05,0.03182563558220863,-0.014366884715855122,0.001643681083805859,-0.04256144538521767,-0.01968924142420292,0.02712487243115902,-0.03627898916602135,-0.17014366388320923,-0.021113067865371704,-0.10350976884365082,0.03743501007556915,-0.2578529119491577,4.253838415024802e-05,0.02109428681433201,-0.0007993220933713019,0.018381230533123016,-0.004706264473497868
-0.02359755150973797,-0.018347617238759995,0.0062105692923069,-0.0003919654991477728,-0.02780042588710785,-1.2624932423932478e-05,-0.0004658024699892849,2.4940125513239764e-05,-0.0042213634587824345,-2.0058549125678837e-05,0.03855343163013458,0.021265536546707153,-0.0825480967760086,-0.04071817919611931,-0.012521332129836082,-0.09175530076026917,-0.047671783715486526,0.17391350865364075,-0.011697418056428432,-0.07477805763483047,-0.020001577213406563,-0.3078307807445526,4.253838415024802e-05,0.011790354736149311,0.0036855333019047976,0.008079842664301395,-0.0019817219581454992
-0.01052387710660696,-0.0003084847121499479,0.004341598600149155,0.00043912490946240723,0.017173951491713524,9.159630280919373e-07,-0.0009009426576085389,2.4940125513239764e-05,-0.0027010529302060604,-2.5842162358458154e-05,0.05638014152646065,-0.008877207525074482,-0.054332759231328964,0.035188790410757065,0.03283132612705231,-0.028258971869945526,0.09240863472223282,0.14340566098690033,0.005207082722336054,-0.020957283675670624,0.004326316062361002,0.06551762670278549,4.253838415024802e-05,-0.015572451055049896,-0.007400953210890293,0.012675238773226738,-0.0016740160062909126
0.03132764995098114,-0.0019459064351394773,0.004571198485791683,-0.0003371448547113687,0.03257466107606888,0.0035945307463407516,-0.00016943782975431532,2.4940121875260957e-05,-0.003996944520622492,-3.3679312764434144e-05,0.0832037404179573,-0.006768434774130583,0.03001329116523266,0.06762143224477768,0.10031308233737946,-0.050788410007953644,0.09739162772893906,0.29703277349472046,0.048217449337244034,0.022910941392183304,-0.013335980474948883,0.8423361778259277,0.0005101304268464446,0.013164212927222252,0.0013294197851791978,0.010533574968576431,-0.0012857542606070638
0.0500296875834465,-0.00203696358948946,0.004289776552468538,-0.0003371448547113687,0.03341643512248993,0.0035945307463407516,-0.0001866296079242602,2.4940121875260957e-05,-0.003832088550552726,-3.3679312764434144e-05,0.07606137543916702,-0.008335334248840809,0.037962764501571655,0.053557973355054855,0.005249314941465855,-0.0485868863761425,0.0951121523976326,0.21896427869796753,0.027988268062472343,0.01919136941432953,-0.020415717735886574,0.7289423942565918,4.253838415024802e-05,0.014334416016936302,-0.00025795644614845514,-8.944400178734213e-05,-0.0012868208577856421
0.06948542594909668,-0.001638741116039455,0.004645560868084431,-0.0003047352365683764,0.029967710375785828,0.0035945307463407516,-0.00022312098008114845,2.4940121875260957e-05,-0.003928639460355043,-1.4769367226108443e-05,0.0707690417766571,-0.008773891255259514,0.026057058945298195,0.053829535841941833,-0.0037853349931538105,-0.027601584792137146,-0.08103056252002716,0.22849364578723907,-0.02622988447546959,0.0048063695430755615,-0.019988898187875748,0.6163792014122009,4.253838415024802e-05,0.037586599588394165,-0.0046525560319423676,-0.001505837426520884,-0.0013181627728044987
-0.024692116305232048,-0.004032402765005827,0.010988693684339523,-0.00015643035294488072,-0.02624806948006153,-0.00019869679817929864,-0.0002259487082483247,2.4940125513239764e-05,-0.005898564588278532,-2.102640428347513e-05,0.06449823081493378,-0.016760317608714104,-0.013740696012973785,-0.006460788194090128,0.03385549411177635,-0.012714470736682415,-0.03838449344038963,-0.06105225533246994,-0.01276097260415554,0.013567106798291206,0.05570371076464653,0.6034842133522034,4.253838415024802e-05,0.012715973891317844,-0.00214713579043746,-0.05019725486636162,-0.0035090437158942223
-0.015594249591231346,-0.004641218576580286,0.012576988898217678,-0.0001168775197584182,-0.0216988492757082,0.0003849224594887346,-0.00024866111925803125,2.4940125513239764e-05,-0.004756446927785873,-2.102640428347513e-05,0.07084789872169495,0.02687736228108406,0.04517919570207596,0.07743538171052933,0.08666162937879562,-0.02804526314139366,0.20599347352981567,0.012214704416692257,-0.0017437840579077601,0.030918410047888756,0.12352089583873749,0.6395502090454102,4.253838415024802e-05,0.008709230460226536,-0.00456455210223794,-0.05044921115040779,-0.0026969905011355877
-0.04173090681433678,-0.007289986591786146,0.009406933560967445,-0.00012996638542972505,-0.05230855941772461,0.00020256551215425134,-0.0002565119066275656,0.00010008516255766153,-0.005970195401459932,-2.102640428347513e-05,-0.24665872752666473,-0.02571049891412258,-0.04936770722270012,-0.016555653885006905,0.04654635116457939,-0.06558114290237427,-0.020987538620829582,-0.16493940353393555,-0.007806345354765654,-0.01926208660006523,-0.0862734466791153,0.2380908876657486,4.253838415024802e-05,0.019175520166754723,-0.007753889542073011,-0.09363333880901337,-0.00421496108174324
-0.01522074081003666,0.0013200234388932586,0.017301131039857864,-7.964321412146091e-05,-0.05034765601158142,-5.414482075138949e-06,-0.0016669593751430511,2.4940125513239764e-05,-0.00843494851142168,-2.7297597625874914e-05,0.048842981457710266,0.035412199795246124,-0.03776634857058525,-0.013595528900623322,0.01364825014024973,0.037980545312166214,-0.028249474242329597,-0.05933213606476784,-0.0072373016737401485,-0.06585655361413956,0.045162383466959,-0.01875215582549572,4.253838415024802e-05,0.008427461609244347,-0.008808386512100697,-0.10675846040248871,-0.0037465193308889866
0.039976757019758224,0.0002850597957149148,-0.04194559156894684,-0.0001118836589739658,0.034066494554281235,-5.443513873615302e-05,0.00014019626541994512,2.4940121875260957e-05,-0.0022644097916781902,-1.84680047823349e-05,-0.029957300052046776,-0.003659425536170602,0.26042667031288147,-0.10306652635335922,0.053603433072566986,0.1367250233888626,0.026609277352690697,0.1777639538049698,0.009952097199857235,0.5762403011322021,-0.06864955276250839,0.05244818702340126,3.245192419853993e-05,-0.02066216990351677,0.0013030546251684427,0.009805749170482159,-0.0010368204675614834
0.0932573676109314,0.005085659679025412,0.01183924451470375,-0.00012106467329431325,-0.016340328380465508,-0.00036056345561519265,-0.0003706395800691098,2.4940121875260957e-05,-0.0036887924652546644,-4.777465801453218e-05,0.037991948425769806,0.019571729004383087,0.024769695475697517,0.05834019184112549,0.02179858274757862,-0.00922895222902298,0.010789732448756695,0.04360787943005562,0.028612812981009483,-0.022354504093527794,-0.06633643805980682,0.04888371750712395,4.253838415024802e-05,0.010958924889564514,0.010065235197544098,0.018208587542176247,-0.0015305661363527179
0.08840526640415192,0.005958232097327709,0.012027536518871784,-0.0003047352365683764,-0.021919025108218193,-0.00036056345561519265,-0.00032195725361816585,1.8565504433354363e-05,-0.004438809119164944,-4.777465801453218e-05,0.04020945727825165,0.017745766788721085,0.009065672755241394,0.05405886843800545,0.014031386002898216,-0.01116077322512865,0.007837585173547268,0.046082399785518646,0.018534671515226364,-0.03379179909825325,-0.07553098350763321,0.019031984731554985,4.253838415024802e-05,0.011405288241803646,-0.02955791912972927,0.018147462978959084,0.026615198701620102
-0.031263139098882675,-0.001619276823475957,0.01793520711362362,-0.00013495133316610008,0.04778026044368744,-3.9694168663118035e-07,0.0011208656942471862,2.4940125513239764e-05,-0.006218564696609974,-4.777465801453218e-05,0.03770061954855919,-0.010452424176037312,-0.03844936192035675,-0.06177902594208717,0.012299471534788609,0.08236102759838104,-0.14377517998218536,-0.14070037007331848,-0.002943995175883174,0.01971624046564102,-0.055208154022693634,0.11891874670982361,4.253838415024802e-05,0.040825340896844864,0.0032204564195126295,0.010315870866179466,-0.002806856296956539
0.038001302629709244,0.002952909329906106,0.010756232775747776,-0.00014448717411141843,0.06697250157594681,-0.0002945797750726342,-0.0006103483028709888,-0.0007354552508331835,-0.009442223235964775,-3.2782678317744285e-05,0.025374220684170723,-0.01351245678961277,0.011745832860469818,0.05107731372117996,0.06190253421664238,0.1097702905535698,-0.04069681838154793,-0.20580704510211945,0.000506147975102067,-0.09072626382112503,0.07860077172517776,0.31989941000938416,2.1934569303994067e-05,0.022055063396692276,-0.0007036156603135169,0.008133827708661556,-0.0037699376698583364
0.026926351711153984,-2.1830455807503313e-06,0.004799594171345234,-0.0003047352365683764,0.017335986718535423,5.326427344698459e-05,0.001050977618433535,2.4940121875260957e-05,0.017600717023015022,-2.0058549125678837e-05,0.03714173287153244,0.04108218476176262,0.0021595347207039595,0.032172251492738724,-0.005777022801339626,-0.044758278876543045,0.019701853394508362,0.1972878873348236,-0.003537873737514019,-0.0019151991000398993,-0.03303532674908638,0.3374232053756714,2.4556829885113984e-05,0.01668563112616539,0.0019718764815479517,0.005924339406192303,-0.001231181202456355
0.011157163418829441,-0.0006990707479417324,0.008373742923140526,-0.0001768968068063259,0.03321302309632301,0.0005680365720763803,0.0006400170968845487,7.362222822848707e-05,0.041264064610004425,-3.2782678317744285e-05,0.04345843195915222,-0.005785420071333647,0.035804927349090576,0.9078997373580933,0.06554137915372849,0.1626708060503006,0.12630121409893036,-0.11396817117929459,0.01742718182504177,0.05604417249560356,0.08552930504083633,0.6524340510368347,2.4556829885113984e-05,-0.006348473485559225,0.001972295343875885,0.00929735042154789,-0.001486116205342114
0.04224328324198723,-0.024654222652316093,0.01941864937543869,8.757202886044979e-05,0.05380997434258461,-7.447264215443283e-05,-0.0013224211288616061,2.4940121875260957e-05,-0.0030160979367792606,-4.777465801453218e-05,0.02632354013621807,-0.012444865889847279,0.012550636194646358,0.0180268045514822,0.011151342652738094,-0.058667633682489395,-0.09216836839914322,-0.16033631563186646,-0.018327947705984116,-0.09145483374595642,-0.07031702995300293,0.11491843312978745,4.253838415024802e-05,0.060181792825460434,0.010125501081347466,0.009058892726898193,-0.0021235360763967037
-0.009670373983681202,-0.0018963102484121919,0.008264116942882538,-7.840526814106852e-05,0.0523771196603775,-0.00011979428381891921,0.0007583318511024117,7.362222822848707e-05,0.03811070695519447,-2.102640428347513e-05,0.03569294139742851,-0.013675965368747711,0.03698912635445595,1.1077154874801636,-0.12323551625013351,0.036192938685417175,-0.029102561995387077,-0.1114683449268341,0.020577941089868546,0.05734836310148239,0.09157054871320724,0.4023853540420532,2.4556829885113984e-05,0.015624026767909527,-9.337470692116767e-05,-0.028749722987413406,-0.0017665057675912976
0.005842504557222128,-0.0008775326423346996,0.0050550345331430435,-0.000324180000461638,-0.03550819307565689,-0.00010695843957364559,-0.0003859247954096645,2.4940125513239764e-05,-0.0034319183323532343,-1.788838198990561e-05,0.048059020191431046,0.02881602756679058,-0.05609538406133652,0.04797885939478874,0.010507065802812576,-0.04260927438735962,0.008681701496243477,0.12056080251932144,-0.015992041677236557,0.030428143218159676,-0.047341566532850266,-0.04759531468153,3.245192419853993e-05,0.004955129232257605,-0.011845150962471962,-0.12979435920715332,-0.0013416194124147296
0.013461699709296227,-0.0008584460010752082,0.005835856311023235,-0.00011383637320250273,-0.023054905235767365,-0.00012773717753589153,-0.0008865421405062079,2.4940125513239764e-05,-0.003758862381801009,-1.842888377723284e-05,0.044514093548059464,0.01348203793168068,-0.032329630106687546,0.02155596949160099,-0.024663398042321205,9.795212827157229e-05,-0.025674404576420784,0.09563431888818741,-0.0013113253517076373,-0.024524478241801262,-0.0467163622379303,0.013388628140091896,3.245192419853993e-05,0.010645457543432713,0.0021347953006625175,0.014596776105463505,-0.001420475309714675
0.03341766819357872,0.0025040728505700827,0.012661957181990147,-0.00011383637320250273,-0.03107798658311367,-0.00032694239052943885,-0.000341675739036873,2.4940121875260957e-05,-0.0033588609658181667,-4.777465801453218e-05,0.046506814658641815,0.02266356348991394,0.029244469478726387,0.02950589545071125,0.009369713254272938,-0.015439500100910664,-0.005613693501800299,-0.010964961722493172,-0.014416894875466824,-0.06138395145535469,-0.009886831976473331,-0.013945388607680798,3.245192419853993e-05,0.01036570593714714,0.0039675356820225716,0.02142372913658619,-0.0019043716602027416
0.07851674407720566,0.0008026731084100902,0.00884345080703497,-0.00011064704449381679,-0.03390083089470863,-3.714404738275334e-05,-0.0006186860846355557,2.4940121875260957e-05,-0.006586228497326374,-2.8390964871505275e-05,0.02526548132300377,0.007942083291709423,-0.08417350053787231,-0.7068169116973877,-0.017359456047415733,-0.006626620888710022,-0.04602278023958206,-0.010826187208294868,-0.0188212338835001,0.5141085386276245,-0.07530059665441513,-0.013277517631649971,1.824260107241571e-05,-0.020562905818223953,-0.008836920373141766,0.010610919445753098,-0.0009538432932458818
-0.011012407951056957,-0.0018998259911313653,0.0057555874809622765,-7.693847874179482e-05,0.020308783277869225,0.0005826547276228666,-0.00023200477880891412,0.00010008516255766153,-0.0023286575451493263,-9.21264145290479e-05,0.05129710212349892,0.027737421914935112,0.04169788584113121,-0.016405552625656128,0.023221921175718307,0.11680031567811966,0.13217021524906158,0.17760120332241058,0.005986104253679514,-0.023096909746527672,0.004194957669824362,0.0896812453866005,0.0005101304268464446,-0.053805481642484665,-0.006305420771241188,0.007668286561965942,-0.0017241759924218059
-0.007536885794252157,-0.0029989706818014383,0.018036173656582832,-8.188201900338754e-05,0.05125000700354576,0.0004328048089519143,-0.0010830839164555073,2.4940125513239764e-05,-0.006262955721467733,-0.00033724206150509417,0.049217045307159424,0.017269669100642204,-0.057732611894607544,-0.030876269564032555,-0.04870946332812309,0.09358510375022888,0.09460332989692688,-0.14875726401805878,-0.004422449041157961,-0.09607059508562088,0.051050569862127304,0.008205144666135311,0.00012083286128472537,-0.02908019721508026,-0.014809364452958107,0.009061364457011223,-0.0031978129409253597
-0.030500780791044235,-0.0026957164518535137,0.02065027691423893,0.00010807049693539739,0.06167063117027283,-2.0933603082085028e-05,-0.0015865188324823976,2.4940125513239764e-05,-0.004344882909208536,-4.777465801453218e-05,0.042498476803302765,0.02072776108980179,-0.037703003734350204,0.0057447729632258415,-0.04014481604099274,-0.06926055997610092,0.006251767743378878,-0.14007018506526947,-0.002873167395591736,-0.02916869893670082,-0.024985309690237045,0.04236530140042305,4.253838415024802e-05,-0.04407908022403717,-0.01340069342404604,0.012723563238978386,-0.002793016843497753
-0.05330599099397659,-0.0025802128948271275,0.016122614964842796,-0.00013780652079731226,-0.08491324633359909,-2.0670877347583883e-05,-0.0015941800083965063,2.4940125513239764e-05,-0.004875237122178078,-4.777465801453218e-05,0.03680836781859398,0.014784300699830055,-0.023831993341445923,-0.012362081557512283,-0.040429115295410156,-0.05954165756702423,-0.0553501695394516,-0.34000617265701294,-0.013886549510061741,-0.05853617563843727,-0.008102033287286758,0.08911637961864471,4.253838415024802e-05,-0.0891723558306694,-0.01868605986237526,0.0146980881690979,-0.0030350396409630775
0.08955862373113632,0.005995593965053558,0.010138271376490593,-0.00011383637320250273,0.019613975659012794,-0.0003495973942335695,0.0019754960667341948,2.4940121875260957e-05,-0.0023695523850619793,-4.777465801453218e-05,0.0436832532286644,0.022305302321910858,0.0477939210832119,0.05040555074810982,0.007093663793057203,0.019787179306149483,-0.025349151343107224,0.05038505420088768,0.024960611015558243,-0.0244517233222723,-0.020867394283413887,0.039337314665317535,3.245192419853993e-05,0.028857316821813583,0.0026053492911159992,0.010431940667331219,-0.0014818029012531042
-0.019580287858843803,-0.003948387689888477,0.018053298816084862,-9.666314872447401e-05,-0.021084370091557503,-5.704628711100668e-05,-0.0011126174358651042,2.4940125513239764e-05,-0.0038565730210393667,-0.00033724206150509417,0.06166207045316696,-0.020234018564224243,-0.006621628534048796,0.05111818015575409,-0.07493259757757187,-0.016982756555080414,0.039759621024131775,0.03963014483451843,-0.01394601445645094,-0.12447597086429596,0.03593340516090393,-0.04693448916077614,0.0003100579488091171,0.0037818269338458776,0.004326905123889446,0.029381349682807922,-0.002745178760960698
-0.02189546637237072,-0.005394949112087488,0.004534241743385792,-0.0001793085248209536,-0.0181200560182333,-4.172929038759321e-05,-0.00019344377506058663,2.4940125513239764e-05,-0.0024731496814638376,-2.5842162358458154e-05,0.016892867162823677,-0.012849720194935799,-0.13828584551811218,-0.024499796330928802,0.006428827065974474,-0.07273000478744507,0.034639038145542145,0.07983208447694778,-0.036155831068754196,-0.1186579018831253,-0.021371202543377876,-0.11701960116624832,3.245192419853993e-05,0.0054061622358858585,0.0012643573572859168,0.01595018059015274,-0.002081072423607111
-0.020356731489300728,-0.009442533366382122,0.010924995876848698,-0.00014474296767730266,-0.01956464909017086,-6.654270691797137e-05,-0.00028653827030211687,2.4940125513239764e-05,-0.004824845120310783,-0.00033724206150509417,-0.04468090087175369,-0.0321933813393116,-0.12175244837999344,-0.025258956477046013,-0.12786643207073212,-0.08438900113105774,-0.002620887476950884,-0.006959880236536264,-0.031135395169258118,-0.15435953438282013,-0.033511534333229065,-0.09687832742929459,3.245192419853993e-05,0.004095542710274458,0.011280950158834457,0.026380741968750954,-0.003252069465816021
-0.02369488775730133,0.00534838018938899,0.00399702088907361,-6.75475166644901e-05,-0.023570656776428223,-0.0002570223587099463,-0.00024913405650295317,2.4940121875260957e-05,-0.0027913087978959084,-2.5842162358458154e-05,0.033781107515096664,0.02172347716987133,0.02022799663245678,0.0018940884619951248,0.026337165385484695,-0.04255851358175278,-0.09246726334095001,0.14056864380836487,0.024862071499228477,-0.0058608390390872955,-0.010172104462981224,-0.00900682620704174,3.245192419853993e-05,0.052606839686632156,0.006791428197175264,0.011132393963634968,-0.0014774523442611098
0.007538388483226299,0.0032350639812648296,0.0041425032541155815,-0.00011383637320250273,-0.024641703814268112,-0.0002707779931370169,-0.00020625263277906924,0.00010008516255766153,-0.003396353218704462,-2.5842162358458154e-05,0.03160811588168144,0.019128436222672462,-0.10587399452924728,-0.0763663649559021,0.0029048926662653685,-0.08239143341779709,-0.15946927666664124,0.06694948673248291,-0.02320091240108013,-0.10256631672382355,-0.04792820289731026,-0.047342345118522644,3.245192419853993e-05,0.04542231932282448,0.005627077538520098,0.010393856093287468,-0.0016932784346863627
-0.025461465120315552,-0.0066954148933291435,0.012821587733924389,-0.00015643035294488072,-0.022179605439305305,-9.690480510471389e-05,-0.00029374254518188536,2.4940125513239764e-05,-0.004415174480527639,-4.777465801453218e-05,0.03058890998363495,-0.01904180459678173,-0.05380193516612053,-0.04654191434383392,-0.0208150465041399,-0.02322027087211609,-0.026805192232131958,0.03317521512508392,-0.019574571400880814,-0.07367874681949615,0.04447775334119797,-0.02659623883664608,4.253838415024802e-05,0.008395006880164146,0.002417277777567506,0.02193748764693737,-0.003762259380891919
0.01754755899310112,-0.005467889364808798,0.015680301934480667,-0.00012322733527980745,0.040951814502477646,-1.8215543605037965e-05,-0.000626437074970454,-2.4940125513239764e-05,-0.004688749555498362,-0.00033724206150509417,-0.004542764741927385,-0.015315191820263863,-0.04114183038473129,-0.026857182383537292,0.025260092690587044,0.037186820060014725,0.03817840293049812,-0.33895501494407654,-0.010180396027863026,-0.0990898460149765,-0.025449002161622047,-0.01910502091050148,8.644736226415262e-05,0.008829104714095592,-0.001137217623181641,0.010730604641139507,-0.0035426735412329435
0.005025871563702822,-0.005852117203176022,0.007583783008158207,-0.00019465314107947052,0.0402633473277092,-8.148382767103612e-05,-9.951996617019176e-05,-7.362222822848707e-05,-0.00825613271445036,-0.00033724206150509417,-0.043532710522413254,-0.01998293586075306,-0.15650083124637604,-0.08990168571472168,-0.09099122136831284,0.028677109628915787,6.331771146506071e-06,-0.38752713799476624,-0.006580364424735308,-0.08076097816228867,-0.034111279994249344,-0.14602191746234894,1.824260107241571e-05,0.006145728286355734,-0.00022403952607419342,0.00749935582280159,-0.00443823728710413
-0.0248143058270216,-0.006577556487172842,0.016947979107499123,-7.840526814106852e-05,-0.06598987430334091,4.7256715333787724e-05,-0.0012791629415005445,0.00010008516255766153,-0.010913727805018425,-2.102640428347513e-05,0.06248048320412636,-0.02440887875854969,-0.07063475996255875,-0.049218952655792236,-0.14412778615951538,0.06567058712244034,-0.030559111386537552,-0.15547706186771393,-0.040639232844114304,-0.13712701201438904,0.038227975368499756,-0.0980110615491867,4.253838415024802e-05,0.02760113775730133,-0.003708024276420474,-0.09301674365997314,-0.004557707812637091
-0.028570741415023804,-0.010383936576545238,0.0067932987585663795,-0.0001355726708425209,-0.0417339913547039,6.634258170379326e-06,-0.0002178994909627363,0.00010008516255766153,-0.009488625451922417,-6.305762508418411e-05,0.006720461416989565,-0.04874585568904877,-0.1101345419883728,0.02950628660619259,-0.191289022564888,-0.14941616356372833,0.030602186918258667,-0.0761822909116745,-0.045872945338487625,-0.001554302405565977,-0.07100033015012741,-0.1271209567785263,4.253838415024802e-05,0.014805702492594719,-0.007436676416546106,-0.13020873069763184,-0.004116859287023544
-0.03658619523048401,-0.005516687408089638,0.004987228661775589,-0.00012390376650728285,-0.058079976588487625,-6.710381421726197e-05,-0.0002721001801546663,0.00010008516255766153,-0.010764872655272484,-2.102640428347513e-05,-1.417254090309143,-0.024999311193823814,-0.08612821996212006,-0.051996055990457535,-0.07527723163366318,0.04069656506180763,-0.021957222372293472,-0.10665025562047958,-0.0179786067456007,-0.1316409856081009,-0.06621550023555756,-0.184226855635643,2.5707437089295126e-05,0.009972544386982918,-0.004976851399987936,-0.16196808218955994,-0.0022975353058427572
-0.04252679646015167,-0.025893980637192726,0.003953840583562851,-0.00012996638542972505,-0.07431869208812714,-5.7598761486588046e-05,0.0010277274996042252,0.00010008516255766153,-0.010026860982179642,-2.102640428347513e-05,-1.5066043138504028,-0.02026967704296112,-0.10148841142654419,-0.059505149722099304,0.0024208021350204945,0.011607100255787373,-0.025705983862280846,-0.09047339856624603,-0.0169086754322052,-0.19193831086158752,-0.05693008005619049,-0.15466749668121338,1.596770016476512e-05,0.005662431474775076,-0.001323859323747456,-0.14902755618095398,-0.002218593144789338
0.004114180337637663,0.0009432273218408227,0.005269058048725128,-0.00019729259656742215,-0.0314127653837204,8.00789421191439e-05,-0.00033245451049879193,2.4940125513239764e-05,-0.003851414192467928,-1.4769367226108443e-05,0.06346645951271057,-0.01036839745938778,0.04130113869905472,0.028099998831748962,0.1148543730378151,0.16849090158939362,0.0162477046251297,0.35554245114326477,0.041143231093883514,0.066873699426651,0.09801378101110458,0.5980366468429565,4.253838415024802e-05,0.018999136984348297,-0.0011553801596164703,0.0002662097685970366,-0.0020566056482493877
-0.022686762735247612,0.0009117324370890856,0.013428070582449436,-9.666314872447401e-05,-0.035721562802791595,-2.809735269693192e-05,-0.0017372758593410254,2.4940125513239764e-05,-0.008589674718677998,-2.7297597625874914e-05,0.05670853331685066,-0.026869380846619606,-0.06581348180770874,-0.008725801482796669,-0.036295194178819656,0.03327365964651108,0.03132828697562218,-0.013353272341191769,-0.007688469253480434,-0.09567268192768097,0.023271815851330757,-0.10605248063802719,1.824260107241571e-05,0.004378547891974449,-0.009680639952421188,-0.13369429111480713,-0.002828201511874795
-0.04864192754030228,-0.0008837566711008549,0.015516426414251328,-6.75475166644901e-05,-0.09916140884160995,-1.2118563972762786e-05,-0.0007461389759555459,0.00010008516255766153,-0.004462617449462414,-2.7297597625874914e-05,0.04551096260547638,-0.04715384170413017,-0.14170029759407043,-0.07699910551309586,-0.009641043841838837,-0.08965250849723816,-0.03385487198829651,-0.2409200221300125,-0.003113280050456524,-0.08469440042972565,-0.03201685845851898,0.05806858837604523,3.245192419853993e-05,0.029871191829442978,-0.020385250449180603,-0.13610009849071503,-0.004121797624975443
-0.0390777513384819,-0.010066414251923561,0.008318471722304821,-5.062791387899779e-05,-0.07731638848781586,-6.90757660777308e-05,-0.00027319163200445473,0.00010008516255766153,-0.00724411616101861,-2.7297597625874914e-05,-0.036098282784223557,-0.04951490834355354,-0.172367662191391,-0.08271577209234238,-0.09081827104091644,-0.14873257279396057,-0.054548975080251694,-0.09055984020233154,-0.019279243424534798,-0.13437041640281677,-0.0070287128910422325,-0.1925068199634552,3.245192419853993e-05,0.010864878073334694,-0.032214488834142685,-0.17499859631061554,-0.005341929849237204
0.03353464603424072,0.0030346608255058527,0.009569368325173855,-0.00014448717411141843,0.058908428996801376,0.0006380359409376979,-0.00033244775841012597,-0.0007354552508331835,-0.010873193852603436,-2.102640428347513e-05,0.044368475675582886,-0.012621255591511726,0.02169683203101158,0.3398413360118866,0.055877819657325745,0.09374433010816574,-0.05327003076672554,-0.175371453166008,0.004796700552105904,0.03180237486958504,0.06838260591030121,0.418342262506485,2.1934569303994067e-05,0.013986642472445965,0.0019536532927304506,-0.02489565685391426,-0.002173737622797489
0.05323443561792374,0.0021245835814625025,0.01103848498314619,-0.00029966398142278194,0.10223443806171417,-2.8844289772678167e-05,0.00033019916736520827,2.4940121875260957e-05,0.03739841654896736,-3.2782678317744285e-05,0.03413010388612747,0.015897979959845543,0.4386228024959564,0.0232965350151062,0.027669459581375122,0.10868968069553375,0.01708560809493065,-0.11927016079425812,-0.05341204255819321,0.7423640489578247,-0.0061224098317325115,0.30842405557632446,1.5435931345564313e-05,-0.011760192923247814,0.00481289392337203,0.004829050973057747,-0.0013302299194037914
0.042989276349544525,0.0006198366172611713,0.010969938710331917,-0.00031353047234006226,0.09472817927598953,-4.439385520527139e-06,-1.5333262126659974e-05,2.4940121875260957e-05,0.04264083504676819,-6.657748599536717e-05,0.03733770176768303,0.014065315015614033,0.5392453074455261,0.1210329458117485,0.03963381424546242,0.11214818060398102,0.0323760025203228,-0.11525993049144745,0.07543258368968964,0.6534931063652039,0.04861815273761749,0.35800817608833313,5.92162468819879e-05,-0.00031086389208212495,-0.0010911535937339067,0.008269896730780602,-0.0010893475264310837
-0.020941980183124542,-0.0214843787252903,0.01919732429087162,-0.000357165903551504,0.06563110649585724,-1.6110036085592583e-05,-0.0012220788048580289,2.4940125513239764e-05,0.013762341812252998,-3.2782678317744285e-05,0.029888922348618507,-0.013141920790076256,0.007526128087192774,-0.055119819939136505,-0.0018505370244383812,0.167301207780838,-0.23965691030025482,-0.2868461310863495,-0.013890732079744339,-0.0709715411067009,-0.013988319784402847,-0.32967403531074524,2.4556829885113984e-05,-0.163844034075737,-0.008575373329222202,0.008120113052427769,-0.003130258060991764
0.016146650537848473,-0.007897495292127132,0.009169166907668114,-0.002158170798793435,0.04858962818980217,-6.0395788750611246e-05,-0.0009329523891210556,-7.362222822848707e-05,-0.00585565622895956,-0.00016188726294785738,0.0008878292283043265,-0.012944833375513554,-0.10092616081237793,-0.04518866911530495,0.021831193938851357,0.1158953458070755,0.07730625569820404,-0.16593705117702484,-0.0035900245420634747,-0.058462679386138916,-0.025014186277985573,0.047820765525102615,0.00012083286128472537,-0.022915927693247795,-0.003307997714728117,0.013675084337592125,-0.0034767051693052053
0.037265386432409286,0.0009017658303491771,0.011285888962447643,-0.00014448717411141843,0.06544572114944458,-0.00031110720010474324,-0.000982258701696992,-0.0007354552508331835,-0.008880600333213806,-3.2782678317744285e-05,0.01221124455332756,-0.012363067828118801,0.045449238270521164,-0.0004879796761088073,0.010842367075383663,0.1210448145866394,-0.03830869123339653,-0.13579358160495758,-0.007579438854008913,-0.061514001339673996,0.022364206612110138,0.02087164856493473,2.1934569303994067e-05,-0.04013298079371452,-0.003040729323402047,0.00649599451571703,-0.002794581698253751
0.004311279393732548,0.030362443998456,0.012711460702121258,-9.007418702822179e-05,0.06394623965024948,-6.0378628404578194e-05,-0.00017410317377652973,5.558139309869148e-05,-0.00470519345253706,0.00048566178884357214,0.02611549384891987,-0.007520575542002916,0.01363653689622879,0.13668838143348694,0.04057874158024788,0.22388900816440582,0.12043292820453644,-0.1591554582118988,0.05581369623541832,0.06864698976278305,0.08334653824567795,-0.011531103402376175,0.0005101304268464446,0.03335544466972351,0.007977321743965149,0.020842434838414192,0.08564890921115875
-0.02215864695608616,-0.0030903874430805445,0.013418944552540779,-8.446788706351072e-05,-0.03319544345140457,6.0511149058584124e-05,-0.0002211663668276742,5.558139309869148e-05,-0.005022179335355759,-3.2782678317744285e-05,0.04540063068270683,-0.013388127088546753,-0.06138351187109947,-0.00043946580262854695,0.04104474186897278,-0.06215282529592514,0.001226598396897316,-0.08028697222471237,-0.0027950285002589226,0.001184172579087317,0.07517441362142563,0.8741846084594727,4.253838415024802e-05,0.02120875008404255,-0.0057455385103821754,0.024960950016975403,0.08397326618432999
-0.027187902480363846,-0.0030903874430805445,0.013346074149012566,-8.446788706351072e-05,-0.03272751346230507,6.0511149058584124e-05,-0.0002211663668276742,5.558139309869148e-05,-0.005258118733763695,-3.2782678317744285e-05,0.03626841679215431,-0.015257187187671661,-0.06952176243066788,-0.0060346233658492565,0.028960295021533966,-0.06598823517560959,-0.014411943964660168,-0.0931040346622467,-0.003937784116715193,-0.011228619143366814,0.05117674171924591,0.6780905723571777,4.253838415024802e-05,0.020527392625808716,-0.006011608988046646,0.020957041531801224,0.08397326618432999
-0.055912163108587265,-0.006675832439213991,0.01308254711329937,-0.00012996638542972505,-0.10390357673168182,0.0006442805752158165,-0.0002307286049472168,2.4940121875260957e-05,-0.007001480553299189,-2.102640428347513e-05,0.05476720631122589,-0.024739060550928116,-0.14070598781108856,-0.13206151127815247,-0.004428067244589329,-0.11704627424478531,-0.0997617319226265,-0.3986797034740448,-0.017474450170993805,-0.060582276433706284,-0.08590458333492279,0.34117648005485535,4.253838415024802e-05,0.06653524935245514,-0.011875616386532784,-0.04239663854241371,-0.0028841879684478045
-0.008597693406045437,-0.0052709272131323814,0.010306045413017273,-0.0001540378580102697,0.02687571756541729,-7.155875209718943e-05,-0.001126382383517921,2.4940125513239764e-05,0.016021117568016052,-0.0001071134174708277,0.03175707161426544,0.013019920326769352,-0.07754362374544144,-0.3353835940361023,-0.01958385854959488,-0.04719455540180206,0.0014901234535500407,-0.18785429000854492,-0.0016267969040200114,0.0032689732033759356,-0.09381581842899323,0.1040518581867218,0.00014569573977496475,-0.022540047764778137,-0.009097067639231682,0.008074724115431309,-0.0016230734763666987
0.038135744631290436,-0.00038369750836864114,0.00984402745962143,-0.00014448717411141843,0.08185844123363495,-0.00031110720010474324,-0.000982258701696992,-0.0007354552508331835,-0.008687159046530724,-2.102640428347513e-05,0.020148074254393578,-0.01801326312124729,0.0623050332069397,-0.007898829877376556,0.009090865962207317,0.10242050141096115,-0.037509191781282425,-0.12087000161409378,-0.0010004715295508504,-0.059236686676740646,0.02747727558016777,0.021496102213859558,2.1934569303994067e-05,0.015460386872291565,-0.004116069059818983,-0.04507214576005936,-0.002592466538771987
-0.020159101113677025,0.032109055668115616,0.013453572988510132,-0.00022349283972289413,-0.03397209569811821,-2.809735269693192e-05,-0.00131840945687145,2.4940125513239764e-05,-0.006220364477485418,-2.102640428347513e-05,0.04019998013973236,-0.026310887187719345,-0.011026417836546898,-0.0221069548279047,0.0324898436665535,0.07816742360591888,0.08933664113283157,-0.003872607136145234,0.021005569025874138,-0.10099824517965317,0.06008318066596985,-0.6750079989433289,2.1934569303994067e-05,0.005279639735817909,-0.011159328743815422,-0.10663539916276932,-0.0029595205560326576
-0.03320923447608948,0.03114169090986252,0.017239658161997795,-0.00019729259656742215,-0.062449440360069275,-5.414482075138949e-06,-0.0013593952171504498,2.4940125513239764e-05,-0.006584992632269859,-2.102640428347513e-05,0.03442216292023659,-0.02553204633295536,-0.05237334966659546,-0.03496259078383446,0.020664138719439507,0.03889082372188568,-0.0009024965111166239,-0.09740143269300461,0.022736353799700737,-0.10801342874765396,0.04611525684595108,-0.7576064467430115,4.253838415024802e-05,0.01015465147793293,-0.014736345037817955,-0.09769958257675171,-0.004142997320741415
-0.05461231619119644,-0.038894444704055786,0.013727330602705479,-0.00012996638542972505,-0.11185862123966217,-3.652326995506883e-05,-0.0002307286049472168,2.4940121875260957e-05,-0.005853898823261261,-2.102640428347513e-05,0.02536819688975811,-0.042778994888067245,-0.23811769485473633,-0.16852331161499023,-0.03886767849326134,-0.17348900437355042,-0.1562288999557495,-0.2911059856414795,0.008331525139510632,-0.048863403499126434,-0.03514856845140457,-1.1269341707229614,4.253838415024802e-05,0.0765141174197197,-0.024983609095215797,-0.09961026906967163,-0.0028856846038252115
-0.036924075335264206,0.007612314540892839,0.004295557737350464,-0.0019033196149393916,-0.04311301186680794,-4.700476711150259e-05,-0.000333527015754953,2.4940125513239764e-05,-0.005208119284361601,-2.353443233005237e-05,0.018470196053385735,-0.05362090840935707,-0.10493281483650208,-0.9384033679962158,-0.06272187829017639,-0.1918714940547943,-0.002318741288036108,0.06670664250850677,-0.12427468597888947,-0.07489775866270065,-0.13902579247951508,-1.1299810409545898,4.253838415024802e-05,0.005326019134372473,-0.023297375068068504,-0.1727115511894226,-0.0013392013497650623
-0.028363367542624474,-0.0006117024458944798,-0.07950993627309799,-0.00012390376650728285,0.013930540531873703,0.0004896855680271983,-0.00024560888414271176,2.4940125513239764e-05,-0.007277240976691246,-1.5186660675681196e-05,0.057480450719594955,-0.01441748347133398,0.025498220697045326,-0.06849805265665054,-0.19070330262184143,-0.05392002686858177,-0.06437335163354874,0.1974833756685257,0.014291747473180294,-0.06928814202547073,-0.05599452927708626,0.2567601799964905,4.253838415024802e-05,-0.06327912956476212,-0.000602196843829006,-0.013331033289432526,-0.0017045115819200873
-0.07711555063724518,-0.019108319655060768,-0.25659340620040894,-0.00012996638542972505,0.014716424979269505,-1.9557450286811218e-05,-0.00022337758855428547,0.00010008516255766153,-0.0077482410706579685,-2.1795372958877124e-05,0.0015009092167019844,-0.06733197718858719,-0.33670082688331604,-0.2230435311794281,-0.09321383386850357,-0.23770996928215027,-0.4918683171272278,-0.1358162760734558,-0.10885946452617645,-0.0916016548871994,-0.19640043377876282,-1.351063847541809,4.253838415024802e-05,-0.2573437988758087,-0.032264139503240585,0.0031337204854935408,-0.0026431926526129246
-0.046081215143203735,-0.03932030871510506,-0.20148077607154846,-0.0003919654991477728,0.011692089028656483,-1.438340768800117e-05,-0.00017704456695355475,2.4940125513239764e-05,-0.0066459933295845985,-2.1795372958877124e-05,0.013902570120990276,-0.04352039843797684,-0.02324768900871277,-0.22301678359508514,-0.026969101279973984,-0.15630322694778442,-0.3804936408996582,-0.013369245454668999,0.014479354955255985,-0.07324028015136719,-0.021352408453822136,-1.0577037334442139,4.253838415024802e-05,-0.17790965735912323,-0.03134811297059059,0.005853797774761915,-0.001992285018786788
-0.016178404912352562,-0.009851389564573765,-0.06878219544887543,-0.0003919654991477728,0.017735721543431282,-1.6507892723893747e-05,-0.00026986387092620134,2.4940125513239764e-05,-0.002619270235300064,-1.5186660675681196e-05,0.028493503108620644,-0.01942618191242218,0.0013529218267649412,0.05292436480522156,-0.02488824538886547,0.016131099313497543,0.11220889538526535,0.23861581087112427,-0.03699271008372307,-0.016751162707805634,-0.1063508614897728,-0.9399732351303101,4.253838415024802e-05,-0.024820076301693916,-0.006399721838533878,0.009489710442721844,-0.001423062989488244
-0.021137826144695282,0.005850459914654493,-0.05675395578145981,-6.75475166644901e-05,0.018407540395855904,-7.110000296961516e-05,-0.0002093956427415833,7.362223550444469e-05,-0.003966886550188065,-1.84680047823349e-05,0.019642630591988564,-0.01105506718158722,-0.01599513553082943,-0.07420384883880615,0.007491979282349348,-0.04889611899852753,-0.0474272295832634,0.1215883269906044,-0.017456889152526855,-0.08665350824594498,-0.005392936058342457,-0.12092818319797516,3.245192419853993e-05,0.017817387357354164,0.001274711568839848,0.004477701615542173,-0.001771098468452692
-0.025715980678796768,-0.006106074899435043,0.012844626791775227,-7.722219015704468e-05,-0.022693999111652374,-9.690480510471389e-05,-0.00029374254518188536,2.4940125513239764e-05,-0.0048802816309034824,-4.777465801453218e-05,0.024736369028687477,-0.017368244007229805,-0.06360326707363129,-0.059264153242111206,-0.04657560586929321,-0.0323326401412487,-0.018830427899956703,0.025141259655356407,-0.019855057820677757,-0.08560002595186234,0.03515663743019104,-0.12868689000606537,3.245192419853993e-05,0.007051197346299887,0.002214527688920498,0.0214566458016634,-0.0035410679411143064
0.01944279670715332,0.006802993360906839,0.00902171153575182,-0.0003371448547113687,0.08017802983522415,-5.154125392436981e-05,-0.00023284296912606806,-7.362221367657185e-05,-0.005910167470574379,-6.305762508418411e-05,0.033806100487709045,-0.01552621927112341,0.04729444533586502,0.04643537476658821,0.04869592562317848,0.1359350085258484,0.06661119312047958,-0.2171463817358017,-0.024826226755976677,0.025957545265555382,-0.05254840478301048,0.16716061532497406,0.00012083286128472537,0.013505137525498867,0.0019342057639732957,-0.05591808259487152,-0.002728959545493126
0.055292341858148575,-0.005352274514734745,0.011705064214766026,-0.000324180000461638,0.050691887736320496,-5.8511344832368195e-05,0.003369763260707259,2.4940125513239764e-05,-0.0019061675993725657,-4.777465801453218e-05,0.04588424414396286,0.0123799042776227,-0.02524738386273384,0.013984231278300285,0.02807563915848732,0.1680699586868286,-0.0015992283588275313,-0.09888436645269394,-0.004395275376737118,0.06140419468283653,-0.01048216875642538,0.044233206659555435,3.245192419853993e-05,0.012019203044474125,0.0011550192721188068,0.013368688523769379,-0.002832547528669238
-0.033191997557878494,-0.0007967241108417511,0.003949747886508703,-0.0001793085248209536,0.016163334250450134,-4.3270967580610886e-05,0.0009561854531057179,7.362223550444469e-05,-0.002858947031199932,-9.21264145290479e-05,0.016957201063632965,-0.016377219930291176,-0.11707625538110733,-0.09229687601327896,0.01763707771897316,-0.08892873674631119,0.01120766717940569,0.056390851736068726,-0.01664547808468342,0.015872739255428314,-0.01368752308189869,-0.09189724177122116,3.245192419853993e-05,0.00495977234095335,-0.002070510992780328,0.007916457951068878,-0.002220539143308997
-0.02154664695262909,-0.00298777362331748,0.011809463612735271,-8.9726694568526e-05,0.04733746126294136,-4.7028312110342085e-05,0.001557072508148849,7.362223550444469e-05,-0.005028298124670982,-4.777465801453218e-05,0.04859582334756851,0.013403606601059437,-0.08635061234235764,-0.054568927735090256,0.008335137739777565,0.08403120189905167,-0.014054421335458755,-0.2334659993648529,-0.006407656706869602,0.05662400647997856,0.018847493454813957,-0.02019958384335041,3.245192419853993e-05,0.01708889752626419,0.000850772310514003,0.009286143817007542,-0.00431709922850132
-0.030003659427165985,0.002373244147747755,-0.05889510363340378,-8.9726694568526e-05,0.014862257987260818,-8.473140769638121e-05,-0.00021615841251332313,7.362223550444469e-05,-0.0031482495833188295,-1.84680047823349e-05,0.03911646828055382,-0.012329516001045704,-0.10520897060632706,-0.08930704742670059,0.021382126957178116,-0.0777025818824768,-0.08502035588026047,0.10743531584739685,-0.02745174802839756,-0.10962069034576416,0.003149889875203371,-0.10995965451002121,3.245192419853993e-05,0.03646673634648323,0.002242540940642357,0.004692105110734701,-0.0021828978788107634
0.01620619371533394,-0.0027320643421262503,0.010179433040320873,-0.00011334625742165372,0.04676443338394165,-4.4011325371684507e-05,-0.0011210960801690817,2.4940121875260957e-05,-0.011542873457074165,-0.00033724206150509417,0.030294343829154968,0.009822488762438297,0.31418001651763916,-0.15834298729896545,-0.12168260663747787,0.031774573028087616,-0.005549645517021418,-0.1030317172408104,-0.05093834921717644,0.454980731010437,-0.023517828434705734,-0.027846241369843483,8.644736226415262e-05,-0.020848410204052925,-0.0017232891405001283,0.005825081840157509,-0.0011768592521548271
-0.001563505851663649,0.0010460412595421076,0.010305442847311497,-9.007418702822179e-05,0.05444889888167381,-0.0001247503241756931,-0.00022612845350522548,2.4940121875260957e-05,0.036739084869623184,-3.2782678317744285e-05,0.014962447807192802,0.025880010798573494,0.07970106601715088,0.03294598311185837,-0.01208536233752966,0.22735251486301422,0.1417645663022995,-0.15554331243038177,0.009725378826260567,0.1171460971236229,0.06173941493034363,0.049699101597070694,2.4556829885113984e-05,-0.03006795607507229,0.01249826978892088,0.008513455279171467,-0.002324215369299054
-0.03412823751568794,-0.021747587248682976,-0.16812539100646973,-6.75475166644901e-05,0.02376951277256012,-3.54406402038876e-05,-0.00031151060829870403,2.4940121875260957e-05,-0.01021009124815464,-2.847104951797519e-05,-0.15452434122562408,-0.012529492378234863,-0.12360524386167526,-0.1489810198545456,-0.008009050041437149,0.00919125322252512,-0.11389286071062088,-0.04805753752589226,-0.016871700063347816,-0.15656131505966187,-0.0799996480345726,0.04322303086519241,3.245192419853993e-05,-0.03933165594935417,-0.006541258655488491,0.008592263795435429,-0.0014950522454455495
-0.014892897568643093,-0.002590404823422432,0.012620148248970509,-5.062791387899779e-05,0.06380600482225418,-0.00010582256072666496,0.0017733286367729306,0.0007354552508331835,0.035928525030612946,-4.777465801453218e-05,0.047469332814216614,0.02188751846551895,0.0532652772963047,0.013747317716479301,0.01374344527721405,0.16110913455486298,0.008189124055206776,-0.1300426721572876,-0.0006602318026125431,0.08285345137119293,0.05166902020573616,0.043535761535167694,1.5435931345564313e-05,-0.04658731073141098,0.005351467989385128,0.006775147281587124,-0.002668419387191534
0.058773528784513474,0.010337638668715954,0.0043132733553647995,8.757202886044979e-05,0.01873144321143627,-0.000167925376445055,-0.0002574714890215546,0.0007354552508331835,-0.002378816017881036,-2.5842162358458154e-05,0.026395412161946297,-0.013157772831618786,0.011009703390300274,-0.0136321522295475,0.019338704645633698,-0.013327931985259056,0.009957614354789257,0.1288338154554367,0.04090580344200134,0.018807727843523026,-0.004276504274457693,0.004331726115196943,3.245192419853993e-05,0.016154009848833084,0.00447057094424963,0.01303492859005928,-0.0018696687184274197
0.05306166037917137,-3.3249416446778923e-06,0.020454121753573418,-0.00011383637320250273,0.06098916754126549,-4.4592146878130734e-05,0.0072266943752765656,2.4940121875260957e-05,-0.0033174094278365374,-2.839095759554766e-05,0.0471804179251194,0.01700684241950512,0.01898820698261261,0.0691429078578949,0.024454548954963684,0.1497030258178711,0.0075735049322247505,-0.10283336043357849,0.00024680403294041753,-0.04378912225365639,-0.014695310033857822,0.08827853947877884,3.245192419853993e-05,0.016421344131231308,0.0010612872429192066,0.012647007592022419,-0.0017489647725597024
0.07026339322328568,-0.0032854736782610416,0.01834919862449169,-0.0003656820044852793,0.05133707448840141,-3.0291428629425354e-05,0.006951502058655024,2.4940125513239764e-05,-0.0023941381368786097,-0.00010711341019487008,0.04669197276234627,0.017742667347192764,-0.026877235621213913,0.1150699332356453,0.031938586384058,-0.0015920272562652826,0.06166328489780426,-0.08495897054672241,0.010696779005229473,-0.009883841499686241,-0.0013187972363084555,0.11253996193408966,3.245192419853993e-05,0.017192786559462547,0.006483298726379871,0.01708255335688591,-0.0025651261676102877
0.047269877046346664,8.808884740574285e-05,0.021159689873456955,0.00023255321139004081,0.02488205023109913,-0.00014887480938341469,-0.00043023022590205073,0.00010008516255766153,-0.003961222246289253,-3.2782678317744285e-05,0.05250248312950134,-0.01876411959528923,-0.0016994790639728308,-0.0004968427820131183,-0.014383044093847275,0.0025490187108516693,0.015051138587296009,0.017029833048582077,-0.009279314428567886,0.015145093202590942,-0.03062428906559944,0.10420359671115875,4.253838415024802e-05,0.019649537280201912,-0.0011857488425448537,0.017555249854922295,-0.002671877620741725
-0.01488752756267786,0.00044716743286699057,0.01978282816708088,-0.00016249297186732292,-0.03309598192572594,-5.414482075138949e-06,-0.0016924547962844372,2.4940125513239764e-05,-0.00667998194694519,-3.2782678317744285e-05,0.04630184546113014,0.02278093993663788,-0.028668241575360298,-0.008737645111978054,0.011902791447937489,0.029128696769475937,-0.03260438144207001,-0.026416631415486336,-0.00829046219587326,-0.05843046307563782,0.047010891139507294,0.02695539779961109,4.253838415024802e-05,0.009368393570184708,0.004622332286089659,0.01816612482070923,-0.003931096754968166
-0.005572723690420389,0.0033624437637627125,0.012631701305508614,-9.007418702822179e-05,-0.020596984773874283,-4.646156230592169e-05,-0.0006600664928555489,2.4940125513239764e-05,-0.005002535413950682,-3.2782678317744285e-05,0.04014311358332634,0.033290207386016846,0.010355662554502487,0.03846437856554985,0.0027038748376071453,0.16571329534053802,0.11094951629638672,0.08757169544696808,-0.0010238741524517536,0.03396230190992355,0.047894369810819626,0.06334701180458069,4.253838415024802e-05,0.0072785671800374985,0.0031917509622871876,0.023338157683610916,-0.0028954388108104467
-0.021356089040637016,-0.0022858064621686935,0.011416787281632423,-0.00012390376650728285,-0.03522613272070885,-4.646156230592169e-05,-0.0008655841811560094,2.4940125513239764e-05,-0.008712840266525745,-3.2782678317744285e-05,-0.0014695823192596436,0.023476924747228622,-0.022809021174907684,0.010122324340045452,-0.03366216644644737,0.008029567077755928,-0.04830218851566315,-0.029422147199511528,-0.008880484849214554,-0.07749687135219574,-0.004583174828439951,0.013122573494911194,4.253838415024802e-05,0.006963672582060099,0.0020832198206335306,0.021097883582115173,-0.003834076225757599
-0.025969740003347397,-0.0016208403976634145,0.014951860532164574,-9.247781417798251e-05,-0.02276488207280636,-2.047527232207358e-05,-0.0017087276792153716,2.4940125513239764e-05,-0.008272514678537846,-0.00033724206150509417,0.05182257294654846,-0.019294414669275284,-0.04336654394865036,-0.019781460985541344,-0.023320123553276062,0.0019795710686594248,0.06471189111471176,0.007958774454891682,-0.011167269200086594,-0.08923318237066269,0.027661478146910667,-0.02095564268529415,2.1934569303994067e-05,-0.016704602167010307,-0.006152545101940632,0.018543630838394165,-0.002916344441473484
-0.014049111865460873,-0.0019995400216430426,0.005604483652859926,-0.0001959512010216713,-0.020978933200240135,-1.8138671293854713e-06,-0.0006203496013768017,2.4940125513239764e-05,-0.004684141371399164,-9.21264145290479e-05,0.0576324500143528,-0.007040174677968025,-0.018432307988405228,0.09004661440849304,-0.013959738425910473,0.10167092084884644,0.08534467965364456,0.21367524564266205,-0.0036621801555156708,0.08177360147237778,0.018156392499804497,0.06218881160020828,4.253838415024802e-05,-0.016616934910416603,-0.004730209242552519,0.013267588801681995,-0.001555859693326056
-0.04620247706770897,-0.004675856325775385,0.010800260119140148,-7.964321412146091e-05,0.04938986152410507,-7.726542389718816e-05,0.0007174797356128693,7.362223550444469e-05,0.009902994148433208,-4.777465801453218e-05,0.039873890578746796,0.013750823214650154,-0.08029990643262863,-0.06936988234519958,-0.006719506345689297,-0.09798918664455414,-0.12809650599956512,-0.1773306131362915,-0.016685275360941887,-0.11364168673753738,0.019907502457499504,-0.023610200732946396,2.0205323380650952e-05,0.0544055812060833,0.002952714217826724,0.006224266719073057,-0.0034861534368246794
-0.026615293696522713,-0.008336270228028297,0.011061749421060085,-0.0001793085248209536,0.04647989571094513,-4.690333298640326e-05,0.0010571241145953536,2.4940125513239764e-05,-0.003335279878228903,-4.777465801453218e-05,0.04875420778989792,-0.011587313376367092,-0.11210066080093384,0.027643878012895584,0.011478378437459469,-0.07912681251764297,0.06600335985422134,-0.12972208857536316,-0.003597108880057931,-0.10639937967061996,-0.03375213220715523,-0.009247723035514355,3.245192419853993e-05,0.01630624756217003,0.004737198352813721,0.013722347095608711,-0.0037323900032788515
-0.018962843343615532,-0.028520658612251282,0.00963591318577528,-0.0018448103219270706,0.024102989584207535,-5.400602094596252e-05,-0.0006391374045051634,2.4940125513239764e-05,0.011445986106991768,-0.0001071134174708277,0.017507776618003845,0.010693500749766827,-0.1404835432767868,-1.0227123498916626,-0.09463196247816086,-0.12819978594779968,-0.015144959092140198,-0.4456639587879181,-0.004958104342222214,-0.2355503886938095,-0.20842806994915009,-0.07411310076713562,0.00014569573977496475,-0.04817056655883789,-0.02479860559105873,0.00489627942442894,-0.0020441943779587746
-0.0029948479495942593,-0.005579975433647633,0.011115278117358685,-0.00045408098958432674,0.031457461416721344,-5.400602094596252e-05,-0.0006391374045051634,2.4940125513239764e-05,0.019443197175860405,-0.0001071134174708277,0.03249547630548477,0.015277780592441559,-0.03456776589155197,-0.47047650814056396,-0.010013782419264317,-0.0983138382434845,0.014238323085010052,-0.31116044521331787,-0.001546586281619966,0.06314621865749359,-0.07996112108230591,0.028654946014285088,0.00014569573977496475,-0.03133666142821312,-0.005502610933035612,0.007702808361500502,-0.0016263177385553718
0.004158478230237961,-0.005899365991353989,0.011580280028283596,-0.00045408098958432674,0.03307225555181503,-5.400602094596252e-05,-0.0006391374045051634,2.4940125513239764e-05,0.020512836053967476,-0.0001071134174708277,0.040672462433576584,0.021370360627770424,0.00549732381477952,-0.24868948757648468,0.012308633886277676,0.0053878650069236755,0.12138617038726807,-0.06093183532357216,-0.000730009051039815,0.07778385281562805,-0.010053046979010105,0.11828338354825974,0.00014569573977496475,-0.008320122957229614,-0.0033630249090492725,0.01185308676213026,-0.0016263177385553718
0.11682411283254623,-0.0021540033631026745,0.012600141577422619,-0.00045408098958432674,0.01397996861487627,-5.400602094596252e-05,-0.0007226412417367101,2.4940125513239764e-05,0.023267099633812904,-0.0001071134174708277,0.04456884041428566,0.027937181293964386,0.08782417327165604,-0.10135974735021591,0.016160139814019203,0.04428713396191597,0.13979195058345795,0.1098640188574791,0.03263327479362488,0.086658775806427,0.00785653293132782,0.10116572678089142,0.00014569573977496475,-0.0022346503101289272,-0.003654599655419588,0.01550344005227089,-0.0012572497362270951
0.02205665223300457,-0.001397887710481882,0.011107916943728924,-0.000115993432700634,-0.06803825497627258,-5.609943764284253e-05,0.0003291620232630521,2.4940121875260957e-05,-0.0050384304486215115,-4.777465801453218e-05,0.03022795170545578,-0.005501738283783197,0.3980153799057007,0.03589280694723129,-0.029029041528701782,0.04276620224118233,-0.016878603026270866,-0.028287915512919426,-0.03490817919373512,0.5083191394805908,-0.0384443998336792,0.08306372165679932,2.1934569303994067e-05,-0.017145557329058647,-0.00022930586419533938,0.017040401697158813,-0.0014888710575178266
-0.02293487638235092,0.028604781255126,-0.1079956591129303,-0.0003511032846290618,0.014349042437970638,-8.57548147905618e-05,-0.00027740749646909535,2.4940125513239764e-05,-0.004388975910842419,-2.1795372958877124e-05,0.035042159259319305,-0.017316827550530434,0.0789642482995987,0.11540891230106354,0.031092369928956032,-0.07888767123222351,-0.029787179082632065,0.08514634519815445,0.0038207080215215683,-0.007572039496153593,-0.012387285940349102,0.04009551927447319,4.253838415024802e-05,-0.03814719244837761,-0.01095842756330967,0.01383763924241066,-0.0029377038590610027
0.08339833468198776,0.026916587725281715,0.012922685593366623,-0.0003047352365683764,0.029344402253627777,-0.00034265549038536847,-0.00025782015291042626,2.4940121875260957e-05,0.012178456410765648,-3.2782678317744285e-05,0.04324968904256821,0.028144938871264458,-0.01642725057899952,0.11804909259080887,0.001788061112165451,0.013070479966700077,0.020673850551247597,0.08267362415790558,-0.007263747975230217,-0.05326395481824875,-0.009577346965670586,-0.03435380384325981,2.4556829885113984e-05,-0.0502338781952858,-0.0010226740268990397,0.010638031177222729,-0.0025521644856780767
0.04318623244762421,0.02694774977862835,0.010974683798849583,-0.0003047352365683764,0.059137675911188126,-6.178281182656065e-05,-0.00015383724530693144,-7.362222822848707e-05,-0.0026066857390105724,-3.2782678317744285e-05,0.02383551001548767,0.010700754821300507,0.022311069071292877,0.055028051137924194,0.014478543773293495,0.15010449290275574,-0.07855434715747833,-0.1993667036294937,2.290006523253396e-05,-0.056582096964120865,-0.008688095025718212,0.016052352264523506,4.253838415024802e-05,0.05284026265144348,0.0035163331776857376,0.012520517222583294,-0.003964196424931288
-0.023133963346481323,0.0006830795318819582,0.019405243918299675,-0.00016975095786619931,0.05489791929721832,-3.9694168663118035e-07,0.005097853019833565,2.4940125513239764e-05,-0.00347339641302824,-4.777465801453218e-05,0.04334704205393791,-0.005227361805737019,0.008372368291020393,0.017483331263065338,0.023101264610886574,0.1883484274148941,-0.08243153989315033,-0.10763132572174072,-0.003543469589203596,0.07366988062858582,-0.03138982877135277,0.15512694418430328,4.253838415024802e-05,0.04217587411403656,0.009409140795469284,0.014327902346849442,-0.0027231096755713224
4.381430335342884e-05,0.000791307189501822,0.006192546337842941,-8.188201900338754e-05,-0.01971372775733471,-3.855275281239301e-07,-0.000673989939969033,2.4940125513239764e-05,-0.0037778313271701336,-9.21264145290479e-05,0.05422385409474373,0.015623601153492928,0.08724819123744965,0.137419193983078,0.008054235950112343,0.1439286172389984,0.1312641203403473,0.20684023201465607,0.019061097875237465,0.11397628486156464,0.07258543372154236,0.07156772166490555,0.0005101304268464446,0.006997319404035807,0.0027569057419896126,0.015811454504728317,-0.00169864681083709
-0.023619433864951134,0.02162861078977585,-0.06729163974523544,-0.000357165903551504,-0.016687698662281036,-3.0962630262365565e-05,-0.00016290850180666894,2.4940125513239764e-05,-0.002900694264099002,-1.5186660675681196e-05,0.024005712941288948,0.03394126892089844,0.016290493309497833,-0.03624442219734192,-6.27454137429595e-05,-0.09491981565952301,-0.159247487783432,0.2768304646015167,0.0011476671788841486,-0.01943782903254032,-0.1509682536125183,-0.2078741192817688,4.253838415024802e-05,0.044159214943647385,0.00801000464707613,0.010714542120695114,-0.0018465368775650859
0.053312044590711594,0.008663740940392017,0.0043258569203317165,-0.00012106467329431325,-0.018275335431098938,-0.00019732317014131695,-0.0002460863906890154,2.4940125513239764e-05,-0.0013923043152317405,-2.5842162358458154e-05,0.03699678182601929,0.023794924840331078,0.013938423246145248,0.04395381733775139,0.03271131217479706,-0.05578438192605972,-0.023334626108407974,0.11365615576505661,0.014573399908840656,-0.011665635742247105,-0.04482937604188919,0.019682902842760086,4.253838415024802e-05,0.01869293302297592,0.013860424049198627,0.015162697061896324,-0.001425652764737606
-0.008092272095382214,-0.004894808866083622,0.004173861816525459,0.0004597811494022608,0.016888482496142387,-8.473140769638121e-05,-0.00022117698972579092,7.362223550444469e-05,-0.0018556711729615927,-2.0058549125678837e-05,0.056968312710523605,-0.006371364463120699,-0.01747041568160057,-0.04340603947639465,0.01876157335937023,-0.053878434002399445,0.07353190332651138,0.07965031266212463,-0.022769305855035782,-0.0238062534481287,0.03337811306118965,0.012218625284731388,4.253838415024802e-05,0.005934908986091614,-0.0009402296273037791,0.012765302322804928,-0.0022336584515869617
0.011114568449556828,-0.004464418161660433,0.012103517539799213,0.0014069974422454834,0.023682601749897003,-0.00017309942631982267,-0.00033711257856339216,7.362223550444469e-05,-0.0034865529742091894,-3.2782678317744285e-05,0.026097439229488373,-0.014579864218831062,-0.09332779049873352,-0.060828715562820435,-0.0014663520269095898,-0.04723424091935158,-0.00021833271603100002,0.0022630183957517147,-0.018864117562770844,-0.09390585869550705,-0.029707297682762146,0.019024232402443886,4.253838415024802e-05,0.012108216993510723,0.003517631208524108,0.01747187040746212,-0.0035534428898245096
-0.009269499219954014,-0.008790263906121254,0.003641840536147356,0.0013721977593377233,0.016245320439338684,-0.0002707779931370169,-0.00022850763343740255,7.362223550444469e-05,-0.0029747907537966967,-2.0058549125678837e-05,-0.004388357046991587,-0.012743250466883183,-0.08424480259418488,-0.0846865251660347,0.01828978955745697,-0.09725425392389297,-0.040452491492033005,0.058198802173137665,-0.031710222363471985,-0.10126134753227234,-0.04719728231430054,-0.0640559047460556,4.253838415024802e-05,0.011242018081247807,-0.0008518695249222219,0.00867502111941576,-0.0018250469584017992
-0.007217154372483492,-0.009323790669441223,0.004004694987088442,0.0013721977593377233,0.01562555506825447,-0.0002707779931370169,-0.00022465431538876146,7.362223550444469e-05,-0.0023032482713460922,-2.0058549125678837e-05,-0.015268456190824509,-0.015458524227142334,-0.08735078573226929,-0.09402147680521011,0.012910373508930206,-0.1011698767542839,-0.03946680575609207,0.054871365427970886,-0.03195345401763916,-0.12090189009904861,-0.05712783336639404,-0.09986092150211334,4.253838415024802e-05,0.0077119371853768826,-0.002241153037175536,0.007085106335580349,-0.0018215703312307596
-0.009432150050997734,0.0016649765893816948,0.0073897154070436954,-7.840526814106852e-05,0.04023227468132973,-3.880972508341074e-05,0.0002035282668657601,0.0007354552508331835,0.05407398194074631,-3.2782678317744285e-05,-0.09076040983200073,-0.010072268545627594,0.02624773234128952,1.1716632843017578,0.05427118390798569,0.21164487302303314,-0.011003177613019943,-0.1353081911802292,0.006710988003760576,0.104483462870121,0.1014544740319252,0.46139389276504517,1.5435931345564313e-05,-0.007719456683844328,0.000573561352211982,0.013824986293911934,-0.0018707345006987453
-0.027880307286977768,-0.0019036545418202877,0.017984667792916298,-6.512649270007387e-05,0.07765251398086548,-2.879031490010675e-05,0.004098564386367798,0.00010008516255766153,0.030165111646056175,-1.925527976709418e-05,0.05127773433923721,0.049182403832674026,-0.023089231923222542,0.03190210461616516,-0.06033756956458092,-0.019766109064221382,-0.034698158502578735,-0.09239434450864792,0.010622572153806686,-0.11689969897270203,-0.017586151137948036,0.04096140339970589,2.0205323380650952e-05,0.03029482439160347,-0.02117297425866127,-0.07466461509466171,-0.0026822590734809637
0.07056158035993576,0.006708846893161535,-0.0490649975836277,-0.000324180000461638,0.013386720791459084,-9.462160232942551e-05,-0.00024764816043898463,2.4940125513239764e-05,-0.005408700555562973,-1.84680047823349e-05,0.042016416788101196,0.01310150045901537,-0.05528901517391205,0.04973844438791275,0.011389459483325481,0.007434146944433451,-0.017205268144607544,0.13284088671207428,0.026468200609087944,-0.028528664261102676,0.004018064122647047,0.0056698317639529705,4.253838415024802e-05,0.016418786719441414,0.002831221092492342,0.006839608307927847,-0.001339387847110629
0.08185756951570511,0.0015852093929424882,0.004742902237921953,-0.0003353185311425477,-0.01906205527484417,-4.562861431622878e-05,0.0014415185432881117,2.4940125513239764e-05,-0.003411076497286558,-4.8536225222051144e-05,0.041812945157289505,-0.013009444810450077,0.02622988075017929,-0.6564690470695496,0.015272892080247402,0.00016403861809521914,0.10174560546875,0.054878950119018555,0.008797594346106052,0.034736741334199905,-0.015936627984046936,0.03525860980153084,0.0003100579488091171,0.0021809067111462355,0.00404098117724061,0.026069343090057373,-0.0012147790985181928
0.004583701491355896,-0.013489341363310814,0.00981186330318451,-5.286671512294561e-05,0.050633955746889114,-0.0002395483897998929,0.00023027515271678567,7.362222822848707e-05,0.037323959171772,-4.777465801453218e-05,0.05543244630098343,-0.0037822420708835125,0.45361021161079407,-0.0738728940486908,0.00045610673259943724,0.13637027144432068,0.142922043800354,-0.20086556673049927,0.06649911403656006,0.05281834304332733,0.032663073390722275,0.015556552447378635,1.3378463336266577e-05,0.00970908347517252,0.0004237690009176731,0.010715159587562084,-0.0022290791384875774
-0.0013314714888110757,-0.0022007697261869907,0.006816762965172529,-4.820688263862394e-05,0.03192940726876259,-3.890268271788955e-05,0.0005852562608197331,0.0007354552508331835,0.026141412556171417,-4.777465801453218e-05,-1.0663918256759644,-0.010381150059401989,0.028809688985347748,1.141305685043335,-0.005666220095008612,0.06971871107816696,-0.00031474430579692125,-0.07359766960144043,-0.0024829604662954807,0.041316837072372437,0.029668651521205902,0.018227480351924896,1.5001384781498928e-05,0.009891649708151817,-0.00198314874432981,0.019786115735769272,-0.001696661813184619
0.015203016810119152,-0.023595290258526802,0.005705197341740131,-0.00011383637320250273,-0.04254110902547836,-4.2701321945060045e-06,-0.0005031107575632632,0.00010008516255766153,-0.007900469936430454,-1.842888377723284e-05,0.03237238898873329,0.014909562654793262,-0.10488800704479218,-0.010757757350802422,-0.014744124375283718,-0.004521023482084274,-0.20215554535388947,0.05676225572824478,-0.04380221292376518,-0.20127232372760773,-0.0681496262550354,0.022355737164616585,4.253838415024802e-05,0.03161294013261795,0.0022666333243250847,0.007960602641105652,-0.0015318583464249969
-0.04619654640555382,-0.006152354180812836,0.009388918988406658,-5.062791387899779e-05,0.04587114229798317,-4.214140790281817e-05,0.0025293072685599327,0.00010008516255766153,-0.005709716118872166,-4.777465801453218e-05,0.039535101503133774,-0.02063256874680519,-0.05712369456887245,-0.006551228929311037,-0.00013103926903568208,0.042112722992897034,-0.019310906529426575,-0.37902960181236267,-0.006691474001854658,-0.13626334071159363,-0.03073887713253498,-0.04875880107283592,1.824260107241571e-05,0.015129731968045235,-0.005082934629172087,0.0066693625412881374,-0.005235706456005573
-0.03530237823724747,-0.0007870792178437114,0.010538158938288689,-8.9726694568526e-05,-0.047118980437517166,-4.285301110940054e-05,-0.0009304613340646029,7.362223550444469e-05,-0.00817688275128603,-4.777465801453218e-05,0.04488470405340195,-0.010372797958552837,-0.07258442789316177,-0.08853324502706528,0.005424349568784237,0.01706993766129017,-0.013280333019793034,-0.06879976391792297,-0.007545480038970709,-0.0025896860752254725,-0.020885994657874107,-0.058767981827259064,1.824260107241571e-05,0.005398140754550695,0.0006343499990180135,0.02102602832019329,-0.004428141750395298
-0.027119481936097145,-0.0005925288423895836,0.010564480908215046,-8.9726694568526e-05,-0.041025277227163315,-4.285301110940054e-05,-0.0001123777765315026,2.4940125513239764e-05,-0.007223724853247404,-4.777465801453218e-05,0.03247511014342308,-0.010922515764832497,-0.060845762491226196,-0.044098082929849625,0.012917198240756989,0.03895370289683342,-0.0022736138198524714,-0.07368063181638718,-0.00694114388898015,0.04186896234750748,-0.003133478807285428,-0.04756573215126991,1.824260107241571e-05,0.00653325580060482,0.002693448681384325,0.02125077322125435,-0.004391421098262072
-0.015653589740395546,0.00647868262603879,0.007001729682087898,9.798702376428992e-05,0.017590077593922615,-4.221244671498425e-05,-0.000222128423047252,2.4940125513239764e-05,-0.0030571683309972286,-2.5842162358458154e-05,0.049494147300720215,0.018665587529540062,-0.04092945531010628,0.040424201637506485,0.008527996949851513,-0.03413326293230057,0.0029375667218118906,0.14030587673187256,-0.008645131252706051,-0.07421396672725677,0.0006012896192260087,-0.05807267129421234,3.245192419853993e-05,0.007495637517422438,0.0011481939582154155,0.006560745649039745,-0.0018487265333533287
-0.04714316502213478,-0.0008768878760747612,0.0087665980681777,-6.75475166644901e-05,-0.03155320882797241,-0.0002570223587099463,-0.0003484813205432147,2.4940121875260957e-05,-0.00427473708987236,-4.777465801453218e-05,0.028109300881624222,0.02017028257250786,-0.024194110184907913,-0.03405415266752243,0.007798336446285248,-0.07084216922521591,-0.17178180813789368,0.019639886915683746,-0.024402974173426628,-0.07067056745290756,-0.08379188925027847,0.007705180440098047,4.253838415024802e-05,0.05265316367149353,0.00949283130466938,0.013315148651599884,-0.0019085571402683854
0.027482088655233383,0.00713582755997777,0.004353191703557968,-0.00011383637320250273,-0.021681630983948708,-0.00016213336493819952,-0.00019692112982738763,0.00010008516255766153,-0.0019024843350052834,-2.5842162358458154e-05,0.03861641138792038,0.025465626269578934,0.013395105488598347,0.04741055145859718,0.03103386051952839,0.024954646825790405,0.021768923848867416,0.15625174343585968,0.030865682289004326,-0.020657937973737717,-0.011882856488227844,0.012992357835173607,4.253838415024802e-05,0.011598764918744564,0.006001219619065523,0.01690380647778511,-0.0016919445479288697
-0.057665035128593445,-0.005296880844980478,-0.1813591718673706,-0.00012996638542972505,0.016308365389704704,-5.57145758648403e-05,-0.000421368662500754,2.4940121875260957e-05,-0.006473306100815535,-2.847104951797519e-05,-0.1257753223180771,-0.019931303337216377,-0.11538814008235931,-0.12655878067016602,-0.013560297898948193,-0.09098096936941147,-0.10211477428674698,-0.03063739649951458,-0.016723744571208954,-0.061761077493429184,-0.09704945236444473,0.08988828212022781,4.253838415024802e-05,-0.0654020681977272,-0.012414708733558655,0.010991555638611317,-0.0015092534013092518
-0.03199915960431099,-0.001739058061502874,-0.06383736431598663,-0.0001248951448360458,0.016371261328458786,-3.114037463092245e-05,-0.0002075184165732935,2.4940121875260957e-05,-0.005527413450181484,-1.84680047823349e-05,-0.07870069891214371,-0.011790051124989986,-0.1601843386888504,-0.02051519975066185,-0.04240556061267853,0.010137908160686493,-0.04204895719885826,0.17566828429698944,-0.07728113979101181,0.38140395283699036,-0.054245904088020325,0.042323969304561615,4.253838415024802e-05,-0.03129805997014046,-0.004679580219089985,0.004522648639976978,-0.0012208035914227366
0.023718278855085373,0.0005991390789858997,0.005299679934978485,-0.00011383637320250273,-0.024803152307868004,-0.00029883207753300667,-0.00023947992303874344,2.4940121875260957e-05,-0.002081529702991247,-2.5842162358458154e-05,0.035575930029153824,0.024787137284874916,0.023958630859851837,0.023806089535355568,0.013521122746169567,-0.04989797621965408,-0.004267504904419184,0.14688456058502197,-0.01964080147445202,0.012072412297129631,-0.0061848899349570274,-0.022100642323493958,3.245192419853993e-05,0.010056653060019016,0.003356446512043476,0.016952017322182655,-0.0014082894194871187
-0.03613213822245598,0.0005470249452628195,0.012244605459272861,-0.00019729259656742215,-0.03170790523290634,-5.178155697649345e-05,-0.0003013670793734491,2.4940125513239764e-05,-0.00456180889159441,-4.777465801453218e-05,0.02986718900501728,-0.019832823425531387,-0.06437817215919495,-0.04217596724629402,0.012399696744978428,-0.06549231708049774,-0.012555546127259731,-0.015920870006084442,-0.00516345351934433,0.019173355773091316,0.03347466513514519,0.0067860446870327,4.253838415024802e-05,0.006649107672274113,0.0067603699862957,0.02395022101700306,-0.004634254612028599
-0.008492469787597656,-0.002952252747491002,0.008530628867447376,-7.693847874179482e-05,-0.019456278532743454,-4.027924660476856e-06,-0.00031488609965890646,2.4940125513239764e-05,-0.0025552669540047646,-4.777465801453218e-05,0.03324996307492256,0.020641669631004333,-0.00811733677983284,0.022591225802898407,0.009489160031080246,0.13599038124084473,0.0827748253941536,0.04358283430337906,-0.022705022245645523,0.05242704972624779,-0.009784753434360027,-0.009693092666566372,4.253838415024802e-05,0.006364832632243633,0.0034365826286375523,0.021104617044329643,-0.0027899465057998896
-0.009737883694469929,-0.006468196865171194,0.011510021984577179,-7.693847874179482e-05,-0.021609457209706306,-2.332317853870336e-05,-0.0003066592907998711,2.4940125513239764e-05,-0.006595078390091658,-4.777465801453218e-05,0.029773708432912827,0.015062776394188404,-0.0066908737644553185,1.7084232240449637e-05,0.0021677061449736357,0.031210623681545258,0.10789018869400024,-0.004739223513752222,-0.024531958624720573,0.05658230185508728,-0.007638892624527216,-0.018665682524442673,4.253838415024802e-05,0.00587391946464777,0.003073670668527484,0.018907740712165833,-0.002962925937026739
-0.028772369027137756,-0.007559902500361204,0.013841774314641953,-5.062791387899779e-05,-0.03141513466835022,-7.726542389718816e-05,-0.0003266640123911202,2.4940125513239764e-05,-0.003145563881844282,-4.777465801453218e-05,0.030390901491045952,0.020061172544956207,-0.050784915685653687,-0.035119831562042236,-0.004709518980234861,-0.06738733500242233,-0.040503840893507004,-0.003378039924427867,-0.014389518648386002,-0.09067712724208832,0.02264774590730667,-0.059485603123903275,4.253838415024802e-05,0.008185491897165775,0.007200221996754408,0.01850482076406479,-0.004235436208546162
0.022750642150640488,0.006231709849089384,0.00486706243827939,-0.0003371448547113687,-0.018796877935528755,-0.00013919711636845022,-0.0002196334971813485,2.4940125513239764e-05,-0.001489447196945548,-5.8513334806775674e-05,0.03710159659385681,0.023851359263062477,-0.009164230898022652,0.02499261684715748,0.02031806856393814,-0.014563556760549545,0.057208094745874405,0.1303509771823883,-0.008460710756480694,-0.04815588518977165,0.00038815749576315284,0.01579015702009201,4.253838415024802e-05,0.0110753970220685,0.00494770472869277,0.016500107944011688,-0.0016468230169266462
0.05852150171995163,-0.004937114659696817,0.003925248049199581,0.00023255321139004081,0.019115839153528214,-0.000355389405740425,-0.0005186358466744423,7.362222822848707e-05,-0.003221537685021758,-2.0058549125678837e-05,0.014748322777450085,-0.020672690123319626,0.041223928332328796,-0.011526149697601795,0.017093371599912643,-0.09996767342090607,-0.010892660357058048,0.08822529762983322,-0.03010374680161476,-0.02563939057290554,-0.026968197897076607,-0.004820329137146473,4.253838415024802e-05,0.014791233465075493,0.009648263454437256,0.009542558342218399,-0.0014014136977493763
0.05140693485736847,-0.0004248735785949975,0.021154815331101418,0.00023776714806444943,0.02532421611249447,-0.00015453175001312047,-0.0016375308623537421,2.4940125513239764e-05,-0.003253318602219224,-4.777465801453218e-05,0.0423181876540184,0.026020951569080353,-0.053169120103120804,0.022101137787103653,0.01826680824160576,-0.0502968356013298,0.002594067482277751,-0.0520859956741333,-0.0067791398614645,-0.04746460169553757,-0.04254855960607529,0.035256799310445786,3.245192419853993e-05,0.003860974218696356,0.004715412389487028,0.014268530532717705,-0.002676351461559534
-0.02750156819820404,-0.0008299567853100598,0.011642420664429665,-5.286671512294561e-05,0.04983239248394966,-0.0003110435209237039,-0.0007577507640235126,2.4940121875260957e-05,-0.007135088089853525,0.001011726213619113,0.05633984133601189,-0.011875327676534653,0.03703002259135246,-0.006920801475644112,-0.05557941272854805,0.08191930502653122,0.06629747897386551,-0.14211541414260864,0.04468957334756851,-0.055725935846567154,0.027682650834321976,0.011063390411436558,8.644736226415262e-05,0.010192201472818851,-0.010040253400802612,0.01134540792554617,-0.002984758000820875
0.05423613637685776,0.0006789148319512606,0.014936661347746849,-0.0003561244229786098,-0.022695759311318398,-3.473603283055127e-05,-0.0004932823940180242,2.4940125513239764e-05,-0.0026171128265559673,-2.839095759554766e-05,-1.1116828918457031,-0.005560887046158314,0.018564067780971527,0.1316850781440735,0.005990187171846628,0.06951189786195755,0.01309356652200222,-0.006142784841358662,0.0324498787522316,0.058578114956617355,-0.024918854236602783,0.11598964780569077,2.5707437089295126e-05,0.006921418476849794,0.006392389535903931,0.03598006069660187,-0.0018162959022447467
-0.03238355368375778,0.0005084145232103765,0.011467043310403824,-6.00188723183237e-05,0.02417503297328949,-0.0002849971642717719,-0.0007806518115103245,2.4940121875260957e-05,0.003996832761913538,-0.00033724206150509417,0.050011586397886276,0.01142654288560152,-0.03301932290196419,-0.012117835693061352,-0.030102545395493507,0.08525054156780243,0.06133881211280823,-0.08042211830615997,-0.007121760863810778,-0.06704281270503998,0.006386262830346823,-0.009700165130198002,0.00010270872735418379,0.00730111263692379,-0.009580181911587715,0.009330693632364273,-0.002308719092980027
-0.031560689210891724,0.001296013593673706,0.011649344116449356,-7.693847874179482e-05,0.018609700724482536,-0.00025257933884859085,-0.00027916746330447495,2.4940121875260957e-05,0.011081360280513763,-0.00033724206150509417,0.05237306281924248,0.023385221138596535,0.00016908341785892844,0.002221781061962247,0.023211829364299774,-0.04574645310640335,0.07204528152942657,0.022956261411309242,-0.00790046714246273,0.008377989754080772,-0.015986580401659012,0.030226051807403564,0.00010270872735418379,0.015324603766202927,-0.001755588105879724,0.011239565908908844,-0.0018751167226582766
0.061104666441679,0.007799224928021431,0.008066128008067608,-0.000324180000461638,-0.01800263486802578,-0.00016730741481296718,-0.0003344899450894445,2.4940125513239764e-05,-0.0014317377936095,-4.777465801453218e-05,0.013500810600817204,0.018864205107092857,-0.07288350909948349,0.04031224921345711,0.025408999994397163,0.0015820824773982167,0.016471179202198982,0.037718113511800766,0.030554519966244698,-0.04844885692000389,-0.0036110463552176952,-0.01925494894385338,3.245192419853993e-05,0.0077936905436217785,0.005075556691735983,0.019230157136917114,-0.0025271489284932613
0.005580463446676731,0.0005625553312711418,0.0049438574351370335,-0.00012667097325902432,-0.022517379373311996,-0.0002375723997829482,-0.00023947992303874344,2.4940121875260957e-05,-0.007095241453498602,-2.5842162358458154e-05,-0.009226289577782154,0.021829655393958092,-0.0003577856987249106,-0.013386726379394531,-0.08549267798662186,-0.06591729819774628,0.025531219318509102,0.06515098363161087,-0.03937815502285957,-0.006811987143009901,-0.04832889512181282,0.011913074180483818,4.253838415024802e-05,0.0075493925251066685,-0.00033043825533241034,0.016368810087442398,-0.0013942142250016332
0.0757436454296112,0.005300607997924089,0.011621017009019852,-0.00012106467329431325,-0.020525071769952774,-0.0003217683406546712,-0.00035519732045941055,2.4940121875260957e-05,-0.003796085249632597,-4.777465801453218e-05,0.036973416805267334,0.03262045234441757,0.03381398320198059,0.02074962854385376,0.01674407534301281,-0.043430961668491364,-6.495505658676848e-05,0.057580120861530304,0.02503005787730217,-0.030601823702454567,-0.03874655440449715,0.05860627442598343,4.253838415024802e-05,0.01688208244740963,0.013634396716952324,0.01659049279987812,-0.0016581767704337835
0.014459644444286823,0.015180339105427265,0.014075611717998981,-0.00012322733527980745,0.06151428446173668,-6.663476960966364e-05,0.0003323175187688321,2.4940121875260957e-05,0.008928229101002216,-0.00033724206150509417,0.035785168409347534,0.011222867295145988,0.1701137125492096,-0.14331009984016418,-0.016008885577321053,0.033284712582826614,0.04942205920815468,-0.11944179236888885,-0.0038593076169490814,-0.10079663246870041,-0.04874880984425545,0.06859409809112549,0.00014569573977496475,0.010180402547121048,-0.008812220767140388,0.006771973799914122,-0.0015277016209438443
-0.0005580828292295337,-0.02988199144601822,0.009594030678272247,-7.518618076574057e-05,0.04235150292515755,-0.0002914148208219558,-0.00037107360549271107,7.362222822848707e-05,0.02576855942606926,-0.00033724206150509417,0.053149543702602386,-0.009876115247607231,0.06520714610815048,0.000810044351965189,-0.03177238255739212,0.08078999817371368,0.0481315515935421,-0.2718992531299591,-8.008169970707968e-05,0.008322791196405888,0.040358323603868484,-0.047344621270895004,1.3378463336266577e-05,0.007920465432107449,-0.0042403265833854675,0.007691376842558384,-0.0025450510438531637
-0.009977131150662899,-0.004146872088313103,0.005830025766044855,-6.00188723183237e-05,0.016254549846053123,0.0005826547276228666,-0.00022756982070859522,2.4940125513239764e-05,-0.002124333055689931,-9.21264145290479e-05,0.0529782772064209,-0.01457423809915781,-0.01578221656382084,0.00837171170860529,0.045481324195861816,-0.039099205285310745,0.07550395280122757,0.12886781990528107,-0.0007100938819348812,-0.07752730697393417,0.04449385404586792,-0.013073982670903206,0.0003100579488091171,0.010666740126907825,-0.0004414171271491796,0.011777760460972786,-0.0021390782203525305
0.013190732337534428,0.0090935742482543,0.011783340014517307,-0.000480295333545655,0.050408151000738144,0.0018378528766334057,0.0005289395921863616,7.362223550444469e-05,-0.0030022715218365192,-0.00016188726294785738,0.06462901085615158,-0.00855344720184803,0.03875228017568588,0.0029015764594078064,0.033221837133169174,0.019854463636875153,0.11828610301017761,-0.04389111325144768,-0.0019374937983229756,-0.019373107701539993,0.07135462015867233,0.1015542596578598,0.0005101304268464446,-0.00686663156375289,-0.002601275220513344,0.019021982327103615,-0.0036153828259557486
0.025605320930480957,-0.007424472365528345,0.017066143453121185,-0.00011607517808442935,0.043623361736536026,0.0007375698769465089,-0.0017161670839414,0.00010008516255766153,-0.007164117880165577,-0.00033724206150509417,0.0464726984500885,-0.018053259700536728,-0.09312707930803299,-0.03195126727223396,-0.05593368783593178,0.03768394887447357,0.015311802737414837,-0.2293291836977005,-0.00989652331918478,-0.07943759113550186,-0.005409397184848785,0.029008634388446808,8.644736226415262e-05,0.014091314747929573,0.0012076677521690726,0.01370569784194231,-0.003667405340820551
0.024314969778060913,0.0355568453669548,-0.044853709638118744,-0.0003047352365683764,0.015532608143985271,-0.00041501736268401146,-0.00015989622625056654,7.362223550444469e-05,-0.0013479333138093352,-1.5186660675681196e-05,0.03391985595226288,-0.0021764009725302458,0.07405410706996918,0.047819845378398895,0.03103974275290966,0.018311679363250732,-0.051535800099372864,0.2586204409599304,0.01759224757552147,-0.037401337176561356,0.015537319704890251,0.21856223046779633,4.253838415024802e-05,0.047237932682037354,0.0018519014120101929,0.0029625080060213804,-0.0015840025153011084
0.03496931120753288,-0.007738462649285793,0.01305189449340105,-0.00011383637320250273,0.05832693725824356,-0.0002609510556794703,0.0009469155338592827,2.4940121875260957e-05,-0.006087432149797678,-4.777465801453218e-05,0.04557441174983978,0.010787170380353928,-0.0029528930317610502,-0.003937463741749525,0.010738846845924854,0.06218631565570831,-0.007871555164456367,-0.10934692621231079,-0.002728288760408759,-0.0319061279296875,-0.021953631192445755,0.036532700061798096,1.824260107241571e-05,0.013093671761453152,-0.0025836536660790443,0.007999463938176632,-0.002003125846385956
0.0426524393260479,0.01246750820428133,0.00457941647619009,8.757202886044979e-05,0.01632591336965561,-0.0002429489541100338,-0.0002574714890215546,2.4940125513239764e-05,-0.0025753567460924387,-2.5842162358458154e-05,0.019760455936193466,0.01630810834467411,-0.024993781000375748,0.023548441007733345,0.017223849892616272,-0.013308248482644558,0.009324442595243454,0.07859738171100616,0.02844860963523388,-0.07930204272270203,-0.00998940784484148,-0.02224605157971382,3.245192419853993e-05,0.013167332857847214,0.0020954355131834745,0.010297342203557491,-0.001549858832731843
-0.028865113854408264,-0.0021534382831305265,0.018266165629029274,-0.00013495133316610008,0.05044753849506378,-3.9694168663118035e-07,0.002834692830219865,2.4940125513239764e-05,-0.00634663924574852,-4.777465801453218e-05,0.03830789402127266,-0.011854304932057858,-0.0424027182161808,-0.0621701218187809,0.008425343781709671,0.07548335194587708,-0.14779262244701385,-0.15788428485393524,-0.006510350853204727,0.016820145770907402,-0.04503493010997772,0.1275603175163269,4.253838415024802e-05,0.04157179221510887,0.0034527599345892668,0.011418355628848076,-0.0028866655193269253
-0.02551899664103985,0.001973893493413925,0.01923758164048195,-0.00016975095786619931,0.055664923042058945,-3.9694168663118035e-07,0.006014721468091011,2.4940125513239764e-05,-0.0032914818730205297,-4.777465801453218e-05,0.04439365118741989,-0.008292092941701412,0.02746978960931301,0.020095042884349823,0.03792117163538933,0.19604356586933136,-0.052476666867733,-0.10247485339641571,0.0011598170967772603,0.08445321023464203,0.021403249353170395,0.16033904254436493,4.253838415024802e-05,0.04423384368419647,0.009545164182782173,0.014924677088856697,-0.00270650046877563
-0.0036437243688851595,-0.001140997395850718,0.019149916246533394,-9.247781417798251e-05,-0.02229353040456772,-2.809735269693192e-05,-0.0013561673695221543,2.4940125513239764e-05,-0.006609688047319651,-4.777465801453218e-05,0.051184624433517456,0.02175784669816494,-0.024208836257457733,-0.004608060698956251,-0.04351064935326576,0.027617840096354485,0.07743367552757263,0.04698120430111885,-0.007372781168669462,0.006768796592950821,0.04862632602453232,0.05267089977860451,2.1934569303994067e-05,0.00589962862432003,-0.0009527813526801765,0.016860658302903175,-0.0023644380271434784
-0.013902087695896626,0.005465095397084951,0.01782044768333435,-8.9726694568526e-05,-0.022568536922335625,-1.4162855222821236e-05,-0.0011312210699543357,2.4940125513239764e-05,-0.0027544796466827393,-4.777465801453218e-05,0.049375928938388824,0.03204292058944702,-0.02435540221631527,0.054983191192150116,0.03388426825404167,-0.0390746109187603,-0.07563631236553192,0.035142458975315094,0.0021606222726404667,0.04014381766319275,0.05403827875852585,0.03847338631749153,3.245192419853993e-05,0.03849152475595474,0.012104939669370651,0.017082756385207176,-0.0025500115007162094
-0.013610403053462505,-0.0010554161854088306,0.005588418338447809,-0.00011928114690817893,-0.0172426700592041,-8.358947525266558e-07,0.0002713977883104235,2.4940125513239764e-05,-0.004107112064957619,-9.21264145290479e-05,0.051839593797922134,-0.007618162781000137,0.07383272796869278,0.0867646113038063,0.02297896333038807,0.1189788281917572,0.11583929508924484,0.19856329262256622,-0.0003064446209464222,0.09189734607934952,0.049643486738204956,0.03885621950030327,2.1934569303994067e-05,0.006449919193983078,0.00101148197427392,0.012015673331916332,-0.001906092744320631
-0.03254370763897896,-0.003839150071144104,0.012625299394130707,-7.693847874179482e-05,0.017728151753544807,-0.00026373809669166803,-0.0005404368275776505,2.4940121875260957e-05,0.013494051061570644,0.001011726213619113,0.0518638901412487,0.021698543801903725,0.06043922156095505,0.002890091622248292,0.002161571290344,-0.06906849145889282,0.08307016640901566,0.059212252497673035,-0.004033489152789116,-0.055545683950185776,-0.008222046308219433,-0.01915779337286949,2.0205323380650952e-05,0.01839163526892662,-0.0024035570677369833,0.009071565233170986,-0.0016521851066499949
0.0651455670595169,-0.00041589574539102614,0.01309989858418703,-0.00011383637320250273,-0.03736875206232071,-0.00033660203916952014,-0.0007534315227530897,2.4940121875260957e-05,-0.0028965945821255445,-4.777465801453218e-05,0.031052647158503532,-0.014729039743542671,-0.03854964300990105,0.004683823324739933,-0.0019024411449208856,0.029461579397320747,-0.02794388122856617,-0.02069542557001114,-0.01567336916923523,-0.03261354938149452,-0.027915015816688538,0.03167039901018143,4.253838415024802e-05,0.009705995209515095,0.0031281800474971533,0.02263510599732399,-0.0023684948682785034
0.0860552191734314,0.0004857152234762907,0.012911836616694927,-0.00011383637320250273,-0.03313233703374863,-0.00033660203916952014,-0.0008635107660666108,2.4940121875260957e-05,-0.0033534918911755085,-4.777465801453218e-05,0.016304465010762215,-0.0152347506955266,0.02155553363263607,0.00891752541065216,0.024047305807471275,-0.0073656137101352215,0.016817867755889893,-0.004044956527650356,-0.007863263599574566,-0.04184679687023163,-0.014240830205380917,0.038188669830560684,4.253838415024802e-05,0.011729203164577484,0.006761457771062851,0.026270337402820587,-0.002346979919821024
-0.02694530598819256,0.0070785158313810825,0.011087268590927124,-0.0001623760035727173,0.02866433933377266,-0.0002281948400195688,7.1131071308627725e-06,2.4940121875260957e-05,0.026683861389756203,0.00048566178884357214,0.050975095480680466,0.022004790604114532,-0.019047146663069725,0.02218569815158844,-0.019857514649629593,-0.04123604670166969,0.07398174703121185,-0.06760610640048981,-0.02473800629377365,-0.00690952455624938,-0.040667105466127396,0.16075628995895386,2.4556829885113984e-05,0.020430320873856544,-0.006894516292959452,0.010342956520617008,-0.0031594266183674335
0.021322090178728104,0.016696373000741005,0.018842747434973717,-0.00011383637320250273,-0.06154423952102661,-6.315999780781567e-05,-0.0012412449577823281,2.4940121875260957e-05,-0.008364139124751091,-4.777465801453218e-05,0.03507421165704727,0.00837563257664442,-0.08296631276607513,-0.018269512802362442,-0.03577122464776039,-0.019025087356567383,-0.09989941865205765,-0.0547117181122303,-0.023880423977971077,-0.12945538759231567,-0.06810352206230164,0.0652286484837532,4.253838415024802e-05,-0.0569552443921566,-0.009498100727796555,0.016937268897891045,-0.0016901473281905055
0.0026437609922140837,-0.0019206298748031259,0.003590852255001664,-0.0003895755216944963,-0.017389480024576187,0.0003807690809480846,-0.00010971631854772568,2.4940125513239764e-05,-0.0031649444717913866,-2.0058549125678837e-05,0.052172161638736725,0.014185174368321896,0.03274695947766304,0.04430606961250305,0.0885213315486908,0.2040647268295288,0.16930806636810303,0.26160988211631775,0.024653060361742973,0.06591929495334625,-0.017893752083182335,0.44687125086784363,4.253838415024802e-05,-0.010737081058323383,-0.0009661720832809806,0.010640467517077923,-0.0018165120854973793
0.02976655773818493,0.0019916973542422056,0.009109139442443848,-0.00011383637320250273,-0.0242835134267807,-0.00016213336493819952,-0.000331466639181599,0.00010008516255766153,-0.002403779188171029,-4.777465801453218e-05,0.030516253784298897,0.025298120453953743,0.0014923057751730084,-0.0032548753079026937,0.023720314726233482,-0.011582460254430771,-0.005599328316748142,0.040627576410770416,-0.02280978113412857,-0.03934836760163307,-0.03481826186180115,-0.03179395943880081,3.245192419853993e-05,0.010115216486155987,0.004251526668667793,0.01968599110841751,-0.0025370586663484573
-0.018800221383571625,-6.542646588059142e-06,0.01578989438712597,-6.00188723183237e-05,0.0723174512386322,-5.37155065103434e-05,0.0005900699179619551,2.4940121875260957e-05,0.030872004106640816,-0.0001005074882414192,0.05561096966266632,0.030322453007102013,0.06833204627037048,-0.00016536690236534923,0.02291940525174141,0.09492173045873642,0.11976195871829987,-0.07377351820468903,0.002019560197368264,0.0565338060259819,0.07333464175462723,0.05187542736530304,0.00010270872735418379,0.011820049956440926,0.011624486185610294,-0.05341026559472084,-0.002082259627059102
0.002727117855101824,0.0050191753543913364,-0.05715221166610718,-0.0003656820044852793,0.011452640406787395,-0.0002707779931370169,-0.00020549191685859114,2.4940125513239764e-05,-0.0017453634645789862,-1.84680047823349e-05,0.03722361475229263,0.007330294232815504,-0.13121971487998962,-0.01648382470011711,0.008052951656281948,-0.0735451802611351,0.0008966174791567028,0.09716623276472092,0.005887661594897509,-0.09562882035970688,-0.05263227969408035,-0.12189500033855438,3.245192419853993e-05,0.004313131794333458,0.001536781433969736,0.007117987144738436,-0.0014055457431823015
-0.03704618662595749,0.003330616280436516,0.014179452322423458,-7.477581675630063e-05,0.022897621616721153,-0.00025257933884859085,-0.0009376578382216394,2.4940121875260957e-05,0.016055840998888016,-4.777465801453218e-05,0.05116310715675354,0.026837442070245743,0.020719517022371292,0.021886466071009636,0.02299254760146141,-0.017884887754917145,-0.04695393145084381,0.04424985125660896,0.0028394549153745174,-0.0604381263256073,0.003668929683044553,0.06383495032787323,2.4556829885113984e-05,0.025242742151021957,-2.5770765205379575e-05,0.010542082600295544,-0.001880794414319098
0.01729336380958557,-0.0027343775145709515,0.003943491727113724,-0.00012322733527980745,0.01716284640133381,0.002051569754257798,-0.00046836151159368455,0.00010008516255766153,-0.0013712693471461535,-9.21264145290479e-05,0.049383215606212616,0.022470586001873016,0.0339689701795578,0.03306419029831886,0.030161025002598763,-0.051137883216142654,0.05522104725241661,0.10117630660533905,-0.0005464876885525882,-0.05837065353989601,0.0008947050082497299,0.013746305368840694,0.0005101304268464446,0.01117436308413744,-0.0010281329741701484,0.006898378487676382,-0.001738036866299808
-0.02320030890405178,-0.005537477787584066,0.004584464710205793,-0.0001793085248209536,-0.018386106938123703,-4.172929038759321e-05,-0.00019344377506058663,2.4940125513239764e-05,-0.00245986832305789,-2.5842162358458154e-05,0.019183477386832237,0.014067678712308407,-0.15535719692707062,-0.03559042513370514,0.0036748324055224657,-0.07754705101251602,0.02087605558335781,0.06900816410779953,-0.035950273275375366,-0.11788094788789749,-0.01870342716574669,-0.13932320475578308,3.245192419853993e-05,0.00548028526827693,0.0013597854413092136,0.013172258622944355,-0.0019645383581519127
0.0066725690849125385,-0.0032479555811733007,0.017681388184428215,-0.00033111643278971314,0.0449463315308094,-0.00015960089513100684,0.004209768492728472,2.4940125513239764e-05,-0.003258578944951296,-0.00033724206150509417,0.0466017946600914,0.015630625188350677,-0.11589855700731277,0.01727909967303276,-0.0824095755815506,-0.043820641934871674,0.009586174041032791,-0.092576764523983,-0.015588807873427868,-0.09335850179195404,-0.05371370539069176,-0.011777319014072418,3.245192419853993e-05,0.0059358165599405766,0.0032064246479421854,0.012614487670361996,-0.0029786003287881613
0.016091683879494667,-0.00030325603438541293,0.01324019581079483,-0.00011607517808442935,-0.033864445984363556,-0.0003435587277635932,-0.00033882720163092017,0.00010008516255766153,-0.005957430694252253,-0.00033724206150509417,0.02643546089529991,0.03581063449382782,0.010734571143984795,0.0013845344074070454,-0.08940567076206207,-0.04708545282483101,0.04352586343884468,-0.014278930611908436,-0.009764169342815876,0.0322483591735363,-0.013776371255517006,-0.009757469408214092,3.245192419853993e-05,0.010038659907877445,0.00451379269361496,0.025778284296393394,-0.003303882200270891
-0.001136358710937202,0.018154317513108253,0.020200639963150024,-7.840526814106852e-05,0.06511519104242325,-2.809735269693192e-05,-0.00038554894854314625,1.8565500795375556e-05,0.04279793053865433,-3.2782678317744285e-05,0.04779680818319321,-0.003770028008148074,-0.008076818659901619,0.07379723340272903,-0.004185305442661047,0.12704995274543762,-0.08676594495773315,-0.09767686575651169,0.0031496775336563587,0.0015654282178729773,0.0899970680475235,0.10848045349121094,1.5435931345564313e-05,0.04012439399957657,-0.0007485410897061229,0.009162236005067825,0.05860164761543274
-0.004178968258202076,0.003608155995607376,0.01981780119240284,-0.0001949026045622304,-0.02152906358242035,-8.457975127384998e-06,-0.0014783770311623812,2.4940125513239764e-05,-0.005550341680645943,-3.2782678317744285e-05,0.04917627200484276,0.01927766017615795,-0.0066060530953109264,0.04293479770421982,0.014958932064473629,0.07032614201307297,0.13805513083934784,0.07411396503448486,-0.002766977995634079,-0.0041624633595347404,0.057602409273386,0.04520723223686218,4.253838415024802e-05,0.0066469572484493256,0.0035924832336604595,0.016786521300673485,-0.00251888670027256
-0.03656391426920891,0.0035399082116782665,0.012118279933929443,-8.446788706351072e-05,0.0518844909965992,-0.0002399147197138518,-0.000313791650114581,7.362222822848707e-05,0.025117618963122368,-2.102640428347513e-05,0.05775840952992439,0.04931468516588211,0.04806368425488472,-0.01538525428622961,0.003265069331973791,-0.08236578106880188,-0.11324600875377655,-0.014675263315439224,0.007293234579265118,0.024846086278557777,0.055996526032686234,0.05295395851135254,2.4556829885113984e-05,0.04834454506635666,-0.004019825253635645,-0.04432087391614914,-0.0023882929235696793
-0.03039834089577198,-0.023206612095236778,0.009145047515630722,-0.00016249297186732292,0.07167623937129974,-5.785450048279017e-05,-0.0005828037392348051,2.4940125513239764e-05,0.016711413860321045,-2.102640428347513e-05,0.04315498471260071,-0.014935599640011787,-0.006770271807909012,0.0486258789896965,-0.014938782900571823,0.1393427550792694,-0.03494245931506157,-0.24699032306671143,-0.009513524360954762,-0.018378563225269318,0.04138145595788956,-0.1606774777173996,1.5435931345564313e-05,0.026192018762230873,0.0027978825382888317,-0.055999286472797394,-0.0044787549413740635
-0.029807433485984802,-0.0010198019444942474,0.0034569555427879095,-0.0004688609333243221,0.01749032735824585,-4.3270967580610886e-05,0.0009561854531057179,7.362223550444469e-05,-0.0028249891474843025,-9.21264145290479e-05,0.021214909851551056,-0.015293261036276817,-0.0712994784116745,-0.07272528111934662,0.01574568822979927,-0.07892666012048721,0.03705858811736107,0.06802551448345184,-0.016146427020430565,0.0140365706756711,-0.012340845540165901,0.021892687305808067,4.253838415024802e-05,0.004764137323945761,-0.0016936014872044325,0.008142274804413319,-0.00225055287592113
0.06271273642778397,0.021055560559034348,0.004753406159579754,-0.0003047352365683764,-0.02041357010602951,-0.0003374814405106008,-0.00015286401321645826,5.558139309869148e-05,-0.0022388543002307415,-2.0058549125678837e-05,0.0365111418068409,0.04261917993426323,0.026829004287719727,0.12774233520030975,-0.003075344953685999,0.028100278228521347,-0.09008076041936874,0.23196230828762054,-0.006814174819737673,-0.0002351746370550245,0.02798149734735489,-0.09815502911806107,4.253838415024802e-05,0.06104303151369095,-0.0029170436318963766,0.016472045332193375,0.03718305751681328
-0.02931855618953705,0.0051626418717205524,-0.07191788405179977,-0.00017231078527402133,0.024531975388526917,-3.4961009077960625e-05,0.0006851144134998322,7.362223550444469e-05,-0.004540366120636463,-2.1795372958877124e-05,-0.8514552712440491,-0.004871433135122061,-0.07405985891819,0.03448404371738434,0.0023601835127919912,0.03464686498045921,-0.037391431629657745,0.0077508739195764065,-0.031390756368637085,0.8482000231742859,0.05119394510984421,0.04409927502274513,1.596770016476512e-05,-0.03467869758605957,-0.0023927397560328245,0.019057072699069977,-0.002229599514976144
0.05403377488255501,0.0008412001770921052,0.010457206517457962,-0.0001118836589739658,-0.07120451331138611,-3.16945297527127e-05,-0.00015506564523093402,2.4940121875260957e-05,-0.003950313664972782,-4.777465801453218e-05,0.027415001764893532,0.011310632340610027,0.4817855954170227,0.12426046282052994,0.03678838908672333,0.04593921825289726,0.05111813545227051,-0.012538835406303406,0.06437122821807861,0.7099199295043945,0.0035866503603756428,-0.014776896685361862,1.824260107241571e-05,-0.018702607601881027,-0.0037040463648736477,0.014223556034266949,-0.0011544423177838326
0.04954874515533447,0.001194923883304,0.009935950860381126,-0.0001118836589739658,-0.0819161981344223,-3.16945297527127e-05,-0.00029428451671265066,2.4940121875260957e-05,-0.004464945290237665,-2.839095759554766e-05,0.023644596338272095,0.010036380961537361,0.508478581905365,0.1024797186255455,0.0420512929558754,0.08621925115585327,-0.057442404329776764,-0.11964167654514313,0.062325265258550644,0.7909655570983887,-0.02104337140917778,-0.0027926519978791475,1.824260107241571e-05,-0.05815136432647705,-0.005808351095765829,0.011303817853331566,-0.0011807812843471766
0.02083451673388481,-0.00363751919940114,0.009207637049257755,-0.0001118836589739658,-0.07076598703861237,-3.16945297527127e-05,-0.00010128263966180384,2.4940121875260957e-05,-0.006577563472092152,-4.777465801453218e-05,0.026473212987184525,0.010089527815580368,0.4026167392730713,0.042521316558122635,0.012951537035405636,0.011188844218850136,-0.030389361083507538,-0.0048449719324707985,0.028226766735315323,0.514590859413147,-0.053743377327919006,-0.02746126614511013,1.824260107241571e-05,-0.022448258474469185,-0.005838744807988405,0.011805137619376183,-0.0011154947569593787
-0.0380796380341053,-0.008690699934959412,-0.16564325988292694,-0.00013030547415837646,0.016392765566706657,-6.808438774896786e-05,-0.00025937959435395896,7.362223550444469e-05,-0.005635756999254227,-2.847104951797519e-05,0.015129919163882732,-0.02254566363990307,-0.1139880046248436,-0.05928907170891762,-0.07455433160066605,-0.043932683765888214,-0.06231004744768143,-0.037304531782865524,-0.013312098570168018,-0.12779706716537476,-0.017704885452985764,-0.09585262089967728,3.245192419853993e-05,0.020915545523166656,0.0032391122076660395,0.011398905888199806,-0.0026433004532009363
0.012378624640405178,0.008388231508433819,-0.04970525950193405,-0.00011383637320250273,0.016033248975872993,-0.000167925376445055,-0.00021192153508309275,7.362223550444469e-05,-0.002111125737428665,-1.84680047823349e-05,0.016926182433962822,-0.009213273413479328,-0.039327770471572876,-0.05459980294108391,0.023576492443680763,-0.02950945310294628,-0.0572783499956131,0.13476817309856415,0.0031575809698551893,-0.08631262183189392,0.002368575194850564,-0.12758104503154755,3.245192419853993e-05,0.04136204347014427,0.004038436338305473,0.007901430130004883,-0.0014333033468574286
0.016674799844622612,0.01710185408592224,0.01715228520333767,-0.0001768968068063259,0.05790949985384941,-7.688395271543413e-05,0.0031996145844459534,2.4940121875260957e-05,0.020662156865000725,-0.00016188726294785738,0.042240940034389496,0.012459848076105118,-0.03269042819738388,0.019708620384335518,0.007467401679605246,0.10220542550086975,0.05861863121390343,-0.12881383299827576,-0.00012319537927396595,-0.0508636049926281,0.05125519633293152,0.05704319477081299,5.92162468819879e-05,0.012821856886148453,-0.005640619434416294,0.004922172054648399,-0.001818901626393199
-0.016679344698786736,-0.0005608426290564239,0.007166595198214054,-8.9726694568526e-05,-0.01849440112709999,-1.438340768800117e-05,-0.0001878784823929891,2.4940125513239764e-05,-0.003959460183978081,-2.5842162358458154e-05,0.05914635583758354,0.020657598972320557,-0.010903765447437763,0.02397523634135723,0.02482125721871853,0.020584456622600555,0.028736809268593788,0.22894737124443054,-0.006049329414963722,0.04682330787181854,0.03443948179483414,0.00925089418888092,3.245192419853993e-05,-0.012812694534659386,-0.0037285841535776854,0.015487992204725742,-0.0020669400691986084
0.05477716401219368,0.0027575890999287367,0.011490972712635994,-0.00011383637320250273,0.04449024796485901,-0.00017309942631982267,0.0011703601339831948,2.4940125513239764e-05,0.0004245647869538516,-4.777465801453218e-05,0.034967247396707535,0.01691436767578125,-0.04894459620118141,-0.011809809133410454,0.005260756704956293,-0.05556899681687355,-0.13267512619495392,-0.07555034011602402,0.010966102592647076,-0.04670451954007149,-0.05159812793135643,0.002077727112919092,2.0205323380650952e-05,0.04285359010100365,0.0037938104942440987,0.00739998510107398,-0.0028758207336068153
0.02011728845536709,-0.0005196844576857984,0.005695562809705734,-0.000324180000461638,-0.020084984600543976,-3.255627234466374e-05,-0.0003970768302679062,2.4940125513239764e-05,-0.0024130281526595354,-2.5842162358458154e-05,0.0498838797211647,0.016516709700226784,-0.00046981358900666237,0.10512428730726242,0.029801173135638237,0.03282255679368973,0.04344697669148445,0.19006149470806122,0.00529857911169529,0.05948922038078308,0.018561076372861862,0.015712812542915344,3.245192419853993e-05,0.008803821168839931,0.004604768473654985,0.0179289560765028,-0.00143467599991709
0.02381175383925438,0.0015996875008568168,0.011407764628529549,-0.0003371448547113687,0.056790560483932495,-0.00011744486255338416,-0.0002848682051990181,-7.362221367657185e-05,-0.004353024996817112,-0.00016188726294785738,0.022551516070961952,-0.010015269741415977,0.09183776378631592,0.020029602572321892,0.02441479079425335,0.1718432605266571,0.11295932531356812,-0.13961577415466309,0.0082715367898345,0.07834561914205551,0.00465933233499527,0.06731521338224411,0.00012083286128472537,-0.025212770327925682,0.003357166424393654,0.011528750881552696,-0.0022908071987330914
0.02687886543571949,-0.005363925825804472,0.018358930945396423,-0.00012322733527980745,0.05407482385635376,-6.863721500849351e-05,-0.00039236011798493564,2.4940121875260957e-05,-0.0019599413499236107,0.001011726213619113,0.051330916583538055,-0.003862222423776984,0.0323750264942646,0.005395750980824232,0.05897219479084015,0.2287299931049347,0.13372844457626343,-0.092855304479599,0.05235257372260094,0.06717562675476074,-0.01969493180513382,0.1286516934633255,0.0003100579488091171,-0.02518097124993801,0.0050341603346168995,0.013676434755325317,-0.0019093459704890847
0.021212588995695114,-0.0048795463517308235,0.01320568472146988,-0.00011383637320250273,0.06218314170837402,-0.00023164929007180035,0.0012643694644793868,2.4940121875260957e-05,-0.0080826161429286,-4.777465801453218e-05,0.0452532097697258,-0.01341033261269331,-0.0039403499104082584,0.010725841857492924,0.0069121988490223885,0.08048033714294434,-0.060206908732652664,-0.1552145630121231,-0.006938949227333069,0.042214285582304,-0.017384251579642296,0.05109487473964691,3.245192419853993e-05,-0.0469965822994709,-0.0060076722875237465,0.007229456678032875,-0.002177953952923417
-0.013269422575831413,-0.005120075307786465,0.020940303802490234,-5.062791387899779e-05,0.06267673522233963,9.92486093309708e-07,0.00799031276255846,0.00010008516255766153,-0.007551871705800295,-4.777465801453218e-05,0.04505082219839096,0.025380998849868774,-0.011254613287746906,0.0024794188793748617,0.01821981742978096,0.0884920060634613,-0.010723638348281384,-0.12414661794900894,-0.0078956363722682,-0.039720699191093445,0.04194408282637596,0.050098221749067307,1.824260107241571e-05,0.01916024461388588,-0.00041158776730298996,0.009330547414720058,-0.0036332907620817423
-0.017042657360434532,-0.003562962170690298,0.01243460550904274,-5.062791387899779e-05,-0.04881773889064789,-0.00022191143943928182,-0.00028518898761831224,2.4940121875260957e-05,-0.005292153917253017,-4.777465801453218e-05,0.04844633862376213,-0.012860012240707874,0.08627264201641083,-0.00731649249792099,0.006166740320622921,0.11729934066534042,-0.03481391444802284,-0.0646543875336647,-0.01652531884610653,-0.04609798267483711,0.01912541501224041,-0.030912349000573158,3.245192419853993e-05,0.009748095646500587,-0.00027710164431482553,0.020181363448500633,-0.003235599724575877
0.00523726362735033,0.00795288197696209,0.014633416198194027,-8.903417619876564e-05,-0.011974670924246311,-2.4034781745285727e-05,-0.0002865843998733908,2.4940125513239764e-05,-0.0035540570970624685,-4.777465801453218e-05,0.06220365688204765,-0.009684503078460693,0.020907888188958168,0.10807344317436218,0.03093046322464943,0.25479865074157715,0.21515338122844696,0.11867883056402206,0.012665456160902977,0.127676859498024,0.04109036177396774,0.026947036385536194,3.245192419853993e-05,0.008315500803291798,0.005653426516801119,0.027574630454182625,-0.0030840621329844
0.003103154245764017,0.00761049659922719,0.0146061135455966,-7.693847874179482e-05,-0.01539011113345623,-9.540992323309183e-05,-0.00031268366728909314,2.4940121875260957e-05,-0.0033272108994424343,-4.777465801453218e-05,0.06519711017608643,-0.005771353375166655,0.09504564851522446,0.1408783197402954,0.03850511461496353,0.2765735685825348,0.22434252500534058,0.11030873656272888,0.020145388320088387,0.15147025883197784,0.011867244727909565,0.0980251133441925,3.245192419853993e-05,0.010164370760321617,0.007364939898252487,0.025242771953344345,-0.0019150074804201722
-0.02121560461819172,0.00789906270802021,-0.09082014113664627,-6.75475166644901e-05,0.01852544955909252,-7.627405284438282e-05,-0.00028091855347156525,7.362223550444469e-05,-0.0024238505866378546,-2.847104951797519e-05,0.014457415789365768,-0.0161106139421463,-0.006894838530570269,-0.012240822426974773,0.017372170463204384,-0.02357911877334118,-0.06465152651071548,0.015467478893697262,-0.009222251363098621,-0.07967060804367065,-0.0008133455994538963,-0.06950541585683823,3.245192419853993e-05,0.042548492550849915,0.00901134591549635,0.011431745253503323,-0.0022447649389505386
-0.02086387388408184,0.040469348430633545,0.02257872186601162,-0.00012996638542972505,-0.02912496216595173,-3.6646699300035834e-05,-0.0012201486388221383,2.4940125513239764e-05,-0.002533010672777891,-3.2782678317744285e-05,0.042960502207279205,-0.010421426966786385,0.19794288277626038,0.03210068494081497,0.02224382944405079,0.023835526779294014,0.02363283932209015,0.08788348734378815,0.031922582536935806,-0.008252741768956184,0.012236802838742733,0.03179715573787689,4.253838415024802e-05,-0.02840808965265751,-0.005673472303897142,0.027826352044939995,-0.0027105389162898064
0.05558012053370476,-0.0030335052870213985,0.006675928831100464,-0.00011383637320250273,0.0166274756193161,-0.00014214824477676302,0.0010398447047919035,0.00010008516255766153,-0.003264170140028,-2.5842162358458154e-05,0.046587567776441574,0.026634065434336662,-0.04862486198544502,-0.023213516920804977,0.009265821427106857,-0.04639479145407677,0.00883124116808176,0.09411676228046417,-0.008692581206560135,-0.003876214846968651,-0.029093466699123383,0.035577237606048584,3.245192419853993e-05,0.017671752721071243,0.005552565213292837,0.01012874674052,-0.001657930202782154
0.12998516857624054,0.0002037642552750185,0.01938880793750286,-0.00011141534923808649,0.028122708201408386,-0.00010942082735709846,0.0051359920762479305,2.4940121875260957e-05,0.03455011546611786,-4.777465801453218e-05,0.04792381823062897,0.02746030129492283,-0.001989255892112851,0.05490238592028618,0.0018279401119798422,0.06860684603452682,0.04819239675998688,-0.012309625744819641,0.017980817705392838,0.07411448657512665,-0.010993050411343575,0.119022898375988,2.0205323380650952e-05,-0.019313732162117958,0.0029643988236784935,0.011448525823652744,-0.0013163568219169974
0.04197756201028824,-0.003935141488909721,0.016371242702007294,-0.00011383637320250273,-0.021637022495269775,-0.00032391934655606747,-0.00034903630148619413,2.4940121875260957e-05,-0.0037145994137972593,-4.777465801453218e-05,0.056689608842134476,0.026140447705984116,0.050397563725709915,0.08559518307447433,0.02727324515581131,-0.012840645387768745,0.007297426927834749,0.1014837697148323,-0.010364417918026447,0.04781445115804672,-0.019448503851890564,0.044823601841926575,3.245192419853993e-05,0.012065589427947998,0.010881835594773293,0.021623102948069572,-0.001598495407961309
-0.03413467854261398,0.005581180565059185,0.011599003337323666,-0.00012996638542972505,-0.037540532648563385,-0.00026373809669166803,-0.0003484813205432147,2.4940121875260957e-05,-0.0040145143866539,-4.777465801453218e-05,0.01881341263651848,0.024340622127056122,0.05328131467103958,-0.016707930713891983,0.020646851509809494,-0.005608947481960058,-0.08036650717258453,-0.019615495577454567,0.018938547000288963,-0.05687166750431061,-0.027549106627702713,0.061706237494945526,4.253838415024802e-05,0.05546735227108002,0.012875867076218128,0.020301101729273796,-0.0023511035833507776
-0.02092321589589119,0.007602823432534933,-0.06387204676866531,-0.00013780652079731226,0.017949137836694717,8.552840881748125e-06,-0.00020273264090064913,2.4940125513239764e-05,-0.0012707153800874949,-1.84680047823349e-05,0.04968017712235451,-0.011369699612259865,0.0010991774033755064,0.003979518543928862,0.048563238233327866,-0.01914311945438385,-0.0351945236325264,0.32152050733566284,0.00639759749174118,0.04559556767344475,0.029850445687770844,0.108638696372509,4.253838415024802e-05,0.044345468282699585,0.00756493816152215,0.011127466335892677,-0.001591128995642066
-0.02654965966939926,-0.01991308480501175,0.01605544425547123,-0.0003919654991477728,-0.09356674551963806,-3.5270546504762024e-05,-0.000690316956024617,2.4940125513239764e-05,-0.0048597282730042934,-3.2782678317744285e-05,0.025135423988103867,0.021782631054520607,-0.012202799320220947,-0.03247649967670441,-0.051839958876371384,-0.1174401268362999,-0.11591444909572601,-0.5713863372802734,-0.010178100317716599,-0.031783413141965866,-0.015067069791257381,-0.4319863021373749,4.253838415024802e-05,-0.1730065941810608,-0.014081645756959915,0.010416058823466301,-0.003178501734510064
-0.02314610406756401,-0.014008796773850918,0.017892509698867798,-0.00019729259656742215,-0.02404281683266163,-7.587186701130122e-06,-0.0010626775911077857,2.4940125513239764e-05,-0.0029393399599939585,-3.2782678317744285e-05,0.03844085708260536,0.02922372706234455,0.02761855721473694,-0.0071822116151452065,0.032296501100063324,-0.08791148662567139,-0.0008118828409351408,0.16635119915008545,-0.008244046941399574,0.011169420555233955,0.04899771511554718,-0.21914738416671753,4.253838415024802e-05,-0.04258788377046585,-0.0064367810264229774,0.018156051635742188,-0.0028069678228348494
-0.008456960320472717,-0.018242619931697845,0.005867521744221449,-0.00019729259656742215,-0.02355210669338703,-1.0902213034569286e-05,-0.00033245451049879193,2.4940125513239764e-05,-0.0037670782767236233,-2.0058549125678837e-05,0.03954256325960159,-0.008492385037243366,0.0024835001677274704,-0.012293176725506783,-0.0013756757834926248,0.10907153785228729,-0.007808628957718611,0.20815353095531464,-0.016573196277022362,0.007379732094705105,0.04985636845231056,-0.3160587251186371,4.253838415024802e-05,-0.039088811725378036,-0.002734438283368945,0.0028935791924595833,-0.0024621090851724148
-0.01584739051759243,-0.0005652816034853458,-0.05108720064163208,-6.559480243595317e-05,0.022408558055758476,-2.779191709123552e-05,0.0006190913263708353,2.4940121875260957e-05,-0.0017728370148688555,-1.84680047823349e-05,-0.06673161685466766,-0.006285977549850941,-0.06284458935260773,-0.0036623431369662285,0.07791483402252197,0.16523419320583344,0.017684726044535637,0.2280518263578415,-0.0228116512298584,0.5332125425338745,-0.008257120847702026,0.12598709762096405,4.253838415024802e-05,-0.02246895618736744,0.0038457661867141724,0.007826046086847782,-0.0012672871816903353
